answer_f1,attention_js,attention_output_cos,ce_delta,k_cos,kv_joint_consistency,kv_mse,logit_kl,method,n,readout_loss,readout_output_cos,readout_output_mse,receiver_native_ce,route_overlap,top1_match,translated_ce,v_cos
0.2802487341090282,0.13772793609158335,0.7603503166298782,-0.5184037426952273,0.9166081552726351,0.5904416251370483,37.53452549060778,0.9730147692747818,mse_only,64,4.315735491847513,0.43275943407234,3.748494925919853,4.815199664190004,0.48406597897909315,0.6537997215054929,4.2967959232628345,0.6207713553615447
