answer_f1,attention_js,attention_output_cos,ce_delta,final_answer_exact_match,k_cos,kv_joint_consistency,kv_mse,logit_kl,method,n,readout_loss,readout_output_cos,readout_output_mse,receiver_cache_reconstruction_loss,receiver_native_ce,receiver_prompt_mode,route_overlap,top1_match,translated_ce,v_cos
0.6674717707499411,0.15707433300404872,0.6081489283694989,0.49317322485148907,0.515625,0.8521001118804431,0.3254656462716715,1.7706828427346735,0.8211996217155215,mse_only,64,0.8879153311172401,0.26505764268215315,0.15297297379939323,1.7706828527152538,1.1328588258475065,context_aware,0.6370623025448165,0.7431514104828238,1.6260320506989956,0.41198170820199365
0.5740242155745782,0.15876530241560732,0.5002555619187964,1.6562410974875093,0.390625,0.8521001118804431,0.3254656462716715,1.7706828427346735,2.2250138462136624,mse_only,64,0.8899898889366114,0.27038674856665224,0.16037663750326359,1.7706828527152538,1.196490852162242,context_unaware,0.6395347296234427,0.5659122564829886,2.8527319580316544,0.41198170820199365
