answer_em,answer_f1,attention_output_cos,attention_route_js,attention_route_overlap,ce_delta,k_cos,kv_joint_consistency,kv_mse,kv_relative_mse,logit_kl,method,n,top1_match,v_cos
0.0,0.0,0.10530828041789521,0.48013662333999363,0.31710379464285715,2.1489624977111816,0.06259739056362637,0.11518968903692439,45.64044720160642,1.814958176442555,2.344555616378784,head_shuffle@alpha=1,1,0.0,0.11678178274347115
0.0,0.0,0.2072734194475093,0.17114357949633682,0.5599888392857143,8.21005630493164,0.9306998018707547,0.5415247370089803,4.8171794953606355,0.317251415719511,4.082436561584473,low_rank@alpha=1,1,0.0,0.6132484546729496
0.0,0.6666666666666666,1.0,0.0,1.0,0.0,1.0,1.0000000894069672,0.0,0.0,8.224689917839256e-19,native,1,1.0,1.0
0.0,0.0,0.6458348089030811,0.056182193769408126,0.7180524553571429,2.588064670562744,0.9929356532437461,0.9816564129931586,0.2558681659986957,0.010008450131863356,2.5897293090820312,noise@alpha=1,1,1.0,0.9883167786257607
0.0,0.0,0.9758222039256778,0.014020425733178854,0.7945033482142857,-0.12645387649536133,0.9673094557864326,0.9154267353670937,0.5796211449695485,0.030874863516406288,0.27950534224510193,rope_shift@alpha=1,1,0.0,1.0
0.0,0.6666666666666666,0.9999941821609225,0.6229521442603853,0.23549107142857142,0.0022652149200439453,0.7269847371748516,1.0000000979219164,16.914411710043037,1.0950021835576211,7.286030449904501e-05,token_shuffle@alpha=1,1,1.0,0.19906436811600411
