{
  "args": {
    "model": "/home/yezhe/all_models/hub/models/Qwen/Qwen3-0___6B",
    "data": "/home/yezhe/数据集/HotpotQA/processed/hotpot_dev_context_qa.jsonl",
    "out": "runs/translated_kv_all_controls_smoke",
    "methods": "native,noise,token_shuffle,head_shuffle,low_rank,rope_shift",
    "max_samples": 1,
    "max_context_tokens": 64,
    "max_new_tokens": 4,
    "noise_sigma": 0.1,
    "rank": 16,
    "rope_shift": 4.0,
    "rope_theta": 1000000.0,
    "residual_alphas": [
      1.0
    ],
    "attention_topk": 16,
    "translator_checkpoint": null,
    "seed": 1234,
    "device": "cuda",
    "dtype": "float16",
    "equivalence_atol": null,
    "translator_metadata": null
  },
  "equivalence": [
    {
      "sample": 0,
      "id": "5a8b57f25542995d1e6f1371",
      "max_abs_logit": 0.09375,
      "top1_match": 1.0,
      "atol": 0.25,
      "passed": true
    }
  ],
  "diagnostic_table": [
    {
      "method": "head_shuffle@alpha=1",
      "n": 1,
      "kv_mse": 45.64044720160642,
      "kv_relative_mse": 1.814958176442555,
      "k_cos": 0.06259739056362637,
      "v_cos": 0.11678178274347115,
      "logit_kl": 2.344555616378784,
      "ce_delta": 2.1489624977111816,
      "top1_match": 0.0,
      "attention_route_overlap": 0.31710379464285715,
      "attention_route_js": 0.48013662333999363,
      "attention_output_cos": 0.10530828041789521,
      "kv_joint_consistency": 0.11518968903692439,
      "answer_em": 0.0,
      "answer_f1": 0.0
    },
    {
      "method": "low_rank@alpha=1",
      "n": 1,
      "kv_mse": 4.8171794953606355,
      "kv_relative_mse": 0.317251415719511,
      "k_cos": 0.9306998018707547,
      "v_cos": 0.6132484546729496,
      "logit_kl": 4.082436561584473,
      "ce_delta": 8.21005630493164,
      "top1_match": 0.0,
      "attention_route_overlap": 0.5599888392857143,
      "attention_route_js": 0.17114357949633682,
      "attention_output_cos": 0.2072734194475093,
      "kv_joint_consistency": 0.5415247370089803,
      "answer_em": 0.0,
      "answer_f1": 0.0
    },
    {
      "method": "native",
      "n": 1,
      "kv_mse": 0.0,
      "kv_relative_mse": 0.0,
      "k_cos": 1.0,
      "v_cos": 1.0,
      "logit_kl": 8.224689917839256e-19,
      "ce_delta": 0.0,
      "top1_match": 1.0,
      "attention_route_overlap": 1.0,
      "attention_route_js": 0.0,
      "attention_output_cos": 1.0,
      "kv_joint_consistency": 1.0000000894069672,
      "answer_em": 0.0,
      "answer_f1": 0.6666666666666666
    },
    {
      "method": "noise@alpha=1",
      "n": 1,
      "kv_mse": 0.2558681659986957,
      "kv_relative_mse": 0.010008450131863356,
      "k_cos": 0.9929356532437461,
      "v_cos": 0.9883167786257607,
      "logit_kl": 2.5897293090820312,
      "ce_delta": 2.588064670562744,
      "top1_match": 1.0,
      "attention_route_overlap": 0.7180524553571429,
      "attention_route_js": 0.056182193769408126,
      "attention_output_cos": 0.6458348089030811,
      "kv_joint_consistency": 0.9816564129931586,
      "answer_em": 0.0,
      "answer_f1": 0.0
    },
    {
      "method": "rope_shift@alpha=1",
      "n": 1,
      "kv_mse": 0.5796211449695485,
      "kv_relative_mse": 0.030874863516406288,
      "k_cos": 0.9673094557864326,
      "v_cos": 1.0,
      "logit_kl": 0.27950534224510193,
      "ce_delta": -0.12645387649536133,
      "top1_match": 0.0,
      "attention_route_overlap": 0.7945033482142857,
      "attention_route_js": 0.014020425733178854,
      "attention_output_cos": 0.9758222039256778,
      "kv_joint_consistency": 0.9154267353670937,
      "answer_em": 0.0,
      "answer_f1": 0.0
    },
    {
      "method": "token_shuffle@alpha=1",
      "n": 1,
      "kv_mse": 16.914411710043037,
      "kv_relative_mse": 1.0950021835576211,
      "k_cos": 0.7269847371748516,
      "v_cos": 0.19906436811600411,
      "logit_kl": 7.286030449904501e-05,
      "ce_delta": 0.0022652149200439453,
      "top1_match": 1.0,
      "attention_route_overlap": 0.23549107142857142,
      "attention_route_js": 0.6229521442603853,
      "attention_output_cos": 0.9999941821609225,
      "kv_joint_consistency": 1.0000000979219164,
      "answer_em": 0.0,
      "answer_f1": 0.6666666666666666
    }
  ]
}