{
  "status": "complete",
  "model": "qwen3_4b",
  "samples": 500,
  "conditions": [
    {
      "condition": "question_only",
      "n": 500,
      "em": 0.05,
      "f1": 0.1649104245703694,
      "yes_no_accuracy": 0.0,
      "source_em": 0.05,
      "eos_rate": 0.574,
      "parse_rate": 1.0,
      "by_type": {
        "bridge": {
          "n": 250,
          "em": 0.056,
          "f1": 0.11896593461558058
        },
        "comparison": {
          "n": 250,
          "em": 0.044,
          "f1": 0.21085491452515817
        }
      }
    }
  ]
}