attention_output_cos,attention_route_js,attention_route_overlap,ce_delta,k_cos,kv_joint_consistency,kv_mse,kv_relative_mse,logit_kl,receiver_native_ce,receiver_native_f1,receiver_native_logit_quality,top1_match,translated_ce,translated_f1,v_cos
0.24855082845484894,0.33778447023775826,0.2832994995062888,-1.627106544257913,0.8696698224770704,0.42216460102541276,41.343403768395156,0.44529134659803404,2.7499221142170267,4.690419455570009,0.06765676457767839,-4.690419455570009,0.4046300097834319,3.063312911312096,0.04962442169327008,0.5480224469709876
