{
  "status": "complete",
  "experiment": "P3-E-B Qwen3-8B sender Native Headwise16 to Qwen3-4B",
  "reader_mode": "stage_b_retrained",
  "samples": 16,
  "conditions": {
    "question_only": {
      "n": 16,
      "em": 0.0625,
      "f1": 0.16458333333333333,
      "eos_rate": 1.0,
      "by_type": {
        "bridge": {
          "n": 7,
          "em": 0.0,
          "f1": 0.11904761904761904
        },
        "comparison": {
          "n": 9,
          "em": 0.1111111111111111,
          "f1": 0.19999999999999998
        }
      }
    },
    "gold_full_text": {
      "n": 16,
      "em": 0.4375,
      "f1": 0.6332770698859254,
      "eos_rate": 0.875,
      "by_type": {
        "bridge": {
          "n": 7,
          "em": 0.5714285714285714,
          "f1": 0.7169082125603865
        },
        "comparison": {
          "n": 9,
          "em": 0.3333333333333333,
          "f1": 0.5682306255835667
        }
      }
    },
    "reader_off": {
      "n": 16,
      "em": 0.0625,
      "f1": 0.16458333333333333,
      "eos_rate": 1.0,
      "by_type": {
        "bridge": {
          "n": 7,
          "em": 0.0,
          "f1": 0.11904761904761904
        },
        "comparison": {
          "n": 9,
          "em": 0.1111111111111111,
          "f1": 0.19999999999999998
        }
      }
    },
    "correct_sender_native_headwise16": {
      "n": 16,
      "em": 0.9375,
      "f1": 0.9875,
      "eos_rate": 1.0,
      "by_type": {
        "bridge": {
          "n": 7,
          "em": 0.8571428571428571,
          "f1": 0.9714285714285714
        },
        "comparison": {
          "n": 9,
          "em": 1.0,
          "f1": 1.0
        }
      }
    },
    "hard_shuffled_sender_native_headwise16": {
      "n": 16,
      "em": 0.125,
      "f1": 0.26041666666666663,
      "eos_rate": 1.0,
      "by_type": {
        "bridge": {
          "n": 7,
          "em": 0.0,
          "f1": 0.11904761904761904
        },
        "comparison": {
          "n": 9,
          "em": 0.2222222222222222,
          "f1": 0.37037037037037035
        }
      }
    },
    "oracle_support_sender_native_headwise16": {
      "n": 16,
      "em": 0.8125,
      "f1": 0.83125,
      "eos_rate": 1.0,
      "by_type": {
        "bridge": {
          "n": 7,
          "em": 0.7142857142857143,
          "f1": 0.738095238095238
        },
        "comparison": {
          "n": 9,
          "em": 0.8888888888888888,
          "f1": 0.9037037037037037
        }
      }
    }
  },
  "correct_shuffled_f1_gap": 0.7270833333333334,
  "correct_question_only_f1_gain": 0.8229166666666667,
  "prediction_switch_rate": 0.875,
  "reader_off_exact_output_consistency": 1.0,
  "gates": [
    0.05025707930326462,
    0.04749739170074463,
    0.06219490244984627,
    0.06117617338895798,
    0.05146576464176178,
    0.05262172967195511,
    0.0588856004178524,
    0.06719106435775757,
    0.0543091744184494,
    0.04607587307691574,
    0.060408517718315125,
    0.08123549818992615,
    0.07539225369691849,
    0.07379281520843506,
    0.06017039716243744,
    0.06590667366981506
  ],
  "layer_head_support_attention_mass": {
    "0": [
      0.47295162081718445,
      0.4614882469177246,
      0.46602877974510193,
      0.33098748326301575,
      0.44605380296707153,
      0.4587036073207855,
      0.47110211849212646,
      0.4711913764476776
    ],
    "2": [
      0.33734017610549927,
      0.4046509861946106,
      0.48990508913993835,
      0.35601115226745605,
      0.31965819001197815,
      0.45277905464172363,
      0.45269468426704407,
      0.3952460289001465
    ],
    "5": [
      0.40876007080078125,
      0.438654363155365,
      0.3423086106777191,
      0.31644320487976074,
      0.5105210542678833,
      0.5076993703842163,
      0.5003791451454163,
      0.43855416774749756
    ],
    "7": [
      0.2558611333370209,
      0.14125990867614746,
      0.3517913818359375,
      0.3632645905017853,
      0.3892124891281128,
      0.24501661956310272,
      0.24568094313144684,
      0.46394312381744385
    ],
    "9": [
      0.3217775821685791,
      0.20479217171669006,
      0.12018297612667084,
      0.36098748445510864,
      0.2369949072599411,
      0.46261221170425415,
      0.25584614276885986,
      0.31275516748428345
    ],
    "12": [
      0.3485719561576843,
      0.3611100912094116,
      0.30745095014572144,
      0.17753365635871887,
      0.2378252148628235,
      0.30836066603660583,
      0.2897194027900696,
      0.25055721402168274
    ],
    "14": [
      0.18905729055404663,
      0.528896152973175,
      0.1852881759405136,
      0.323240727186203,
      0.3691066801548004,
      0.2986128330230713,
      0.2044866383075714,
      0.2604789733886719
    ],
    "16": [
      0.3449576497077942,
      0.19713838398456573,
      0.1727062165737152,
      0.15356674790382385,
      0.33191272616386414,
      0.23799625039100647,
      0.2737966477870941,
      0.3415815234184265
    ],
    "19": [
      0.346607506275177,
      0.3005368113517761,
      0.43895089626312256,
      0.4494389295578003,
      0.2056979238986969,
      0.37407636642456055,
      0.45957422256469727,
      0.33515024185180664
    ],
    "21": [
      0.33770042657852173,
      0.13304056227207184,
      0.23651306331157684,
      0.3793123662471771,
      0.25070133805274963,
      0.2724807858467102,
      0.4152778387069702,
      0.36566102504730225
    ],
    "23": [
      0.543745756149292,
      0.35878944396972656,
      0.5979316234588623,
      0.4005354642868042,
      0.2197209596633911,
      0.35092639923095703,
      0.1478307843208313,
      0.4482438266277313
    ],
    "26": [
      0.4837004542350769,
      0.5656639337539673,
      0.40727365016937256,
      0.23968447744846344,
      0.3752005696296692,
      0.36283496022224426,
      0.32915884256362915,
      0.09653761237859726
    ],
    "28": [
      0.3018873631954193,
      0.3848080635070801,
      0.2701185941696167,
      0.36371636390686035,
      0.35108107328414917,
      0.454233318567276,
      0.3388535976409912,
      0.3608953356742859
    ],
    "30": [
      0.43782487511634827,
      0.4812946617603302,
      0.3775581121444702,
      0.5618553161621094,
      0.3308626711368561,
      0.25214695930480957,
      0.40483909845352173,
      0.4665391445159912
    ],
    "33": [
      0.4223855435848236,
      0.3006904721260071,
      0.4789273738861084,
      0.44084152579307556,
      0.4033316969871521,
      0.31573471426963806,
      0.30553585290908813,
      0.33582746982574463
    ],
    "35": [
      0.3300538957118988,
      0.4044639468193054,
      0.5418276786804199,
      0.47762516140937805,
      0.4229050576686859,
      0.5081825256347656,
      0.580163836479187,
      0.28397542238235474
    ]
  },
  "native_path": {
    "sender": "Qwen3-8B",
    "receiver": "Qwen3-4B",
    "memory": "[16,T,8,128]",
    "query": "[B,S,32,128]",
    "gqa_group": 4,
    "output": "[B,S,4096] -> frozen Qwen3-4B native o_proj",
    "writer_loaded": false,
    "canonical_projection_used": false
  },
  "checkpoint": "/home/yezhe/伪查询/runs/p3e_b_sender_native_headwise16_qwen3_8b_to_4b_seed1234/overfit16/reader/checkpoint_best.pt",
  "data": "/home/yezhe/伪查询/runs/p3d3_layer_aligned_native_query_reader_train512_seed1234/cache/native/train/index.json"
}