attention_output_cos,attention_route_js,attention_route_overlap,ce_delta,k_cos,kv_joint_consistency,kv_mse,kv_relative_mse,logit_kl,receiver_native_ce,receiver_native_f1,receiver_native_logit_quality,top1_match,translated_ce,translated_f1,v_cos
-0.009927332400902092,0.5294128254172392,0.08404567322265522,-2.08150253810345,0.013936310673159369,0.00019823572426551952,55.862098863215316,1.1944484982938905,2.1784062231828365,4.690419455570009,0.06765676457767839,-4.690419455570009,0.42169406544417143,2.6089169174665585,0.05999468456644595,0.003908673840978086
