{
  "train": [
    {
      "epoch": 0,
      "step": 0,
      "query_source": "no_context",
      "memory_mode": "topk",
      "layer": 4,
      "alpha": 0.25,
      "memory_tokens": 64,
      "loss": 2.2174887657165527,
      "mse": 0.3983030319213867,
      "cosine_loss": 1.000635027885437,
      "kl": 19.566835403442383,
      "patched_ce": 6.407169818878174,
      "teacher_ce": 2.6258296966552734
    },
    {
      "epoch": 0,
      "step": 1,
      "query_source": "no_context",
      "memory_mode": "topk",
      "layer": 4,
      "alpha": 0.25,
      "memory_tokens": 64,
      "loss": 1.1285368204116821,
      "mse": 0.38338834047317505,
      "cosine_loss": 0.9405841827392578,
      "kl": 5.597011089324951,
      "patched_ce": 2.771810531616211,
      "teacher_ce": 0.41797658801078796
    }
  ],
  "eval_rows": [
    {
      "query_source": "no_context",
      "memory_mode": "topk",
      "layer": 4,
      "alpha": 0.25,
      "memory_tokens": 64,
      "teacher_ce": 2.6258296966552734,
      "no_context_ce": 6.850780963897705,
      "patched_ce": 5.038717269897461,
      "patched_kl": 17.533206939697266,
      "no_context_kl": 19.402379989624023,
      "patched_top1_match": 0.0,
      "no_context_top1_match": 0.0,
      "attn_mse": 0.36327192187309265
    },
    {
      "query_source": "no_context",
      "memory_mode": "topk",
      "layer": 4,
      "alpha": 0.25,
      "memory_tokens": 64,
      "teacher_ce": 0.41797658801078796,
      "no_context_ce": 5.424599647521973,
      "patched_ce": 3.9689576625823975,
      "patched_kl": 5.1777262687683105,
      "no_context_kl": 5.395748138427734,
      "patched_top1_match": 0.0,
      "no_context_top1_match": 0.0,
      "attn_mse": 0.3001464605331421
    }
  ],
  "summary": {
    "layer": 4,
    "alpha": 0.25,
    "memory_tokens": 64.0,
    "teacher_ce": 1.5219031423330307,
    "no_context_ce": 6.137690305709839,
    "patched_ce": 4.503837466239929,
    "patched_kl": 11.355466604232788,
    "no_context_kl": 12.399064064025879,
    "patched_top1_match": 0.0,
    "no_context_top1_match": 0.0,
    "attn_mse": 0.33170919120311737,
    "query_source": "no_context",
    "memory_mode": "topk",
    "cuda_peak_memory_bytes": 0
  }
}