condition,n,accuracy,memory_answer_hit_rate,mean_confidence
a_only,128,0.03125,0.03125,0.14315517502836883
answer_masked,128,0.03125,0.03125,0.14922442566603422
b_only,128,0.0625,0.0625,0.11642278294311836
correct,128,0.046875,0.046875,0.14759422396309674
counterfactual_state_swap,128,0.046875,0.046875,0.14759422396309674
question_only,128,0.0390625,0.0390625,0.14230133988894522
shuffled_state,128,0.03125,0.0625,0.1479120253934525
