all_native_gold_acc,all_token_top1_match,all_translated_gold_acc,critical_matched_native_gold_acc,critical_native_gold_acc,critical_token_count,critical_top1_match,critical_translated_gold_acc,matched_native_correct_count,matched_token_count,matched_token_native_gold_acc,matched_token_translated_gold_acc,method,n,native_ce,native_teacher_forced_answer_f1,native_teacher_forced_final_answer_exact_match,native_top1_gold_acc,noncritical_native_gold_acc,noncritical_top1_match,noncritical_translated_gold_acc,receiver_prompt_mode
0.7664101254194975,0.762763318605721,0.6779905101284385,0.9464601678773761,0.8979374272748828,46.140625,0.830376900266856,0.8147679748944938,79.265625,93.65625,0.8354697236791253,0.8354697236791253,q_aware_functional,64,1.3275520633906126,0.7413268403512361,0.28125,0.7664101254194975,0.682859243825078,0.7168306559324265,0.5884882821701467,context_aware
0.7604136355221272,0.6384330382570624,0.5928998435847461,0.9597239326685667,0.8995322212576866,46.140625,0.7233773162588477,0.722021019551903,69.90625,80.203125,0.8611809248104692,0.8611809248104692,q_aware_functional,64,1.346755071543157,0.7358549908939325,0.359375,0.7604136355221272,0.6729691559448838,0.5817596954293549,0.5073321228846908,context_unaware
