all_native_gold_acc,all_token_top1_match,all_translated_gold_acc,critical_matched_native_gold_acc,critical_native_gold_acc,critical_token_count,critical_top1_match,critical_translated_gold_acc,matched_native_correct_count,matched_token_count,matched_token_native_gold_acc,matched_token_translated_gold_acc,method,n,native_ce,native_teacher_forced_answer_f1,native_teacher_forced_final_answer_exact_match,native_top1_gold_acc,noncritical_native_gold_acc,noncritical_top1_match,noncritical_translated_gold_acc,receiver_prompt_mode
0.2672585272230208,0.8079714588820934,0.2731551043689251,0.24767574076614682,0.23806423950009048,2.90625,0.833723961841315,0.23854166991077363,1.25,3.140625,0.2734597020205997,0.2734597020205997,q_aware_functional,64,7.473837772384286,0.22718467194570133,0.015625,0.2672585272230208,0.39425770412473116,0.6992296935880885,0.41386554696980643,context_aware
0.28938210755586624,0.7262023203074932,0.19771543983370066,0.17966270074248314,0.2513020869810134,2.90625,0.7372829904779792,0.16046007256954908,0.953125,2.8125,0.23989899385543095,0.23989899385543095,q_aware_functional,64,7.335064377635717,0.22495252908855848,0.015625,0.28938210755586624,0.4334733906914206,0.6932773134287666,0.29516806847908916,context_unaware
