{
  "status": "complete",
  "args": {
    "model": "/home/yezhe/all_models/models/Qwen/Qwen3-8B",
    "train_index": "/home/yezhe/伪查询/runs/p2a2_query_output_native_kv_qwen3_8b_seed1234/cache_native_kv_pairs/train/index.json",
    "out": "/home/yezhe/伪查询/runs/p2a2_query_output_native_kv_qwen3_8b_seed1234/train/query_output",
    "config_name": "query_output",
    "query_rank": 32,
    "output_rank": 32,
    "max_pairs": 512,
    "epochs": 2,
    "max_length": 256,
    "max_gate": 0.5,
    "gate_init": 0.01,
    "cf_weight": 0.5,
    "cf_margin": 0.5,
    "negative_weight": 0.5,
    "negative_margin": 0.5,
    "lr": 0.005,
    "weight_decay": 0.0,
    "gradient_accumulation": 4,
    "seed": 1234,
    "device": "cuda",
    "dtype": "float16"
  },
  "pairs": 512,
  "steps": 1024,
  "checkpoint": "/home/yezhe/伪查询/runs/p2a2_query_output_native_kv_qwen3_8b_seed1234/train/query_output/checkpoint_latest.pt",
  "gates": [
    0.009924721904098988,
    0.01123275887221098,
    0.001994906924664974,
    0.013403681106865406,
    -0.003505781991407275,
    0.001398516702465713,
    0.003470315597951412,
    -0.005360366776585579,
    -0.0006362045533023775,
    -0.0007836922304704785,
    0.0004714475944638252,
    0.0016757328994572163,
    0.017222201451659203,
    0.0056480043567717075,
    0.009675496257841587,
    0.007647762540727854,
    0.0023884596303105354,
    0.002192732645198703,
    -0.0018409673357382417,
    -0.010475029237568378,
    -0.008449658751487732,
    -0.00021925089822616428,
    0.006914142984896898,
    0.014477957971394062,
    0.07064121961593628,
    -0.001870906911790371,
    0.07415074855089188,
    -0.003021808573976159,
    -0.005793636664748192,
    0.06451395899057388,
    0.0009244430693797767,
    0.0226750411093235,
    0.014324300922453403,
    0.02190237119793892,
    0.021527506411075592,
    -0.012455811724066734
  ]
}