{
  "status": "complete",
  "args": {
    "model": "/home/yezhe/all_models/models/Qwen/Qwen3-8B",
    "train_index": "/home/yezhe/伪查询/runs/p2a2_query_output_native_kv_qwen3_8b_seed1234/cache_native_kv_pairs/train/index.json",
    "out": "/home/yezhe/伪查询/runs/p2a2_query_output_native_kv_qwen3_8b_seed1234/train/query_only",
    "config_name": "query_only",
    "query_rank": 32,
    "output_rank": 0,
    "max_pairs": 512,
    "epochs": 2,
    "max_length": 256,
    "max_gate": 0.5,
    "gate_init": 0.01,
    "cf_weight": 0.5,
    "cf_margin": 0.5,
    "negative_weight": 0.5,
    "negative_margin": 0.5,
    "lr": 0.005,
    "weight_decay": 0.0,
    "gradient_accumulation": 4,
    "seed": 1234,
    "device": "cuda",
    "dtype": "float16"
  },
  "pairs": 512,
  "steps": 1024,
  "checkpoint": "/home/yezhe/伪查询/runs/p2a2_query_output_native_kv_qwen3_8b_seed1234/train/query_only/checkpoint_latest.pt",
  "gates": [
    0.03378220647573471,
    0.022944321855902672,
    0.05885619297623634,
    0.05011725798249245,
    0.06702974438667297,
    0.02370280586183071,
    0.04534105584025383,
    -0.04977194592356682,
    -0.06515386700630188,
    0.07346618920564651,
    0.012771191075444221,
    0.04184966906905174,
    0.02699788101017475,
    0.08802776783704758,
    0.0651998296380043,
    0.04838956519961357,
    0.09651879966259003,
    0.011578119359910488,
    0.1665385365486145,
    0.13229675590991974,
    -0.10029197484254837,
    0.010308627970516682,
    0.18230722844600677,
    0.1973399519920349,
    0.18533483147621155,
    -0.01476590521633625,
    0.2079557478427887,
    0.1137077733874321,
    0.03521432727575302,
    0.18473978340625763,
    0.11180095374584198,
    0.1303117871284485,
    0.16616743803024292,
    0.09985455870628357,
    0.07407093048095703,
    -0.16586311161518097
  ]
}