answer_f1,attention_js,attention_output_cos,ce_delta,final_answer_exact_match,k_cos,kv_joint_consistency,kv_mse,logit_kl,method,n,readout_loss,readout_output_cos,readout_output_mse,receiver_cache_reconstruction_loss,receiver_native_ce,receiver_prompt_mode,route_overlap,top1_match,translated_ce,v_cos
0.7762679166442352,0.3283356748062134,0.9007486203788883,-0.11021024268120527,0.953125,0.8163819442917075,0.2748034090553928,2.0250376777870165,0.10601593861593878,mse_then_ce,64,1.144831146462317,0.05314572562024604,0.1979768720825632,2.0250376909971237,1.1328588258475065,context_aware,0.5834760955509005,0.9390426762402058,1.0226485831663013,0.36270758181086016
0.6343711572981021,0.32233697692087543,0.6149153307908111,0.4605676745995879,0.875,0.8163819442917075,0.2748034090553928,2.0250376777870165,0.9652988555846809,mse_then_ce,64,1.1275582301786042,0.07598964544961796,0.20354787562822216,2.0250376909971237,1.196490852162242,context_unaware,0.5846770308109828,0.7293644081801176,1.6570585267618299,0.36270758181086016
