attention_output_cos,attention_route_js,attention_route_overlap,ce_delta,k_cos,kv_joint_consistency,kv_mse,kv_relative_mse,logit_kl,receiver_native_ce,receiver_native_f1,receiver_native_logit_quality,top1_match,translated_ce,translated_f1,v_cos
1.595331663395422e-05,0.5260594849907128,0.08487478872120846,-1.9069560590887704,0.008103336866923883,-0.0001942561717506968,55.86724161735661,1.2144658606266603,1.7231191105668906,4.690419455570009,0.06765676457767839,-4.690419455570009,0.42064563534222543,2.7834633964812383,0.05876637795171792,-0.0004633924438175135
