answer_f1,attention_js,attention_output_cos,ce_delta,k_cos,kv_joint_consistency,kv_mse,logit_kl,method,n,readout_loss,readout_output_cos,readout_output_mse,receiver_cache_reconstruction_loss,receiver_native_ce,receiver_prompt_mode,route_overlap,top1_match,translated_ce,v_cos
0.20215420302736478,0.30500191822959877,0.5420981249231513,-3.0257377419620752,0.9021114317168082,0.49438807235336363,34.04191307227224,1.9137454712416702,mse_then_ce,64,5.180531329560316,0.3194337648905535,4.49996509445087,34.04191446304321,7.473837772384286,context_aware,0.48479298312616137,0.4449810665100813,4.448100031353533,0.6084956428967416
0.13046903056094233,0.29927441096515395,0.4139827452683156,-2.7325179278850555,0.9021114317168082,0.49438807235336363,34.04191307227224,2.7481235622795244,mse_then_ce,64,5.020975313850581,0.3556358139474014,4.3766111277979824,34.04191446304321,7.335064377635717,context_unaware,0.4979455329677357,0.3491105283610523,4.602546453475952,0.6084956428967416
