all_native_gold_acc,all_token_top1_match,all_translated_gold_acc,critical_matched_native_gold_acc,critical_native_gold_acc,critical_token_count,critical_top1_match,critical_translated_gold_acc,matched_native_correct_count,matched_token_count,matched_token_native_gold_acc,matched_token_translated_gold_acc,method,n,native_ce,native_teacher_forced_answer_f1,native_teacher_forced_final_answer_exact_match,native_top1_gold_acc,noncritical_native_gold_acc,noncritical_top1_match,noncritical_translated_gold_acc,receiver_prompt_mode
0.7664101254194975,0.7528097936883569,0.6881489055231214,0.9581009028479457,0.8979374272748828,46.140625,0.8325233166106045,0.8369544008746743,79.796875,92.671875,0.8524546157568693,0.8524546157568693,mse_then_ce,64,1.3275520633906126,0.7413268403512361,0.28125,0.7664101254194975,0.682859243825078,0.7010460598394275,0.592398127540946,context_aware
0.7604136355221272,0.6300269211642444,0.5936287217773497,0.9670869763940573,0.8995322212576866,46.140625,0.7205291045829654,0.7374846911989152,69.125,78.984375,0.8619991661980748,0.8619991661980748,mse_then_ce,64,1.346755071543157,0.7358549908939325,0.359375,0.7604136355221272,0.6729691559448838,0.5693599130026996,0.49939081352204084,context_unaware
