answer_f1,attention_js,attention_output_cos,ce_delta,k_cos,kv_joint_consistency,kv_mse,logit_kl,method,n,readout_loss,readout_output_cos,readout_output_mse,receiver_cache_reconstruction_loss,receiver_native_ce,receiver_prompt_mode,route_overlap,top1_match,translated_ce,v_cos
0.16243847298534797,0.15091589518955775,0.5604333274282647,3.5726015269756317,0.9328381242895765,0.5742236690379545,29.441298214678163,4.025028989884953,mse_only,64,3.705720021637717,0.48730250240104006,3.1930225240387564,29.44129964709282,7.473837772384286,context_aware,0.6003766947292856,0.3457487861160189,11.046439303085208,0.6623428108702812
0.09913862179487179,0.1527651080627298,0.5299951855891518,3.8182501643896103,0.9328381242895765,0.5742236690379545,29.441298214678163,4.5767618713057825,mse_only,64,3.7319504583115624,0.5158305890293247,3.2477810473408875,29.44129964709282,7.335064377635717,context_unaware,0.6225569597279121,0.26027124281972647,11.153314497321844,0.6623428108702812
