condition,n,accuracy,memory_answer_hit_rate,mean_confidence
a_only,128,0.0390625,0.0390625,0.028759523964254186
answer_masked,128,0.03125,0.03125,0.028764517250237986
b_only,128,0.0546875,0.0546875,0.028724841060466133
correct,128,0.03125,0.03125,0.02874395092658233
counterfactual_state_swap,128,0.0234375,0.03125,0.02874395092658233
question_only,128,0.03125,0.03125,0.028647525963606313
shuffled_state,128,0.03125,0.0,0.028737591710523702
