all_native_gold_acc,all_token_top1_match,all_translated_gold_acc,critical_matched_native_gold_acc,critical_native_gold_acc,critical_token_count,critical_top1_match,critical_translated_gold_acc,matched_native_correct_count,matched_token_count,matched_token_native_gold_acc,matched_token_translated_gold_acc,method,n,native_ce,native_teacher_forced_answer_f1,native_teacher_forced_final_answer_exact_match,native_top1_gold_acc,noncritical_native_gold_acc,noncritical_top1_match,noncritical_translated_gold_acc,receiver_prompt_mode
0.7664101254194975,0.7734314361587167,0.6955206487327814,0.9593603787943721,0.8979374272748828,46.140625,0.8399276118725538,0.8396512381732464,80.953125,95.0,0.8421730808913708,0.8421730808913708,paper_rec_then_mixed_generation,64,1.3275520633906126,0.7413268403512361,0.28125,0.7664101254194975,0.682859243825078,0.729067012667656,0.6027146042324603,context_aware
0.7604136355221272,0.6584791261702776,0.6135358801111579,0.9610517350956798,0.8995322212576866,46.140625,0.7552859066054225,0.7640255396254361,71.515625,82.265625,0.8586574839428067,0.8586574839428067,paper_rec_then_mixed_generation,64,1.346755071543157,0.7358549908939325,0.359375,0.7604136355221272,0.6729691559448838,0.5936686056666076,0.5152633455581963,context_unaware
