{
  "status": "complete",
  "experiment": "P3-E-K Canonical Information Sufficiency Probe",
  "diagnostic_only_not_reader": true,
  "samples": 64,
  "conditions": {
    "canonical_hard_shuffled": {
      "n": 64,
      "current_answer_em": 0.078125,
      "current_answer_f1": 0.08528645833333333,
      "source_answer_em": 0.109375,
      "source_answer_f1": 0.16778846153846155,
      "support_token_f1": null,
      "support_token_auprc": null,
      "support_sentence_recall_at_2": null,
      "support_sentence_f1": null,
      "source_support_token_f1": 0.6262223286031742,
      "source_support_sentence_recall_at_2": 0.6861979166666667,
      "span_samples": 0,
      "span_em": null,
      "span_token_f1": null,
      "span_top5_hit": null,
      "yesno_samples": 8,
      "yesno_accuracy": 0.625
    },
    "canonical_sample_shuffled": {
      "n": 64,
      "current_answer_em": 0.078125,
      "current_answer_f1": 0.0859375,
      "source_answer_em": 0.171875,
      "source_answer_f1": 0.2552010489510489,
      "support_token_f1": null,
      "support_token_auprc": null,
      "support_sentence_recall_at_2": null,
      "support_sentence_f1": null,
      "source_support_token_f1": 0.6358798424742781,
      "source_support_sentence_recall_at_2": 0.6729166666666666,
      "span_samples": 1,
      "span_em": 0.0,
      "span_token_f1": 0.0,
      "span_top5_hit": 0.0,
      "yesno_samples": 8,
      "yesno_accuracy": 0.625
    },
    "full_text_representation": {
      "n": 64,
      "current_answer_em": 0.125,
      "current_answer_f1": 0.18120265151515152,
      "source_answer_em": 0.125,
      "source_answer_f1": 0.18120265151515152,
      "support_token_f1": 0.6151734330595168,
      "support_token_auprc": 0.6903838438447565,
      "support_sentence_recall_at_2": 0.6364583333333333,
      "support_sentence_f1": 0.5748210123210122,
      "source_support_token_f1": 0.6151734330595168,
      "source_support_sentence_recall_at_2": 0.6364583333333333,
      "span_samples": 56,
      "span_em": 0.05357142857142857,
      "span_token_f1": 0.0698051948051948,
      "span_top5_hit": 0.17857142857142858,
      "yesno_samples": 8,
      "yesno_accuracy": 0.625
    },
    "learned_canonical_kv": {
      "n": 64,
      "current_answer_em": 0.21875,
      "current_answer_f1": 0.30728438228438226,
      "source_answer_em": 0.21875,
      "source_answer_f1": 0.30728438228438226,
      "support_token_f1": 0.6393166075118352,
      "support_token_auprc": 0.734697871375829,
      "support_sentence_recall_at_2": 0.6572916666666667,
      "support_sentence_f1": 0.5673110743423243,
      "source_support_token_f1": 0.6393166075118352,
      "source_support_sentence_recall_at_2": 0.6572916666666667,
      "span_samples": 56,
      "span_em": 0.16071428571428573,
      "span_token_f1": 0.1993271221532091,
      "span_top5_hit": 0.48214285714285715,
      "yesno_samples": 8,
      "yesno_accuracy": 0.625
    },
    "question_only_zero_memory": {
      "n": 64,
      "current_answer_em": 0.171875,
      "current_answer_f1": 0.23266369047619048,
      "source_answer_em": 0.171875,
      "source_answer_f1": 0.23266369047619048,
      "support_token_f1": 0.5284191909896216,
      "support_token_auprc": 0.5533819666597992,
      "support_sentence_recall_at_2": 0.47187499999999993,
      "support_sentence_f1": 0.5558506597569097,
      "source_support_token_f1": 0.5284191909896216,
      "source_support_sentence_recall_at_2": 0.47187499999999993,
      "span_samples": 56,
      "span_em": 0.10714285714285714,
      "span_token_f1": 0.15935374149659862,
      "span_top5_hit": 0.14285714285714285,
      "yesno_samples": 8,
      "yesno_accuracy": 0.5
    },
    "sender_native_kv": {
      "n": 64,
      "current_answer_em": 0.265625,
      "current_answer_f1": 0.3185447045644414,
      "source_answer_em": 0.265625,
      "source_answer_f1": 0.3185447045644414,
      "support_token_f1": 0.6521597235230511,
      "support_token_auprc": 0.7320280051790178,
      "support_sentence_recall_at_2": 0.6651041666666667,
      "support_sentence_f1": 0.5817635489510489,
      "source_support_token_f1": 0.6521597235230511,
      "source_support_sentence_recall_at_2": 0.6651041666666667,
      "span_samples": 56,
      "span_em": 0.21428571428571427,
      "span_token_f1": 0.23520081109366825,
      "span_top5_hit": 0.44642857142857145,
      "yesno_samples": 8,
      "yesno_accuracy": 0.625
    }
  },
  "canonical_correct_minus_sample_shuffled_current_answer_f1": 0.22134688228438226,
  "canonical_correct_minus_hard_shuffled_current_answer_f1": 0.22199792395104895,
  "interpretation_rules": {
    "A": "Canonical near Native and Full-text: information sufficient; execution interface is bottleneck.",
    "B": "Native high, Canonical low: C2 Writer/Canonical interface loses critical content.",
    "C": "Native and Canonical low, Full-text high: selected KV representation is insufficient for this probe.",
    "D": "Supporting localization high, answer span low: facts exist but relational/multi-hop composition is not decoded."
  },
  "probe_checkpoints": {
    "text": "/home/yezhe/伪查询/runs/p3e_k_canonical_information_sufficiency_probe_seed1234/formal512/text/checkpoint_best.pt",
    "native": "/home/yezhe/伪查询/runs/p3e_k_canonical_information_sufficiency_probe_seed1234/formal512/native/checkpoint_best.pt",
    "canonical": "/home/yezhe/伪查询/runs/p3e_k_canonical_information_sufficiency_probe_seed1234/formal512/canonical/checkpoint_best.pt",
    "zero": "/home/yezhe/伪查询/runs/p3e_k_canonical_information_sufficiency_probe_seed1234/formal512/zero/checkpoint_best.pt"
  }
}