{
  "status": "complete",
  "args": {
    "model": "/home/yezhe/all_models/models/Qwen/Qwen3-4B",
    "train_index": "/home/yezhe/伪查询/runs/p2g1_native_reader_qwen3_4b_seed1234/cache/train/index.json",
    "out": "/home/yezhe/伪查询/runs/p2g1_native_reader_qwen3_4b_seed1234/train",
    "config_name": "query_only",
    "query_rank": 32,
    "output_rank": 0,
    "max_pairs": 512,
    "epochs": 2,
    "max_length": 256,
    "max_gate": 0.5,
    "gate_init": 0.01,
    "cf_weight": 0.5,
    "cf_margin": 0.5,
    "negative_weight": 0.5,
    "negative_margin": 0.5,
    "lr": 0.005,
    "weight_decay": 0.0,
    "gradient_accumulation": 4,
    "seed": 1234,
    "device": "cuda",
    "dtype": "float16"
  },
  "pairs": 512,
  "steps": 1024,
  "checkpoint": "/home/yezhe/伪查询/runs/p2g1_native_reader_qwen3_4b_seed1234/train/checkpoint_latest.pt",
  "freeze_audit": {
    "receiver_trainable_parameters": 0,
    "reader_trainable_parameters": 9437220,
    "optimizer_matches_reader": true
  },
  "gates": [
    -0.004396433942019939,
    -0.008196074515581131,
    0.0016118304338306189,
    0.008006266318261623,
    0.015013550408184528,
    -0.03520648181438446,
    -0.007826268672943115,
    -0.08312099426984787,
    0.004168092273175716,
    0.019453607499599457,
    0.027581991627812386,
    -0.026069197803735733,
    -0.03475230559706688,
    -0.024837998673319817,
    0.058687493205070496,
    0.016310418024659157,
    0.02958093024790287,
    0.06463205069303513,
    0.08393062651157379,
    0.086803138256073,
    0.06066213548183441,
    0.19108565151691437,
    0.16046467423439026,
    0.24979794025421143,
    0.262567400932312,
    -0.0511762835085392,
    0.29073524475097656,
    0.21780480444431305,
    0.189416766166687,
    0.23573289811611176,
    0.04392053186893463,
    0.13111276924610138,
    0.11078841239213943,
    0.14175927639007568,
    0.18405944108963013,
    0.07856985181570053
  ]
}