{
  "status": "complete",
  "experiment": "P3-E-I Adapter-Augmented Reader QA-only",
  "samples": 64,
  "conditions": {
    "question_only": {
      "n": 64,
      "em": 0.171875,
      "f1": 0.2837907936549819,
      "eos_rate": 0.953125,
      "by_type": {
        "bridge": {
          "n": 32,
          "em": 0.15625,
          "f1": 0.23322555322966507
        },
        "comparison": {
          "n": 32,
          "em": 0.1875,
          "f1": 0.3343560340802988
        }
      }
    },
    "current_c1_reader": {
      "n": 64,
      "em": 0.375,
      "f1": 0.49378720238095236,
      "eos_rate": 1.0,
      "by_type": {
        "bridge": {
          "n": 32,
          "em": 0.25,
          "f1": 0.4594494047619048
        },
        "comparison": {
          "n": 32,
          "em": 0.5,
          "f1": 0.528125
        }
      }
    },
    "c1_reader_plus_lora_qa_only": {
      "n": 64,
      "em": 0.359375,
      "f1": 0.45758928571428575,
      "eos_rate": 1.0,
      "by_type": {
        "bridge": {
          "n": 32,
          "em": 0.3125,
          "f1": 0.4808035714285714
        },
        "comparison": {
          "n": 32,
          "em": 0.40625,
          "f1": 0.434375
        }
      }
    },
    "hard_shuffled_lora": {
      "n": 64,
      "em": 0.203125,
      "f1": 0.22219551282051284,
      "eos_rate": 0.953125,
      "by_type": {
        "bridge": {
          "n": 32,
          "em": 0.0625,
          "f1": 0.0673076923076923
        },
        "comparison": {
          "n": 32,
          "em": 0.34375,
          "f1": 0.3770833333333333
        }
      }
    },
    "oracle_support_lora": {
      "n": 64,
      "em": 0.359375,
      "f1": 0.4794126400560224,
      "eos_rate": 0.953125,
      "by_type": {
        "bridge": {
          "n": 32,
          "em": 0.28125,
          "f1": 0.4567419467787115
        },
        "comparison": {
          "n": 32,
          "em": 0.4375,
          "f1": 0.5020833333333333
        }
      }
    },
    "reader_off": {
      "n": 64,
      "em": 0.171875,
      "f1": 0.2837907936549819,
      "eos_rate": 0.953125,
      "by_type": {
        "bridge": {
          "n": 32,
          "em": 0.15625,
          "f1": 0.23322555322966507
        },
        "comparison": {
          "n": 32,
          "em": 0.1875,
          "f1": 0.3343560340802988
        }
      }
    }
  },
  "lora_minus_c1_f1": -0.03619791666666661,
  "correct_shuffled_f1_gap": 0.23539377289377292,
  "prediction_switch_rate": 0.796875,
  "reader_off_exact_output_consistency": 1.0,
  "lora_metadata": {
    "receiver_layers": [
      28,
      29,
      30,
      31,
      32,
      33,
      34,
      35
    ],
    "targets": [
      "q_proj",
      "v_proj",
      "o_proj",
      "down_proj"
    ],
    "rank": 8,
    "alpha": 16.0,
    "dropout": 0.0,
    "base_receiver_frozen": true,
    "c1_reader_frozen": true
  },
  "lora_diagnostics": {
    "layers.28.q_proj": {
      "rank": 8,
      "alpha": 16.0,
      "scaling": 2.0,
      "a_norm": 2.076833486557007,
      "b_norm": 1.7782248258590698,
      "effective_update_frobenius": 3.1469554901123047,
      "base_weight_frobenius": 77.28028869628906,
      "effective_to_base_norm_ratio": 0.040721321609962086
    },
    "layers.28.v_proj": {
      "rank": 8,
      "alpha": 16.0,
      "scaling": 2.0,
      "a_norm": 2.1248886585235596,
      "b_norm": 0.9142215847969055,
      "effective_update_frobenius": 1.7235153913497925,
      "base_weight_frobenius": 40.597900390625,
      "effective_to_base_norm_ratio": 0.04245331346612674
    },
    "layers.28.o_proj": {
      "rank": 8,
      "alpha": 16.0,
      "scaling": 2.0,
      "a_norm": 2.182079553604126,
      "b_norm": 1.3067492246627808,
      "effective_update_frobenius": 2.623361110687256,
      "base_weight_frobenius": 72.45845031738281,
      "effective_to_base_norm_ratio": 0.036205040256814744
    },
    "layers.28.down_proj": {
      "rank": 8,
      "alpha": 16.0,
      "scaling": 2.0,
      "a_norm": 2.9041965007781982,
      "b_norm": 1.3682358264923096,
      "effective_update_frobenius": 3.257844924926758,
      "base_weight_frobenius": 120.64740753173828,
      "effective_to_base_norm_ratio": 0.027003024694664313
    },
    "layers.29.q_proj": {
      "rank": 8,
      "alpha": 16.0,
      "scaling": 2.0,
      "a_norm": 2.1349000930786133,
      "b_norm": 1.6251376867294312,
      "effective_update_frobenius": 2.7814455032348633,
      "base_weight_frobenius": 81.05364227294922,
      "effective_to_base_norm_ratio": 0.034316107521341344
    },
    "layers.29.v_proj": {
      "rank": 8,
      "alpha": 16.0,
      "scaling": 2.0,
      "a_norm": 2.0565640926361084,
      "b_norm": 0.849973201751709,
      "effective_update_frobenius": 1.550187349319458,
      "base_weight_frobenius": 38.831668853759766,
      "effective_to_base_norm_ratio": 0.039920698622494706
    },
    "layers.29.o_proj": {
      "rank": 8,
      "alpha": 16.0,
      "scaling": 2.0,
      "a_norm": 2.138162851333618,
      "b_norm": 1.3933641910552979,
      "effective_update_frobenius": 2.621184825897217,
      "base_weight_frobenius": 75.26763153076172,
      "effective_to_base_norm_ratio": 0.034824861266239585
    },
    "layers.29.down_proj": {
      "rank": 8,
      "alpha": 16.0,
      "scaling": 2.0,
      "a_norm": 2.938089609146118,
      "b_norm": 1.3672375679016113,
      "effective_update_frobenius": 3.3035340309143066,
      "base_weight_frobenius": 122.65937042236328,
      "effective_to_base_norm_ratio": 0.026932585904680346
    },
    "layers.30.q_proj": {
      "rank": 8,
      "alpha": 16.0,
      "scaling": 2.0,
      "a_norm": 2.15211820602417,
      "b_norm": 1.9314093589782715,
      "effective_update_frobenius": 3.624302864074707,
      "base_weight_frobenius": 74.40062713623047,
      "effective_to_base_norm_ratio": 0.04871333755612659
    },
    "layers.30.v_proj": {
      "rank": 8,
      "alpha": 16.0,
      "scaling": 2.0,
      "a_norm": 2.102565288543701,
      "b_norm": 0.8387855887413025,
      "effective_update_frobenius": 1.6466821432113647,
      "base_weight_frobenius": 41.11164474487305,
      "effective_to_base_norm_ratio": 0.04005391059954417
    },
    "layers.30.o_proj": {
      "rank": 8,
      "alpha": 16.0,
      "scaling": 2.0,
      "a_norm": 2.2609400749206543,
      "b_norm": 1.3476871252059937,
      "effective_update_frobenius": 2.5310301780700684,
      "base_weight_frobenius": 74.63129425048828,
      "effective_to_base_norm_ratio": 0.03391379184146346
    },
    "layers.30.down_proj": {
      "rank": 8,
      "alpha": 16.0,
      "scaling": 2.0,
      "a_norm": 2.977079391479492,
      "b_norm": 1.3364639282226562,
      "effective_update_frobenius": 3.4388084411621094,
      "base_weight_frobenius": 124.22087097167969,
      "effective_to_base_norm_ratio": 0.027683016664293885
    },
    "layers.31.q_proj": {
      "rank": 8,
      "alpha": 16.0,
      "scaling": 2.0,
      "a_norm": 2.0481607913970947,
      "b_norm": 1.5835416316986084,
      "effective_update_frobenius": 2.66273832321167,
      "base_weight_frobenius": 75.96491241455078,
      "effective_to_base_norm_ratio": 0.03505221343086328
    },
    "layers.31.v_proj": {
      "rank": 8,
      "alpha": 16.0,
      "scaling": 2.0,
      "a_norm": 2.0018563270568848,
      "b_norm": 0.8389374017715454,
      "effective_update_frobenius": 1.5236762762069702,
      "base_weight_frobenius": 42.729164123535156,
      "effective_to_base_norm_ratio": 0.03565893008816739
    },
    "layers.31.o_proj": {
      "rank": 8,
      "alpha": 16.0,
      "scaling": 2.0,
      "a_norm": 2.146418333053589,
      "b_norm": 1.3210320472717285,
      "effective_update_frobenius": 2.4783332347869873,
      "base_weight_frobenius": 76.84919738769531,
      "effective_to_base_norm_ratio": 0.03224930538030323
    },
    "layers.31.down_proj": {
      "rank": 8,
      "alpha": 16.0,
      "scaling": 2.0,
      "a_norm": 3.010084629058838,