{
  "status": "complete",
  "experiment": "P3-E-F Reader scale study",
  "train_scale": 1024,
  "validation_samples": 64,
  "conditions": {
    "question_only": {
      "n": 64,
      "em": 0.171875,
      "f1": 0.2837907936549819,
      "eos_rate": 0.953125,
      "average_output_tokens": 9.40625,
      "by_type": {
        "bridge": {
          "n": 32,
          "em": 0.15625,
          "f1": 0.23322555322966507
        },
        "comparison": {
          "n": 32,
          "em": 0.1875,
          "f1": 0.3343560340802988
        }
      }
    },
    "correct_canonical": {
      "n": 64,
      "em": 0.375,
      "f1": 0.4693576388888889,
      "eos_rate": 1.0,
      "average_output_tokens": 4.0,
      "by_type": {
        "bridge": {
          "n": 32,
          "em": 0.375,
          "f1": 0.5355902777777778
        },
        "comparison": {
          "n": 32,
          "em": 0.375,
          "f1": 0.403125
        }
      },
      "supporting_fact_attention_mass": 0.33241369620579153
    },
    "hard_shuffled_canonical": {
      "n": 64,
      "em": 0.15625,
      "f1": 0.16490384615384618,
      "eos_rate": 0.984375,
      "average_output_tokens": 5.453125,
      "by_type": {
        "bridge": {
          "n": 32,
          "em": 0.03125,
          "f1": 0.036057692307692304
        },
        "comparison": {
          "n": 32,
          "em": 0.28125,
          "f1": 0.29375
        }
      }
    },
    "oracle_support_canonical": {
      "n": 64,
      "em": 0.375,
      "f1": 0.49026972418419795,
      "eos_rate": 0.953125,
      "average_output_tokens": 7.078125,
      "by_type": {
        "bridge": {
          "n": 32,
          "em": 0.34375,
          "f1": 0.5080983709273184
        },
        "comparison": {
          "n": 32,
          "em": 0.40625,
          "f1": 0.4724410774410774
        }
      }
    },
    "reader_off": {
      "n": 64,
      "em": 0.171875,
      "f1": 0.2837907936549819,
      "eos_rate": 0.953125,
      "average_output_tokens": 9.40625,
      "by_type": {
        "bridge": {
          "n": 32,
          "em": 0.15625,
          "f1": 0.23322555322966507
        },
        "comparison": {
          "n": 32,
          "em": 0.1875,
          "f1": 0.3343560340802988
        }
      }
    }
  },
  "correct_shuffled_f1_gap": 0.3044537927350427,
  "prediction_switch_rate": 0.875,
  "reader_off_exact_output_consistency": 1.0,
  "reader_gates": [
    0.41405802965164185,
    0.2821824848651886,
    0.2770054340362549,
    0.27240729331970215,
    0.3003460168838501,
    0.25267016887664795,
    0.26574862003326416,
    0.0933823361992836,
    0.3532961308956146,
    0.36922770738601685,
    0.4937329590320587,
    0.5120236277580261,
    0.4407963156700134,
    0.37444615364074707,
    0.6205270886421204,
    0.4420597553253174
  ],
  "reader_canonical_head_usage": [
    [
      0.05813215672969818,
      0.06686784327030182,
      0.06100723519921303,
      0.06399276107549667,
      0.06131034344434738,
      0.06368965655565262,
      0.061154283583164215,
      0.06384571641683578,
      0.06584171205759048,
      0.059158287942409515,
      0.05980966240167618,
      0.06519033759832382,
      0.062215227633714676,
      0.06278477609157562,
      0.06716875731945038,
      0.05783124268054962
    ],
    [
      0.06278994679450989,
      0.06221006065607071,
      0.060763195157051086,
      0.06423680484294891,
      0.05991283431649208,
      0.06508716195821762,
      0.0630120038986206,
      0.061987996101379395,
      0.06063562631607056,
      0.06436438113451004,
      0.06379930675029755,
      0.06120069697499275,
      0.061790138483047485,
      0.06320986151695251,
      0.06189381331205368,
      0.06310618668794632
    ],
    [
      0.06283700466156006,
      0.06216299161314964,
      0.06142691522836685,
      0.06357308477163315,
      0.06106498837471008,
      0.06393501162528992,
      0.0620090551674366,
      0.0629909485578537,
      0.06323234736919403,
      0.06176764890551567,
      0.06249554455280304,
      0.06250444799661636,
      0.0591512992978096,
      0.0658486932516098,
      0.06201582029461861,
      0.0629841759800911
    ],
    [
      0.060393255203962326,
      0.06460674107074738,
      0.06279946863651276,
      0.06220052391290665,
      0.06149297207593918,
      0.06350703537464142,
      0.06076148524880409,
      0.0642385184764862,
      0.06514177471399307,
      0.05985822528600693,
      0.06075308471918106,
      0.06424690783023834,
      0.06591127067804337,
      0.05908873677253723,
      0.06469705700874329,
      0.060302942991256714
    ],
    [
      0.06369493156671524,
      0.06130506843328476,
      0.06268471479415894,
      0.062315281480550766,
      0.06289264559745789,
      0.06210734695196152,
      0.06310391426086426,
      0.06189608573913574,
      0.06571392714977264,
      0.05928606912493706,
      0.06118377298116684,
      0.06381622701883316,
      0.06352334469556808,
      0.061476655304431915,
      0.06697965413331985,
      0.058020345866680145
    ],
    [
      0.06232225522398949,
      0.06267774105072021,
      0.06626252084970474,
      0.05873747915029526,
      0.06092875450849533,
      0.06407124549150467,
      0.062461111694574356,
      0.06253888458013535,
      0.06287682801485062,
      0.062123171985149384,
      0.06523187458515167,
      0.059768129140138626,
      0.06434374302625656,
      0.06065625697374344,
      0.060779646039009094,
      0.0642203539609909
    ],
    [
      0.06208151951432228,
      0.06291848421096802,
      0.06513376533985138,
      0.05986623466014862,
      0.06248437985777855,
      0.06251561641693115,
      0.06284824013710022,
      0.06215175241231918,
      0.06474197655916214,
      0.06025802344083786,
      0.06438158452510834,
      0.060618411749601364,
      0.06125651299953461,
      0.0637434870004654,
      0.06311380118131638,
      0.061886198818683624
    ],
    [
      0.06337786465883255,
      0.06162213906645775,
      0.061280518770217896,
      0.0637194812297821,
      0.0640459731221199,
      0.06095403432846069,
      0.06017798185348511,
      0.06482201814651489,
      0.06320974230766296,
      0.061790257692337036,
      0.06073072552680969,
      0.06426927447319031,
      0.06373192369937897,
      0.06126807630062103,
      0.05961046367883682,
      0.06538954377174377
    ],
    [
      0.061535730957984924,
      0.06346426904201508,
      0.06399929523468018,
      0.06100069731473923,
      0.0606326162815094,
      0.0643673837184906,
      0.06180037930607796,
      0.06319962441921234,
      0.06421047449111938,
      0.060789529234170914,
      0.06310103833675385,
      0.06189896538853645,
      0.06289302557706833,
      0.06210697814822197,
      0.06195885315537453,
      0.06304114311933517
    ],
    [
      0.06274925917387009,
      0.06225074082612991,
      0.06308133900165558,
      0.06191866099834442,
      0.06219992786645889,
      0.0628000795841217,
      0.06150906905531883,
      0.06349092721939087,
      0.06308767944574356,
      0.061912328004837036,
      0.06486594676971436,
      0.06013404577970505,
      0.0603596568107605,
      0.0646403506398201,
      0.0609678290784359,
      0.0640321671962738
    ],
    [
      0.06554031372070312,
      0.05945968255400658,
      0.060852453112602234,
      0.06414754688739777,
      0.06202739477157593,
      0.06297260522842407,
      0.06393550336360931,
      0.06106449291110039,
      0.06394955515861511,
      0.06105044484138489,
      0.0638262927532196,
      0.061173707246780396,
      0.06276325136423111,
      0.06223674863576889,
      0.06238795071840286,
      0.06261204928159714
    ],
    [
      0.06023235619068146,
      0.06476764380931854,
      0.06291640549898148,
      0.062083594501018524,
      0.0638512670993805,
      0.061148736625909805,
      0.0624290332198143,
      0.0625709742307663,
      0.06487617641687393,
