condition,n,accuracy,memory_answer_hit_rate,mean_confidence
a_only,128,0.03125,0.03125,0.03372413327451795
answer_masked,128,0.0390625,0.0390625,0.03371666296152398
b_only,128,0.03125,0.03125,0.033685169531963766
correct,128,0.03125,0.03125,0.03372916390071623
counterfactual_state_swap,128,0.03125,0.03125,0.03372916390071623
question_only,128,0.03125,0.03125,0.03364282811526209
shuffled_state,128,0.0390625,0.03125,0.033729920571204275
