{
  "status": "complete",
  "teacher_index": "/home/yezhe/\u4f2a\u67e5\u8be2/runs/p2g_reverse_qwen3_8b_to_4b_seed1234/step1_native_reader/cache/train/index.json",
  "pairs": 512,
  "examples": 1024,
  "shape": [
    36,
    8
  ],
  "minimum": 1.5541884899139404,
  "maximum": 18.52288055419922,
  "mean": 2.5480122566223145
}