attention_output_cos,attention_output_cos_ci95_high,attention_output_cos_ci95_low,attention_route_js,attention_route_js_ci95_high,attention_route_js_ci95_low,attention_route_overlap,attention_route_overlap_ci95_high,attention_route_overlap_ci95_low,ce_delta,ce_delta_ci95_high,ce_delta_ci95_low,k_cos,k_cos_ci95_high,k_cos_ci95_low,kv_joint_consistency,kv_joint_consistency_ci95_high,kv_joint_consistency_ci95_low,kv_mse,kv_mse_ci95_high,kv_mse_ci95_low,kv_relative_mse,kv_relative_mse_ci95_high,kv_relative_mse_ci95_low,logit_kl,logit_kl_ci95_high,logit_kl_ci95_low,method,n,top1_match,top1_match_ci95_high,top1_match_ci95_low,v_cos,v_cos_ci95_high,v_cos_ci95_low
0.25286295446016993,0.26265546143327795,0.24359740885201486,0.33176963392907055,0.3339732630360491,0.32971797119792295,0.2992143696995169,0.3052404515824622,0.2930411227262344,-1.8973745610564947,-1.1235540402121842,-2.785865095560439,0.8763046447254186,0.8772671293866422,0.8752334405734602,0.42558707026390563,0.4299791173062528,0.4209737196905085,40.5252135342146,41.36770209656929,39.684850896245514,0.4371360740624368,0.4402987397019127,0.43433476670886323,2.900238895596918,3.43001764367076,2.4211434483080403,pure_translate/mse_then_ce,64,0.39650128898210824,0.4786062247178051,0.31576121589168904,0.5524243178162058,0.5563265535974227,0.5483427200726251
