attention_output_cos,attention_route_js,attention_route_overlap,ce_delta,k_cos,kv_joint_consistency,kv_mse,kv_relative_mse,logit_kl,receiver_native_ce,receiver_native_f1,receiver_native_logit_quality,top1_match,translated_ce,translated_f1,v_cos
0.2347947082617533,0.34382955111920765,0.2876136107443017,-1.690328884333212,0.8726616473868489,0.41894717291039085,41.369679165157194,0.4458119562789631,2.7977940367963123,4.690419455570009,0.06765676457767839,-4.690419455570009,0.4216500991024077,3.0000905712367967,0.05729178350888877,0.5431321475937564
