{
  "status": "complete",
  "experiment": "P3-E-A receiver_native_headwise16",
  "samples": 16,
  "conditions": {
    "question_only": {
      "n": 16,
      "em": 0.0625,
      "f1": 0.16458333333333333,
      "eos_rate": 1.0,
      "by_type": {
        "bridge": {
          "n": 7,
          "em": 0.0,
          "f1": 0.11904761904761904
        },
        "comparison": {
          "n": 9,
          "em": 0.1111111111111111,
          "f1": 0.19999999999999998
        }
      }
    },
    "gold_full_text": {
      "n": 16,
      "em": 0.4375,
      "f1": 0.6332770698859254,
      "eos_rate": 0.875,
      "by_type": {
        "bridge": {
          "n": 7,
          "em": 0.5714285714285714,
          "f1": 0.7169082125603865
        },
        "comparison": {
          "n": 9,
          "em": 0.3333333333333333,
          "f1": 0.5682306255835667
        }
      }
    },
    "reader_off": {
      "n": 16,
      "em": 0.0625,
      "f1": 0.16458333333333333,
      "eos_rate": 1.0,
      "by_type": {
        "bridge": {
          "n": 7,
          "em": 0.0,
          "f1": 0.11904761904761904
        },
        "comparison": {
          "n": 9,
          "em": 0.1111111111111111,
          "f1": 0.19999999999999998
        }
      }
    },
    "correct_receiver_native_headwise16": {
      "n": 16,
      "em": 0.9375,
      "f1": 0.96875,
      "eos_rate": 1.0,
      "by_type": {
        "bridge": {
          "n": 7,
          "em": 0.8571428571428571,
          "f1": 0.9285714285714286
        },
        "comparison": {
          "n": 9,
          "em": 1.0,
          "f1": 1.0
        }
      }
    },
    "hard_shuffled_receiver_native_headwise16": {
      "n": 16,
      "em": 0.125,
      "f1": 0.23660714285714285,
      "eos_rate": 0.9375,
      "by_type": {
        "bridge": {
          "n": 7,
          "em": 0.0,
          "f1": 0.11904761904761904
        },
        "comparison": {
          "n": 9,
          "em": 0.2222222222222222,
          "f1": 0.328042328042328
        }
      }
    },
    "oracle_support_receiver_native_headwise16": {
      "n": 16,
      "em": 0.625,
      "f1": 0.7854166666666667,
      "eos_rate": 1.0,
      "by_type": {
        "bridge": {
          "n": 7,
          "em": 0.42857142857142855,
          "f1": 0.5857142857142856
        },
        "comparison": {
          "n": 9,
          "em": 0.7777777777777778,
          "f1": 0.9407407407407408
        }
      }
    }
  },
  "correct_shuffled_f1_gap": 0.7321428571428572,
  "correct_question_only_f1_gain": 0.8041666666666667,
  "prediction_switch_rate": 0.875,
  "reader_off_exact_output_consistency": 1.0,
  "gates": [
    0.04646272584795952,
    0.05297661945223808,
    0.06212325394153595,
    0.05464752018451691,
    0.054730433970689774,
    0.05752461403608322,
    0.054182667285203934,
    0.07052402198314667,
    0.0551973432302475,
    0.04918373376131058,
    0.06697871536016464,
    0.07904545217752457,
    0.0695396438241005,
    0.0817880928516388,
    0.06759975850582123,
    0.07255233079195023
  ],
  "layer_head_support_attention_mass": {
    "0": [
      0.48254790902137756,
      0.4350145757198334,
      0.423439085483551,
      0.4017144739627838,
      0.47171029448509216,
      0.45623502135276794,
      0.347748339176178,
      0.4614664316177368
    ],
    "2": [
      0.26849091053009033,
      0.3787027597427368,
      0.4917272627353668,
      0.46031445264816284,
      0.4169235825538635,
      0.4362456202507019,
      0.4152173101902008,
      0.34496212005615234
    ],
    "5": [
      0.3577781319618225,
      0.2064753919839859,
      0.3853150010108948,
      0.4736171364784241,
      0.5204927921295166,
      0.5088461637496948,
      0.3929126262664795,
      0.40658038854599
    ],
    "7": [
      0.22326740622520447,
      0.12459774315357208,
      0.16324061155319214,
      0.38311681151390076,
      0.31814253330230713,
      0.2636391818523407,
      0.36579835414886475,
      0.44100892543792725
    ],
    "9": [
      0.39262858033180237,
      0.4285328686237335,
      0.11970475316047668,
      0.2959063649177551,
      0.29564157128334045,
      0.41209176182746887,
      0.2725313603878021,
      0.250813364982605
    ],
    "12": [
      0.33236464858055115,
      0.24832671880722046,
      0.34663671255111694,
      0.2529624402523041,
      0.3113609850406647,
      0.3423285484313965,
      0.22372126579284668,
      0.3693758249282837
    ],
    "14": [
      0.16499947011470795,
      0.38346147537231445,
      0.22583261132240295,
      0.32249730825424194,
      0.3409882187843323,
      0.42567726969718933,
      0.1484217792749405,
      0.20043306052684784
    ],
    "16": [
      0.2706910967826843,
      0.2752285897731781,
      0.2499416172504425,
      0.10413588583469391,
      0.4120068848133087,
      0.24853911995887756,
      0.20283764600753784,
      0.236781507730484
    ],
    "19": [
      0.41187146306037903,
      0.21378426253795624,
      0.32794445753097534,
      0.4160015285015106,
      0.15801283717155457,
      0.3426787257194519,
      0.4666914939880371,
      0.3504314124584198
    ],
    "21": [
      0.2670966386795044,
      0.19918158650398254,
      0.2346174120903015,
      0.4411693811416626,
      0.28440022468566895,
      0.2986377477645874,
      0.36609622836112976,
      0.3706083297729492
    ],
    "23": [
      0.3011797070503235,
      0.3220214247703552,
      0.38684338331222534,
      0.33803266286849976,
      0.2282230705022812,
      0.2805413603782654,
      0.15758073329925537,
      0.42121103405952454
    ],
    "26": [
      0.3959693908691406,
      0.33950990438461304,
      0.24071165919303894,
      0.20018348097801208,
      0.42702850699424744,
      0.42203035950660706,
      0.2868974804878235,
      0.21654513478279114
    ],
    "28": [
      0.4017643332481384,
      0.386482298374176,
      0.3203667998313904,
      0.5002313852310181,
      0.3979446291923523,
      0.2672479748725891,
      0.3639358878135681,
      0.3343392014503479
    ],
    "30": [
      0.3576999604701996,
      0.38608798384666443,
      0.3783360719680786,
      0.43933945894241333,
      0.3382919430732727,
      0.3674183785915375,
      0.24071726202964783,
      0.45292240381240845
    ],
    "33": [
      0.20517654716968536,
      0.2999458312988281,
      0.3120315670967102,
      0.41160374879837036,
      0.40440255403518677,
      0.4774951636791229,
      0.38623762130737305,
      0.3012838363647461
    ],
    "35": [
      0.42314985394477844,
      0.42667803168296814,
      0.3119831681251526,
      0.4542706310749054,
      0.476986825466156,
      0.47677648067474365,
      0.47886645793914795,
      0.31667453050613403
    ]
  },
  "native_path": {
    "memory": "[16,T,8,128]",
    "query": "[B,S,32,128]",
    "gqa_group": 4,
    "output": "[B,S,4096] -> frozen native o_proj",
    "canonical_projection_used": false
  },
  "checkpoint": "/home/yezhe/伪查询/runs/p3e_a_receiver_native_headwise16_qwen3_4b_seed1234/overfit16/reader/checkpoint_best.pt",
  "data": "/home/yezhe/伪查询/runs/p3e_a_receiver_native_headwise16_qwen3_4b_seed1234/cache/train/index.json"
}