condition,n,accuracy,memory_answer_hit_rate,mean_confidence
a_only,128,0.0234375,0.0234375,0.21763186831958592
answer_masked,128,0.0234375,0.0234375,0.1801421254640445
b_only,128,0.015625,0.015625,0.16850758087821305
correct,128,0.03125,0.03125,0.15027138293953612
counterfactual_state_swap,128,0.03125,0.03125,0.15027138293953612
question_only,128,0.03125,0.03125,0.14804095798172057
shuffled_state,128,0.03125,0.015625,0.15030425478471443
