{
  "status": "complete",
  "experiment": "C3-A strict fresh Reader initialization audit",
  "fully_random": {
    "runs": [
      {
        "path": "/home/yezhe/伪查询/runs/p3e_c3_c4_strict_reader_head_ablation_second_receiver_seed1234/c3a/random_seed1234/eval/SUCCESS.json",
        "correct_em": 0.265625,
        "correct_f1": 0.3372961956521739,
        "bridge_f1": 0.37771739130434784,
        "comparison_f1": 0.296875,
        "correct_shuffled_gap": 0.041983695652173914,
        "prediction_switch_rate": 0.6875,
        "reader_off_consistency": 1.0
      },
      {
        "path": "/home/yezhe/伪查询/runs/p3e_c3_c4_strict_reader_head_ablation_second_receiver_seed1234/c3a/random_seed2345/eval/SUCCESS.json",
        "correct_em": 0.359375,
        "correct_f1": 0.438921522556391,
        "bridge_f1": 0.362218045112782,
        "comparison_f1": 0.515625,
        "correct_shuffled_gap": 0.1714228753702438,
        "prediction_switch_rate": 0.65625,
        "reader_off_consistency": 1.0
      }
    ],
    "aggregate": {
      "correct_em": {
        "mean": 0.3125,
        "std": 0.046875,
        "minimum": 0.265625
      },
      "correct_f1": {
        "mean": 0.38810885910428244,
        "std": 0.05081266345210855,
        "minimum": 0.3372961956521739
      },
      "bridge_f1": {
        "mean": 0.3699677182085649,
        "std": 0.007749673095782922,
        "minimum": 0.362218045112782
      },
      "comparison_f1": {
        "mean": 0.40625,
        "std": 0.109375,
        "minimum": 0.296875
      },
      "correct_shuffled_gap": {
        "mean": 0.10670328551120886,
        "std": 0.06471958985903495,
        "minimum": 0.041983695652173914
      },
      "prediction_switch_rate": {
        "mean": 0.671875,
        "std": 0.015625,
        "minimum": 0.65625
      },
      "reader_off_consistency": {
        "mean": 1.0,
        "std": 0.0,
        "minimum": 1.0
      }
    }
  },
  "weak_pair": {
    "runs": [
      {
        "path": "/home/yezhe/伪查询/runs/p3e_c3_c4_strict_reader_head_ablation_second_receiver_seed1234/c3a/weak_pair_seed1234/eval/SUCCESS.json",
        "correct_em": 0.34375,
        "correct_f1": 0.43515624999999997,
        "bridge_f1": 0.38906250000000003,
        "comparison_f1": 0.48125,
        "correct_shuffled_gap": 0.17786458333333327,
        "prediction_switch_rate": 0.8125,
        "reader_off_consistency": 1.0
      },
      {
        "path": "/home/yezhe/伪查询/runs/p3e_c3_c4_strict_reader_head_ablation_second_receiver_seed1234/c3a/weak_pair_seed2345/eval/SUCCESS.json",
        "correct_em": 0.375,
        "correct_f1": 0.46370738636363634,
        "bridge_f1": 0.3836647727272728,
        "comparison_f1": 0.54375,
        "correct_shuffled_gap": 0.2173532196969697,
        "prediction_switch_rate": 0.796875,
        "reader_off_consistency": 1.0
      }
    ],
    "aggregate": {
      "correct_em": {
        "mean": 0.359375,
        "std": 0.015625,
        "minimum": 0.34375
      },
      "correct_f1": {
        "mean": 0.44943181818181815,
        "std": 0.014275568181818188,
        "minimum": 0.43515624999999997
      },
      "bridge_f1": {
        "mean": 0.3863636363636364,
        "std": 0.0026988636363636243,
        "minimum": 0.3836647727272728
      },
      "comparison_f1": {
        "mean": 0.5125,
        "std": 0.031249999999999972,
        "minimum": 0.48125
      },
      "correct_shuffled_gap": {
        "mean": 0.19760890151515148,
        "std": 0.01974431818181821,
        "minimum": 0.17786458333333327
      },
      "prediction_switch_rate": {
        "mean": 0.8046875,
        "std": 0.0078125,
        "minimum": 0.796875
      },
      "reader_off_consistency": {
        "mean": 1.0,
        "std": 0.0,
        "minimum": 1.0
      }
    }
  },
  "claim_rule": "Public learnable onboarding is judged from both fully-random seeds; weak-pair runs are an optimization-prior ablation."
}