{
  "epoch": 4,
  "mean_train_loss": 0.00015808380196144105,
  "validation_loss": 0.2231841248801718,
  "validation_base_answer_preference": 0.984375,
  "validation_counterfactual_answer_preference": 0.984375,
  "validation_paired_answer_preference": 0.96875
}