variant,writer_base_em,writer_cf_em,writer_paired,native_paired,raw_paired,route_kl,readout_cosine,binding_error
task_only,0.03125,0.078125,0.0,0.984375,0.0,17.95098537641267,0.041576799760504296,0.002033920281974133
shared_span_relation,0.03125,0.03125,0.0,0.984375,0.0,17.846569174279768,0.03967976355781704,0.0020822329843213083
