variant,writer_base_em,writer_cf_em,writer_paired,native_paired,raw_paired,route_kl,readout_cosine,binding_error
matched_task_only,0.640625,0.75,0.5,0.984375,0.0,17.99449619402488,0.029617185293697428,0.004182079517704551
reader_aligned,0.984375,0.9375,0.921875,0.984375,0.0,17.32736040155093,0.1162503762870478,0.004073828893524478
