{
  "status": "complete",
  "experiment": "P3-E-B Qwen3-8B sender Native Headwise16 to Qwen3-4B",
  "reader_mode": "stage_b_retrained",
  "samples": 64,
  "conditions": {
    "question_only": {
      "n": 64,
      "em": 0.171875,
      "f1": 0.2837907936549819,
      "eos_rate": 0.953125,
      "by_type": {
        "bridge": {
          "n": 32,
          "em": 0.15625,
          "f1": 0.23322555322966507
        },
        "comparison": {
          "n": 32,
          "em": 0.1875,
          "f1": 0.3343560340802988
        }
      }
    },
    "gold_full_text": {
      "n": 64,
      "em": 0.25,
      "f1": 0.40983000528813956,
      "eos_rate": 0.640625,
      "by_type": {
        "bridge": {
          "n": 32,
          "em": 0.46875,
          "f1": 0.6608480553739421
        },
        "comparison": {
          "n": 32,
          "em": 0.03125,
          "f1": 0.15881195520233732
        }
      }
    },
    "reader_off": {
      "n": 64,
      "em": 0.171875,
      "f1": 0.2837907936549819,
      "eos_rate": 0.953125,
      "by_type": {
        "bridge": {
          "n": 32,
          "em": 0.15625,
          "f1": 0.23322555322966507
        },
        "comparison": {
          "n": 32,
          "em": 0.1875,
          "f1": 0.3343560340802988
        }
      }
    },
    "correct_sender_native_headwise16": {
      "n": 64,
      "em": 0.359375,
      "f1": 0.46282467532467536,
      "eos_rate": 1.0,
      "by_type": {
        "bridge": {
          "n": 32,
          "em": 0.25,
          "f1": 0.4176136363636364
        },
        "comparison": {
          "n": 32,
          "em": 0.46875,
          "f1": 0.5080357142857144
        }
      }
    },
    "hard_shuffled_sender_native_headwise16": {
      "n": 64,
      "em": 0.1875,
      "f1": 0.20802083333333335,
      "eos_rate": 0.984375,
      "by_type": {
        "bridge": {
          "n": 32,
          "em": 0.0625,
          "f1": 0.06770833333333333
        },
        "comparison": {
          "n": 32,
          "em": 0.3125,
          "f1": 0.34833333333333333
        }
      }
    },
    "oracle_support_sender_native_headwise16": {
      "n": 64,
      "em": 0.375,
      "f1": 0.5066302910052911,
      "eos_rate": 0.96875,
      "by_type": {
        "bridge": {
          "n": 32,
          "em": 0.28125,
          "f1": 0.49613095238095245
        },
        "comparison": {
          "n": 32,
          "em": 0.46875,
          "f1": 0.5171296296296297
        }
      }
    }
  },
  "correct_shuffled_f1_gap": 0.254803841991342,
  "correct_question_only_f1_gain": 0.17903388166969347,
  "prediction_switch_rate": 0.796875,
  "reader_off_exact_output_consistency": 1.0,
  "gates": [
    0.2309793382883072,
    0.15230171382427216,
    0.23744305968284607,
    0.2165261059999466,
    0.22205691039562225,
    0.1947486847639084,
    0.22520075738430023,
    0.09983228147029877,
    0.2524566650390625,
    0.26001790165901184,
    0.35022464394569397,
    0.3719887435436249,
    0.34623977541923523,
    0.3261776566505432,
    0.4160091280937195,
    0.3053072690963745
  ],
  "layer_head_support_attention_mass": {
    "0": [
      0.3835359215736389,
      0.37412840127944946,
      0.38481616973876953,
      0.2704894542694092,
      0.35238853096961975,
      0.30690187215805054,
      0.36763009428977966,
      0.3861405849456787
    ],
    "2": [
      0.3667565584182739,
      0.26440921425819397,
      0.40224117040634155,
      0.31454703211784363,
      0.21948227286338806,
      0.41785162687301636,
      0.36463621258735657,
      0.17742346227169037
    ],
    "5": [
      0.20402397215366364,
      0.22611838579177856,
      0.4066682755947113,
      0.22220012545585632,
      0.2921445667743683,
      0.38530099391937256,
      0.41641879081726074,
      0.2095404863357544
    ],
    "7": [
      0.18020641803741455,
      0.13999393582344055,
      0.1244722381234169,
      0.1607377529144287,
      0.33820608258247375,
      0.24932286143302917,
      0.26301175355911255,
      0.4375842809677124
    ],
    "9": [
      0.2265627384185791,
      0.31937116384506226,
      0.21255740523338318,
      0.21517089009284973,
      0.17006641626358032,
      0.3072974979877472,
      0.332574725151062,
      0.2998916804790497
    ],
    "12": [
      0.2308155596256256,
      0.27961114048957825,
      0.2851833701133728,
      0.23778995871543884,
      0.1921912282705307,
      0.2348489910364151,
      0.17241598665714264,
      0.3637346923351288
    ],
    "14": [
      0.14117860794067383,
      0.333793044090271,
      0.2687121629714966,
      0.33843567967414856,
      0.1924511045217514,
      0.20045128464698792,
      0.10691460967063904,
      0.39855116605758667
    ],
    "16": [
      0.25336533784866333,
      0.19819511473178864,
      0.2820306718349457,
      0.23829549551010132,
      0.3046671748161316,
      0.22895552217960358,
      0.27721554040908813,
      0.2975108325481415
    ],
    "19": [
      0.3910744786262512,
      0.2772020101547241,
      0.41293567419052124,
      0.32913661003112793,
      0.1976936012506485,
      0.18850699067115784,
      0.37863481044769287,
      0.28696781396865845
    ],
    "21": [
      0.21565285325050354,
      0.15542501211166382,
      0.37169140577316284,
      0.2719874680042267,
      0.35908588767051697,
      0.40825018286705017,
      0.3931233882904053,
      0.3491235673427582
    ],
    "23": [
      0.29230552911758423,
      0.43631571531295776,
      0.4575890600681305,
      0.4683419466018677,
      0.23286378383636475,
      0.22766003012657166,
      0.18407277762889862,
      0.3933384418487549
    ],
    "26": [
      0.286860853433609,
      0.36930224299430847,
      0.35925933718681335,
      0.254402756690979,
      0.31130358576774597,
      0.3197713792324066,
      0.29571661353111267,
      0.13731640577316284
    ],
    "28": [
      0.35721269249916077,
      0.4246332347393036,
      0.2967871427536011,
      0.33712512254714966,
      0.2132529318332672,
      0.3001694679260254,
      0.3743455708026886,
      0.4031829237937927
    ],
    "30": [
      0.2991669476032257,
      0.39661234617233276,
      0.2885189652442932,
      0.33049991726875305,
      0.2312905192375183,
      0.11969304084777832,
      0.348143994808197,
      0.3854726552963257
    ],
    "33": [
      0.4379897117614746,
      0.31982433795928955,
      0.24680501222610474,
      0.33458995819091797,
      0.33024418354034424,
      0.28774380683898926,
      0.20440493524074554,
      0.3905770480632782
    ],
    "35": [
      0.32052019238471985,
      0.29914090037345886,
      0.369381308555603,
      0.393290638923645,
      0.25783511996269226,
      0.42211365699768066,
      0.335741251707077,
      0.35165461897850037
    ]
  },
  "native_path": {
    "sender": "Qwen3-8B",
    "receiver": "Qwen3-4B",
    "memory": "[16,T,8,128]",
    "query": "[B,S,32,128]",
    "gqa_group": 4,
    "output": "[B,S,4096] -> frozen Qwen3-4B native o_proj",
    "writer_loaded": false,
    "canonical_projection_used": false
  },
  "checkpoint": "/home/yezhe/伪查询/runs/p3e_b_sender_native_headwise16_qwen3_8b_to_4b_seed1234/formal512/reader/checkpoint_best.pt",
  "data": "/home/yezhe/伪查询/runs/p3d3_layer_aligned_native_query_reader_train512_seed1234/cache/native/validation/index.json"
}