{
  "train": [
    {
      "epoch": 0,
      "step": 0,
      "query_source": "no_context",
      "memory_mode": "topk",
      "layer": 12,
      "alpha": 0.75,
      "memory_tokens": 64,
      "loss": 2.6414146423339844,
      "mse": 0.7049820423126221,
      "cosine_loss": 0.9893694519996643,
      "kl": 19.94156265258789,
      "patched_ce": 7.414806842803955,
      "teacher_ce": 2.6258296966552734
    },
    {
      "epoch": 0,
      "step": 1,
      "query_source": "no_context",
      "memory_mode": "topk",
      "layer": 12,
      "alpha": 0.75,
      "memory_tokens": 64,
      "loss": 1.8044202327728271,
      "mse": 1.017348051071167,
      "cosine_loss": 0.9836546182632446,
      "kl": 5.703694820404053,
      "patched_ce": 3.0515639781951904,
      "teacher_ce": 0.41797658801078796
    }
  ],
  "eval_rows": [
    {
      "query_source": "no_context",
      "memory_mode": "topk",
      "layer": 12,
      "alpha": 0.75,
      "memory_tokens": 64,
      "teacher_ce": 2.6258296966552734,
      "no_context_ce": 6.850780963897705,
      "patched_ce": 3.346652030944824,
      "patched_kl": 17.136045455932617,
      "no_context_kl": 19.402379989624023,
      "patched_top1_match": 0.0,
      "no_context_top1_match": 0.0,
      "attn_mse": 0.6616511344909668
    },
    {
      "query_source": "no_context",
      "memory_mode": "topk",
      "layer": 12,
      "alpha": 0.75,
      "memory_tokens": 64,
      "teacher_ce": 0.41797658801078796,
      "no_context_ce": 5.424599647521973,
      "patched_ce": 4.076249599456787,
      "patched_kl": 5.272132873535156,
      "no_context_kl": 5.395748138427734,
      "patched_top1_match": 0.0,
      "no_context_top1_match": 0.0,
      "attn_mse": 0.7244995832443237
    }
  ],
  "summary": {
    "layer": 12,
    "alpha": 0.75,
    "memory_tokens": 64.0,
    "teacher_ce": 1.5219031423330307,
    "no_context_ce": 6.137690305709839,
    "patched_ce": 3.7114508152008057,
    "patched_kl": 11.204089164733887,
    "no_context_kl": 12.399064064025879,
    "patched_top1_match": 0.0,
    "no_context_top1_match": 0.0,
    "attn_mse": 0.6930753588676453,
    "query_source": "no_context",
    "memory_mode": "topk",
    "cuda_peak_memory_bytes": 0
  }
}