attention_js,attention_output_cos,condition,n,output_mse,route_overlap
-6.996629466269968e-11,1.0,native,1792,0.0,1.0
0.0,0.5601695734076202,native_k_translated_v,1792,1.5595035734597462,1.0
0.31928378913601463,0.33823757366102264,translated,1792,3.482510858043887,0.41475281775014344
0.31928378913601463,0.5223921896457406,translated_k_native_v,1792,7.251181408967698,0.41475281775014344
