answer_f1,attention_output_cos,ce_delta,condition,condition_ce,kv_joint_consistency,logit_kl,n,receiver_native_ce,top1_match
0.3658296130952381,0.9999999246959175,0.0,native,4.815199664190004,1.0000001462841674,7.825744814266473e-09,64,4.815199664190004,1.0
0.1718246673669468,0.7849760432478173,1.5004872493445873,native_k_translated_v,6.315686927642673,0.6789426789681393,1.8503671136374278,64,4.815199664190004,0.5115428880089894
0.16015625,0.4406735582825994,7.920744745759293,translated,12.735944397133608,0.44058847985953825,6.609754250010726,64,4.815199664190004,0.19605316827073693
0.15815972222222222,0.44886669138629387,8.944800296405447,translated_k_native_v,13.759999990164147,0.6575715614022296,7.064992119809633,64,4.815199664190004,0.20319095137529075
