{
  "status": "complete",
  "mode": "full",
  "best_epoch": 25,
  "validation": {
    "loss": 0.21542323706671596,
    "content_loss": 0.20298212114721537,
    "accuracy": 0.96875,
    "paired_consistency": 0.953125
  }
}