condition,n,exact_match,answer_f1,contains_gold,mean_generated_tokens
question_only,128,0.0703125,0.12182849702380953,0.09375,5.8203125
a_only,128,0.109375,0.17454443400167086,0.1171875,4.9375
b_only,128,0.1015625,0.16927409670008353,0.1171875,4.8125
a_plus_b,128,0.1015625,0.16759998955722638,0.1171875,4.9140625
mismatched_a_plus_b,128,0.0859375,0.15359949352548036,0.09375,4.7734375
shuffled_a_plus_b,128,0.1015625,0.16759998955722638,0.1171875,4.9140625
