all_native_gold_acc,all_token_top1_match,all_translated_gold_acc,critical_matched_native_gold_acc,critical_native_gold_acc,critical_token_count,critical_top1_match,critical_translated_gold_acc,matched_native_correct_count,matched_token_count,matched_token_native_gold_acc,matched_token_translated_gold_acc,method,n,native_ce,native_teacher_forced_answer_f1,native_teacher_forced_final_answer_exact_match,native_top1_gold_acc,noncritical_native_gold_acc,noncritical_top1_match,noncritical_translated_gold_acc,receiver_prompt_mode
0.7664101254194975,0.7476010909304023,0.6776404236443341,0.9493294516578317,0.8979374272748828,46.140625,0.8082481776364148,0.8011146602220833,79.375,92.3125,0.8507054438814521,0.8507054438814521,mse_only,64,1.3275520633906126,0.7413268403512361,0.28125,0.7664101254194975,0.682859243825078,0.7063575899228454,0.5967789390124381,context_aware
0.7604136355221272,0.5862638955004513,0.5612982320599258,0.9639339903369546,0.8995322212576866,46.140625,0.6932451627217233,0.6966229067184031,66.28125,74.265625,0.888107099570334,0.888107099570334,mse_only,64,1.346755071543157,0.7358549908939325,0.359375,0.7604136355221272,0.6729691559448838,0.5150120058096945,0.47224274976179004,context_unaware
