{
  "status": "complete",
  "teacher_index": "/home/yezhe/伪查询/runs/p2g1_native_reader_qwen3_4b_seed1234/cache/train/index.json",
  "pairs": 512,
  "examples": 1024,
  "shape": [
    36,
    8
  ],
  "minimum": 1.5541884899139404,
  "maximum": 18.52288055419922,
  "mean": 2.5480122566223145
}
