attention_output_cos,attention_route_js,attention_route_overlap,ce_delta,k_cos,kv_joint_consistency,kv_mse,kv_relative_mse,logit_kl,receiver_native_ce,receiver_native_f1,receiver_native_logit_quality,top1_match,translated_ce,translated_f1,v_cos
0.19492404994602047,0.37082744508266585,0.3138813822370139,-2.166543751467543,0.8747903947119734,0.42250254855649216,40.605332239938434,0.44114005629463854,2.7145855915758386,4.815199664190004,0.07706075849525507,-4.815199664190004,0.4415297005325556,2.648655912722461,0.05541966516221576,0.5453274238638447
