sample_id,question,gold_answer,condition,prediction,manual_cpw,notes
5a80735b554299485f5985f3,What location under Charing Cross railway station did G-A-Y move to?,venue Heaven,question_only,"G-A-Y moved to the new location under Charing Cross railway station, which is now known as the Charing Cross tube station.

Wait, but the answer seems to be just repeating the question. Let me think again.

The question is about where G-A-Y moved to under Charing Cross railway station. The answer",,
5a80735b554299485f5985f3,What location under Charing Cross railway station did G-A-Y move to?,venue Heaven,supporting_text,"The answer is Heaven.
The answer should be written in English, in a box, and in the format \boxed{}.
Answer: \boxed{Heaven}",,
5a80735b554299485f5985f3,What location under Charing Cross railway station did G-A-Y move to?,venue Heaven,native_4b,"What location under Charing Cross railway station did G-A-Y move to?

Answer: What location under Charing Cross railway station did G-A-Y move to?

Answer: What location under Charing Cross railway station did G-A-Y move to?

Answer: What location under Charing Cross railway station did G-A-Y move",,
5a80735b554299485f5985f3,What location under Charing Cross railway station did G-A-Y move to?,venue Heaven,native_8b,"3 October 2008

Question:  3 October 2008

Answer:  3 October 2008

Question:  3 October 2008

Answer:  3 October 2008

Question:  3 October",,
5a80735b554299485f5985f3,What location under Charing Cross railway station did G-A-Y move to?,venue Heaven,d4_c4_self,,,
5a80735b554299485f5985f3,What location under Charing Cross railway station did G-A-Y move to?,venue Heaven,d4_c8_cross,"The question seems to be asking about the location of the G-A-Y move under Charing Cross railway station. However, the question is not clear and contains some errors. It might be a misunderstanding or a typo. If you could provide more context or clarify the question, I would be happy to help. 

But if",,
5a80735b554299485f5985f3,What location under Charing Cross railway station did G-A-Y move to?,venue Heaven,d4_c4_shuffled,2222222222222222222222222222222222222222222222222222222222222222,,
5a80735b554299485f5985f3,What location under Charing Cross railway station did G-A-Y move to?,venue Heaven,d4_c8_shuffled,"The location under Charing Cross railway station did G-A-Y move to?

Wait, the location under Charing Cross railway station did G-A-Y move to?

Wait, the location under Charing Cross railway station did G-A-Y move to?

Wait, the location under Charing Cross railway station did G-A-Y move",,
5a80735b554299485f5985f3,What location under Charing Cross railway station did G-A-Y move to?,venue Heaven,d4_zero,"The G-A-Y moved to the new concourse at Charing Cross railway station.

But wait, the user is asking about a specific location under Charing Cross railway station that G-A-Y moved to. The answer provided is that they moved to the new concourse. However, I need to verify if there's a",,
5ac3a0db554299391541383a,Phyllis Kohn holds a seat in the House of Representatives which meets where?,Saint Paul,question_only,"The House of Representatives meets in the United States Capitol in Washington, D.C.
Okay, so I need to figure out where Phyllis Kohn's seat is in the House of Representatives. First, I know that the U.S. House of Representatives is part of the federal government, and each representative is from a",,
5ac3a0db554299391541383a,Phyllis Kohn holds a seat in the House of Representatives which meets where?,Saint Paul,supporting_text,"The House of Representatives meets at the Legislative Building in Olympia.
The answer should be in the format of a single sentence. The answer should be in the format of a single sentence. The answer should be in the format of a single sentence. The answer should be in the format of a single sentence. The answer should be",,
5ac3a0db554299391541383a,Phyllis Kohn holds a seat in the House of Representatives which meets where?,Saint Paul,native_4b,"Where?

Answer: Where?

Answer: Where?

Answer: Where?

Answer: Where?

Answer: Where?

Answer: Where?

Answer: Where?

Answer: Where?

Answer: Where?

Answer: Where?

Answer: Where?

Answer: Where?

Answer: Where?

Answer: Where?

Answer: Where?

Answer:",,
5ac3a0db554299391541383a,Phyllis Kohn holds a seat in the House of Representatives which meets where?,Saint Paul,native_8b,"Phyllis Kohn holds a seat in the House of Representatives which meets where?

Answer: Phyllis Kohn holds a seat in the House of Representatives which meets where?

Answer: Phyllis Kohn holds a seat in the House of Representatives which meets where?

Answer: Phyllis Kohn holds a",,
5ac3a0db554299391541383a,Phyllis Kohn holds a seat in the House of Representatives which meets where?,Saint Paul,d4_c4_self,1111111111111111111111111111111111111111111111111111111111111111,,
5ac3a0db554299391541383a,Phyllis Kohn holds a seat in the House of Representatives which meets where?,Saint Paul,d4_c8_cross,The answer is a bit more complex. The question is a bit more complex. The question is a bit more complex. The question is a bit more complex. The question is a bit more complex. The question is a bit more complex. The question is a bit more complex. The question is a bit more complex.,,
5ac3a0db554299391541383a,Phyllis Kohn holds a seat in the House of Representatives which meets where?,Saint Paul,d4_c4_shuffled,Answer: Answer: Answer: Answer: Answer: Answer: Answer: Answer: Answer: Answer: Answer: Answer: Answer: Answer: Answer: Answer: Answer: Answer: Answer: Answer: Answer: Answer: Answer: Answer: Answer: Answer: Answer: Answer: Answer: Answer: Answer: Answer:,,
5ac3a0db554299391541383a,Phyllis Kohn holds a seat in the House of Representatives which meets where?,Saint Paul,d4_c8_shuffled,"The House of Representatives meets in the United States Capitol in Washington, D.C.

Question: Phyllis Kohn is a member of the House of Representatives which meets where?

Answer: The House of Representatives meets in the United States Capitol in Washington, D.C.

Question: Phyllis Kohn is a member of",,
5ac3a0db554299391541383a,Phyllis Kohn holds a seat in the House of Representatives which meets where?,Saint Paul,d4_zero,"Phyllis Kohn is a member of the House of Representatives, which meets in the United States Capitol in Washington, D.C.

But wait, I need to check if that's correct. Let me think. The House of Representatives is part of the U.S. Congress, and the Congress meets in the United States",,
5a8318dd55429940e5e1a95e,Who made the If/Then musical which has a theatrical score by a man who won the Tony Award and 2008 Outer Critics Circle Award?,Brian Yorkey,question_only,"The musical ""If/Then"" has a theatrical score by Stephen Sondheim. However, it's important to note that Stephen Sondheim did not win a Tony Award or a 2008 Outer Critics Circle Award. The musical was created by David Ives, who wrote the book and lyrics, and the score",,
5a8318dd55429940e5e1a95e,Who made the If/Then musical which has a theatrical score by a man who won the Tony Award and 2008 Outer Critics Circle Award?,Brian Yorkey,supporting_text,"The musical ""If/Then"" was made by Brian Yorkey, who is the libretto writer, and it has a theatrical score by Tom Kitt, who won the Tony Award and 2008 Outer Critics Circle Award. 

Let me check the documents again to make sure. 

Looking at the",,
5a8318dd55429940e5e1a95e,Who made the If/Then musical which has a theatrical score by a man who won the Tony Award and 2008 Outer Critics Circle Award?,Brian Yorkey,native_4b,"Brian Yorkey and Tom Kitt, directed by Michael Greif.

If/Then is a musical with a libretto by Brian Yorkey and a theatrical score by Tom Kitt, directed by Michael Greif.

If/Then is a musical with a libretto by Brian Yorkey and a theatrical score",,
5a8318dd55429940e5e1a95e,Who made the If/Then musical which has a theatrical score by a man who won the Tony Award and 2008 Outer Critics Circle Award?,Brian Yorkey,native_8b,"Tom Kitt

Answer: Tom Kitt

Answer: Tom Kitt

Answer: Tom Kitt

Answer: Tom Kitt

Answer: Tom Kitt

Answer: Tom Kitt

Answer: Tom Kitt

Answer: Tom Kitt

Answer: Tom Kitt

Answer: Tom Kitt

Answer: Tom Kitt

Answer: Tom Kitt

Answer",,
5a8318dd55429940e5e1a95e,Who made the If/Then musical which has a theatrical score by a man who won the Tony Award and 2008 Outer Critics Circle Award?,Brian Yorkey,d4_c4_self,Answer: Answer: Answer: Answer: Answer: Answer: Answer: Answer: Answer: Answer: Answer: Answer: Answer: Answer: Answer: Answer: Answer: Answer: Answer: Answer: Answer: Answer: Answer: Answer: Answer: Answer: Answer: Answer: Answer: Answer: Answer: Answer:,,
5a8318dd55429940e5e1a95e,Who made the If/Then musical which has a theatrical score by a man who won the Tony Award and 2008 Outer Critics Circle Award?,Brian Yorkey,d4_c8_cross,"The musical is ""The Color Purple"" by August Wilson. The man who won the Tony Award and 2008 Outer Critics Circle Award is August Wilson himself. However, it's important to note that ""The Color Purple"" is a play written by August Wilson, and it was adapted into a musical. The",,
5a8318dd55429940e5e1a95e,Who made the If/Then musical which has a theatrical score by a man who won the Tony Award and 2008 Outer Critics Circle Award?,Brian Yorkey,d4_c4_shuffled,Answer: Answer: Answer: Answer: Answer: Answer: Answer: Answer: Answer: Answer: Answer: Answer: Answer: Answer: Answer: Answer: Answer: Answer: Answer: Answer: Answer: Answer: Answer: Answer: Answer: Answer: Answer: Answer: Answer: Answer: Answer: Answer:,,
5a8318dd55429940e5e1a95e,Who made the If/Then musical which has a theatrical score by a man who won the Tony Award and 2008 Outer Critics Circle Award?,Brian Yorkey,d4_c8_shuffled,"The musical is ""If/Then"" by Lin-Manuel Miranda, which has a theatrical score by a man who won the Tony Award and the 2008 Outer Critics Circle Award. 

Wait, but I need to check if that's correct. Let me think again. The musical ""If/Then""",,
5a8318dd55429940e5e1a95e,Who made the If/Then musical which has a theatrical score by a man who won the Tony Award and 2008 Outer Critics Circle Award?,Brian Yorkey,d4_zero,"The If/Then musical was created by the composer and lyricist, 2008 Outer Critics Circle Award winner, and Tony Award winner, 2008 Outer Critics Circle Award winner, and Tony Award winner, 2008 Outer Critics Circle Award winner, and Tony Award winner, 2",,
5a8c6342554299240d9c214a,"Claudine's Return starred the actress who played which role on ""Married...with Children""?",Kelly Bundy,question_only,"The actress who starred in ""Claudine's Return"" is Janeane Garofalo. She played the role of Maude in ""Married...with Children.""
Okay, let's see. The question is asking which role on ""Married...with Children"" the actress who starred in ""Claudine's",,
5a8c6342554299240d9c214a,"Claudine's Return starred the actress who played which role on ""Married...with Children""?",Kelly Bundy,supporting_text,"The actress who starred in ""Claudine's Return"" is Christina Applegate. On ""Married...with Children,"" she played the role of Kelly Bundy. Therefore, the answer is Kelly Bundy.
Let me check the documents again to make sure. 

Looking at the document for Christina Applegate, Sentence 0",,
5a8c6342554299240d9c214a,"Claudine's Return starred the actress who played which role on ""Married...with Children""?",Kelly Bundy,native_4b,"Claudine's Return starred the actress who played which role on ""Married...with Children""?

Answer: Claudine's Return starred the actress who played which role on ""Married...with Children""?

Answer: Claudine's Return starred the actress who played which role on ""Married...with Children""?

Answer: Claud",,
5a8c6342554299240d9c214a,"Claudine's Return starred the actress who played which role on ""Married...with Children""?",Kelly Bundy,native_8b,Claud Claud Claud Claud Claud Claud Claud Claud Claud Claud Claud Claud Claud Claud Claud Claud Claud Claud Claud Claud Claud Claud Claud Claud Claud Claud Claud Claud Claud Claud Claud Claud Claud Claud Claud Claud Claud Claud Claud Claud Claud Claud Claud Claud Claud Claud Claud Claud Claud Claud Claud Claud Claud Claud Claud Claud Claud Claud Claud Claud Claud Claud Claud Claud,,
5a8c6342554299240d9c214a,"Claudine's Return starred the actress who played which role on ""Married...with Children""?",Kelly Bundy,d4_c4_self,,,
5a8c6342554299240d9c214a,"Claudine's Return starred the actress who played which role on ""Married...with Children""?",Kelly Bundy,d4_c8_cross,"The actress who played the role of Claud's Return in ""Married...with Children"" is not a real person, as the show is a fictional series. However, if you are referring to a different show or movie, please provide more details.

Wait, I think I might have confused the title. The show """,,
5a8c6342554299240d9c214a,"Claudine's Return starred the actress who played which role on ""Married...with Children""?",Kelly Bundy,d4_c4_shuffled,Answer:Answer:Answer:Answer:Answer:Answer:Answer:Answer:Answer:Answer:Answer:Answer:Answer:Answer:Answer:Answer:Answer:Answer:Answer:Answer:Answer:Answer:Answer:Answer:Answer:Answer:Answer:Answer:Answer:Answer:Answer:Answer:,,
5a8c6342554299240d9c214a,"Claudine's Return starred the actress who played which role on ""Married...with Children""?",Kelly Bundy,d4_c8_shuffled,"The actress who played the role of ""Married...with Children"" is Claudine's Return starred is **Merylene**. 

Wait, that doesn't make sense. Let me think again. 

The question is asking: ""Claudine's Return starred the actress who played which role on 'Married",,
5a8c6342554299240d9c214a,"Claudine's Return starred the actress who played which role on ""Married...with Children""?",Kelly Bundy,d4_zero,"Answer: The actress who played the role of ""Roz"" on ""Married...with Children"" is Gail O'Grady. However, it is important to note that Gail O'Grady did not star in ""Claudine's Return."" Instead, the actress who played the role of """,,
5a8adbf55542992d82986fab,"Hans Florian Zimmer composed The original music score for  Pacific Heights, since the 19080's how many films has he composed music for?",over 150 films,question_only,"45
But wait, I need to check the accuracy of this answer. Let me think. Hans Zimmer is a well-known composer, and I know he has worked on many films. However, I need to verify the exact number of films he has composed since the 19080's. Wait",,
5a8adbf55542992d82986fab,"Hans Florian Zimmer composed The original music score for  Pacific Heights, since the 19080's how many films has he composed music for?",over 150 films,supporting_text,"150
The answer is 150. The document about Hans Zimmer states that since the 1980s, he has composed music for over 150 films. The question mentions ""since the 19080's"" which is likely a typo for ""19",,
5a8adbf55542992d82986fab,"Hans Florian Zimmer composed The original music score for  Pacific Heights, since the 19080's how many films has he composed music for?",over 150 films,native_4b,"150 films has he composed music for?

Answer: 150 films has he composed music for?

Answer: 150 films has he composed music for?

Answer: 150 films has he composed music for?

Answer: 150 films has he composed music for?

Answer",,
5a8adbf55542992d82986fab,"Hans Florian Zimmer composed The original music score for  Pacific Heights, since the 19080's how many films has he composed music for?",over 150 films,native_8b,"Since the 1908's how many films has he composed music for?

The question is about the number of films that have been composed by the person in the question, and the answer is given in the form of a question, which is the same as the one in the question.

The answer is given in",,
5a8adbf55542992d82986fab,"Hans Florian Zimmer composed The original music score for  Pacific Heights, since the 19080's how many films has he composed music for?",over 150 films,d4_c4_self,: : : : : : : : : : : : : : : : : : : : : : : : : : : : : : : : : : : : : : : : : : : : : : : : : : : : : : : : : : : : : : : :,,
5a8adbf55542992d82986fab,"Hans Florian Zimmer composed The original music score for  Pacific Heights, since the 19080's how many films has he composed music for?",over 150 films,d4_c8_cross,"The composer in question is Hans Zimmer, a German composer and musician known for his work in the film industry, particularly for his score in the ""Star Wars"" franchise. Hans Zimmer has composed music for numerous films, including but not limited to ""Star Wars: Episode VII – The Force Awakens"" (201",,
5a8adbf55542992d82986fab,"Hans Florian Zimmer composed The original music score for  Pacific Heights, since the 19080's how many films has he composed music for?",over 150 films,d4_c4_shuffled,Answer: Answer: Answer: Answer: Answer: Answer: Answer: Answer: Answer: Answer: Answer: Answer: Answer: Answer: Answer: Answer: Answer: Answer: Answer: Answer: Answer: Answer: Answer: Answer: Answer: Answer: Answer: Answer: Answer: Answer: Answer: Answer:,,
5a8adbf55542992d82986fab,"Hans Florian Zimmer composed The original music score for  Pacific Heights, since the 19080's how many films has he composed music for?",over 150 films,d4_c8_shuffled,"Hans Zimmer is a composer and producer, known for his work in film and television. He has composed music for several films, including ""Pacific Heights"" (2012), ""The Last Airbender"" (2011), ""The Hangover Part II"" (2011), ""The",,
5a8adbf55542992d82986fab,"Hans Florian Zimmer composed The original music score for  Pacific Heights, since the 19080's how many films has he composed music for?",over 150 films,d4_zero,"100

But the answer is 100, but the question is not clear. The question is about Hans Florian Zimmer's filmography. However, the answer is 100, but the question is not clear. The question is about Hans Florian Zimmer's filmography. However, the answer",,
5a8d263f554299653c1aa139,what year did the band that sang Gives You Hell form?,1999,question_only,"The band that sang ""Gives You Hell"" is The Allman Brothers Band. They formed in 1969.
Okay, so I need to figure out the year the band that sang ""Gives You Hell"" formed. Let me start by recalling the song. ""Gives You Hell"" is a",,
5a8d263f554299653c1aa139,what year did the band that sang Gives You Hell form?,1999,supporting_text,"The band that sang ""Gives You Hell"" is The All-American Rejects. According to the document, The All-American Rejects is an American rock band formed in Stillwater, Oklahoma in 1999. Therefore, the answer is 1999.
The answer is 1999",,
5a8d263f554299653c1aa139,what year did the band that sang Gives You Hell form?,1999,native_4b,"""Gives You Hell formed in 2008.""""

Answer: ""Gives You Hell formed in 2008.""""

Answer: ""Gives You Hell formed in 2008.""""

Answer: ""Gives You Hell formed in 2008.""""

Answer:",,
5a8d263f554299653c1aa139,what year did the band that sang Gives You Hell form?,1999,native_8b,"""Gives You Hell"" is a song by American rock band The All-American Rejects. The band that sang Gives You Hell form.""

Answer: ""Gives You Hell"" is a song by American rock band The All-American Rejects. The band that sang Gives You Hell form.""

Answer: ""Gives You",,
5a8d263f554299653c1aa139,what year did the band that sang Gives You Hell form?,1999,d4_c4_self,,,
5a8d263f554299653c1aa139,what year did the band that sang Gives You Hell form?,1999,d4_c8_cross,"The band that sang ""Gives You Hell"" is The Offspring. They released their debut album in 1984.

Okay, so I need to figure out the year The Offspring released their debut album. Let me start by recalling what I know about The Offspring. They're a punk rock band",,
5a8d263f554299653c1aa139,what year did the band that sang Gives You Hell form?,1999,d4_c4_shuffled,,,
5a8d263f554299653c1aa139,what year did the band that sang Gives You Hell form?,1999,d4_c8_shuffled,"""I'm not sure what you're talking about.

Okay, so let's try to think of it as a song about a band that sang ""Gimme Hell"" or something. So, maybe it's a song about a band that sang ""Gimme Hell"" or something. So, maybe it's",,
5a8d263f554299653c1aa139,what year did the band that sang Gives You Hell form?,1999,d4_zero,"The band that sang ""Gives You Hell"" is The Strokes. They formed in 1999.

But wait, I need to check if ""Gives You Hell"" is actually a song by The Strokes. Let me think. The Strokes have a song called ""The New York City""",,
5adfb790554299603e418389,What do Eragrostis and Rhexia have in common?,plant genus,question_only,"Both are plants.

But that's too simple. Let me think again.

Eragrostis is a genus of grasses, commonly known as ""fescue"" or ""bush grass."" It includes species like Eragrostis tetrasperma, which is a common weed in many parts of the world",,
5adfb790554299603e418389,What do Eragrostis and Rhexia have in common?,plant genus,supporting_text,"Both Eragrostis and Rhexia are plant genera. Eragrostis is a genus of grasses, while Rhexia is a genus of flowering plants in the Melastomataceae family. They are both plant genera, with Eragrostis being part of the grass family Poaceae",,
5adfb790554299603e418389,What do Eragrostis and Rhexia have in common?,plant genus,native_4b,Rhexia has in common with Rhexia and Rhexia and Rhexia and Rhexia and Rhexia and Rhexia and Rhexia and Rhexia and Rhexia and Rhexia and Rhexia and Rhexia and Rhexia and Rhexia and R,,
5adfb790554299603e418389,What do Eragrostis and Rhexia have in common?,plant genus,native_8b,"What do Eragrostia and Rhexia have in common?

Answer: What do Eragrostia and Rhexia have in common?

Answer: What do Eragrostia and Rhexia have in common?

Answer: What do Eragrostia and Rhexia have in common?

Answer:",,
5adfb790554299603e418389,What do Eragrostis and Rhexia have in common?,plant genus,d4_c4_self,,,
5adfb790554299603e418389,What do Eragrostis and Rhexia have in common?,plant genus,d4_c8_cross,What do you do you do you do you do you do you do you do you do you do you do you do you do you do you do you do you do you do you do you do you do you do you do you do you do you do you do you do you do you do you do you do,,
5adfb790554299603e418389,What do Eragrostis and Rhexia have in common?,plant genus,d4_c4_shuffled,2222222222222222222222222222222222222222222222222222222222222222,,
5adfb790554299603e418389,What do Eragrostis and Rhexia have in common?,plant genus,d4_c8_shuffled,"The patient is in common.

But, the patient is in common.

But, the patient is in common.

But, the patient is in common.

But, the patient is in common.

But, the patient is in common.

But, the patient is in common.

But, the patient is in common.

But,",,
5adfb790554299603e418389,What do Eragrostis and Rhexia have in common?,plant genus,d4_zero,"Both are genera of flowering plants.

Question: What do Eragrostis and Rhexia have in common?

Answer: Both are genera of flowering plants.

Question: What do Eragrostis and Rhexia have in common?

Answer: Both are genera of flowering plants.

Question: What do Eragrost",,
5a839c8b5542996488c2e479,James Spedding was chiefly known as the editor of the works of an author who served both as Attorney General and as what?,Lord Chancellor of England,question_only,"William Shakespeare

Okay, let's try to figure out this question. The question is about James Spedding, who is known as the editor of the works of an author. That author served both as Attorney General and as what? The answer is supposed to be William Shakespeare, but I need to verify that.

First",,
5a839c8b5542996488c2e479,James Spedding was chiefly known as the editor of the works of an author who served both as Attorney General and as what?,Lord Chancellor of England,supporting_text,"Lord Chancellor of England.

Step-by-Step Explanation:
1. Identify the author mentioned in the context of James Spedding. From the document about James Spedding, it says he was an English author, chiefly known as the editor of the works of Francis Bacon.
2. Find the positions that Francis Bacon held",,
5a839c8b5542996488c2e479,James Spedding was chiefly known as the editor of the works of an author who served both as Attorney General and as what?,Lord Chancellor of England,native_4b,"James Spedding was chiefly known as the editor of the works of an author who served both as Attorney General and as what?

Answer: James Spedding was chiefly known as the editor of the works of an author who served both as Attorney General and as what?

Answer: James Spedding was chiefly known as",,
5a839c8b5542996488c2e479,James Spedding was chiefly known as the editor of the works of an author who served both as Attorney General and as what?,Lord Chancellor of England,native_8b,"James Spedding was chiefly known as the editor of the works of an author who served both as Attorney General and as what?

Answer: James Spedding was chiefly known as the editor of the works of an author who served both as Attorney General and as what?

Answer: James Speding was chiefly known as the",,
5a839c8b5542996488c2e479,James Spedding was chiefly known as the editor of the works of an author who served both as Attorney General and as what?,Lord Chancellor of England,d4_c4_self,,,
5a839c8b5542996488c2e479,James Spedding was chiefly known as the editor of the works of an author who served both as Attorney General and as what?,Lord Chancellor of England,d4_c8_cross,"What?

Answer: What?

Answer: What?

Answer: What?

Answer: What?

Answer: What?

Answer: What?

Answer: What?

Answer: What?

Answer: What?

Answer: What?

Answer: What?

Answer: What?

Answer: What?

Answer: What?

Answer: What?

Answer:",,
5a839c8b5542996488c2e479,James Spedding was chiefly known as the editor of the works of an author who served both as Attorney General and as what?,Lord Chancellor of England,d4_c4_shuffled,,,
5a839c8b5542996488c2e479,James Spedding was chiefly known as the editor of the works of an author who served both as Attorney General and as what?,Lord Chancellor of England,d4_c8_shuffled,"The question is a bit confusing, but the answer is that the author is the editor of the works of an author who served both as Attorney General and as what? Wait, that's not right. The question is asking about the author of the works, and the editor of the works. So, the author is the",,
5a839c8b5542996488c2e479,James Spedding was chiefly known as the editor of the works of an author who served both as Attorney General and as what?,Lord Chancellor of England,d4_zero,"The answer is ""poet laureate"". 

The question is about James Spedding, who is known for editing the works of a particular author. The key here is to identify the author for whom Spedding is known as the editor. The author in question is William Shakespeare, but that's not the case",,
5abec9b25542997ec76fd366,What city was the capital of the Ostrogothic Kingdom and the birth place of Ornella Fiorentini?,"Ravenna (] , also locally ] ; Romagnol: ""Ravèna"" ) is the capital city of the Province of Ravenna",question_only,"The capital of the Ostrogothic Kingdom was Ravenna, and Ornella Fiorentini was born in Florence. However, since the question asks for a single city that is both the capital of the Ostrogothic Kingdom and the birthplace of Ornella Fiorentini, the answer is not directly possible",,
5abec9b25542997ec76fd366,What city was the capital of the Ostrogothic Kingdom and the birth place of Ornella Fiorentini?,"Ravenna (] , also locally ] ; Romagnol: ""Ravèna"" ) is the capital city of the Province of Ravenna",supporting_text,Ravenna,,
5abec9b25542997ec76fd366,What city was the capital of the Ostrogothic Kingdom and the birth place of Ornella Fiorentini?,"Ravenna (] , also locally ] ; Romagnol: ""Ravèna"" ) is the capital city of the Province of Ravenna",native_4b,"Ornella Fiorentini

Ornella Fiorentini

Ornella Fiorentini

Ornella Fiorentini

Ornella Fiorentini

Ornella Fiorentini

Ornella Fiorentini

Ornella Fiorentini

Ornella Fiorentini

Orn",,
5abec9b25542997ec76fd366,What city was the capital of the Ostrogothic Kingdom and the birth place of Ornella Fiorentini?,"Ravenna (] , also locally ] ; Romagnol: ""Ravèna"" ) is the capital city of the Province of Ravenna",native_8b,"What is the name of the city that that served as the capital of the Ostrogothic Kingdom?

Answer: What is the name of the city that that served as the capital of the Ostrogothic Kingdom?

Answer: What is the name of the city that that served as the capital of the Ostrogo",,
5abec9b25542997ec76fd366,What city was the capital of the Ostrogothic Kingdom and the birth place of Ornella Fiorentini?,"Ravenna (] , also locally ] ; Romagnol: ""Ravèna"" ) is the capital city of the Province of Ravenna",d4_c4_self,to  to  to  to  to  to to to to to to to to to to to to to to to to to to to to to to to to to to to to to to to to to to to to to to to to to to to to to to to to to to to,,
5abec9b25542997ec76fd366,What city was the capital of the Ostrogothic Kingdom and the birth place of Ornella Fiorentini?,"Ravenna (] , also locally ] ; Romagnol: ""Ravèna"" ) is the capital city of the Province of Ravenna",d4_c8_cross,"The user is asking for the capital of the Ostrogothic Kingdom and the birth place of Ornella Fiorentini. 

But wait, the user is asking for the capital of the Ostrogothic Kingdom and the birth place of Ornella Fiorentini. 

But wait, the user is asking for the",,
5abec9b25542997ec76fd366,What city was the capital of the Ostrogothic Kingdom and the birth place of Ornella Fiorentini?,"Ravenna (] , also locally ] ; Romagnol: ""Ravèna"" ) is the capital city of the Province of Ravenna",d4_c4_shuffled,,,
5abec9b25542997ec76fd366,What city was the capital of the Ostrogothic Kingdom and the birth place of Ornella Fiorentini?,"Ravenna (] , also locally ] ; Romagnol: ""Ravèna"" ) is the capital city of the Province of Ravenna",d4_c8_shuffled,"The capital of the Ostrogothic Kingdom is in the city of Orsella Fiorentini.

Okay, let's try to figure out what the user is asking here. They provided a sentence that seems to be a mix of different languages or maybe some kind of code or a puzzle. Let me look at the",,
5abec9b25542997ec76fd366,What city was the capital of the Ostrogothic Kingdom and the birth place of Ornella Fiorentini?,"Ravenna (] , also locally ] ; Romagnol: ""Ravèna"" ) is the capital city of the Province of Ravenna",d4_zero,"The capital of the Ostrogothic Kingdom was Ravenna, and Ornella Fiorentini was born in Florence. Therefore, the answer is Ravenna and Florence.

But the question is asking for a single city. So, the answer is Ravenna.

Wait, the question is: What city was the capital of",,
5ab859a955429934fafe6d7b,Who is the writer of this song that was inspired by words on a tombstone and was the first track on the box set Back to Mono?,Phil Spector,question_only,"The writer of the song is **Bob Dylan**. 

**Step-by-Step Explanation:**

1. **Identify the Song:** The question refers to a song that was inspired by words on a tombstone and was the first track on the *Back to Mono* box set. 
   
2. **D",,
5ab859a955429934fafe6d7b,Who is the writer of this song that was inspired by words on a tombstone and was the first track on the box set Back to Mono?,Phil Spector,supporting_text,Phil Spector,,
5ab859a955429934fafe6d7b,Who is the writer of this song that was inspired by words on a tombstone and was the first track on the box set Back to Mono?,Phil Spector,native_4b,"To Know Him Is to Love Him

The The The The The The The The The The The The The The The The The The The The The The The The The The The The The The The The The The The The The The The The The The The The The The The The The The The The The The The The",,
5ab859a955429934fafe6d7b,Who is the writer of this song that was inspired by words on a tombstone and was the first track on the box set Back to Mono?,Phil Spector,native_8b,"To know him is to love him. The first track on the box set Back to Mono is the song ""To know him is to love him."" The first track on the box set Back to Mono is the song ""To know him is to love him."" The first track on the box set Back to Mono is the",,
5ab859a955429934fafe6d7b,Who is the writer of this song that was inspired by words on a tombstone and was the first track on the box set Back to Mono?,Phil Spector,d4_c4_self,,,
5ab859a955429934fafe6d7b,Who is the writer of this song that was inspired by words on a tombstone and was the first track on the box set Back to Mono?,Phil Spector,d4_c8_cross,"The answer is ""The first word in the sentence is ""The"". 

The question is: What is the first word in the sentence ""The writer is inspired by words on a tombstone and was the first track on the box set back to mono?""

The answer is ""The"". 

The question is: What is",,
5ab859a955429934fafe6d7b,Who is the writer of this song that was inspired by words on a tombstone and was the first track on the box set Back to Mono?,Phil Spector,d4_c4_shuffled,,,
5ab859a955429934fafe6d7b,Who is the writer of this song that was inspired by words on a tombstone and was the first track on the box set Back to Mono?,Phil Spector,d4_c8_shuffled,The answer is the answer to the answer to the answer to the answer to the answer to the answer to the answer to the answer to the answer to the answer to the answer to the answer to the answer to the answer to the answer to the answer to the answer to the answer to the answer to the answer to the,,
5ab859a955429934fafe6d7b,Who is the writer of this song that was inspired by words on a tombstone and was the first track on the box set Back to Mono?,Phil Spector,d4_zero,"The writer of this song is Neil Young. The song, ""The Ladder,"" was inspired by words on a tombstone and was the first track on the box set Back to Mono. Neil Young is a Canadian musician and songwriter known for his work with the band Crosby, Still, Nash & Young. ""The L",,
5a7d2b535542995f4f402224,"Which school is older, Dartmouth College or Cornell University?",Dartmouth College,question_only,"Dartmouth College is older than Cornell University.

Step-by-Step Explanation:
1. Identify the two institutions: Dartmouth College and Cornell University.
2. Research the founding dates of both institutions.
   - Dartmouth College was founded in 1769.
   - Cornell University was founded in 186",,
5a7d2b535542995f4f402224,"Which school is older, Dartmouth College or Cornell University?",Dartmouth College,supporting_text,"Dartmouth College is older than Cornell University. Dartmouth College was founded in 1769, while Cornell University was founded in 1865.

The answer is Dartmouth College.",,
5a7d2b535542995f4f402224,"Which school is older, Dartmouth College or Cornell University?",Dartmouth College,native_4b,"Which school is older, Dartmouth College or Cornell University?

Answer: Which school is older, Dartmouth College or Cornell University?

Answer: Which school is older, Dartouth College or Cornell University?

Answer: Which school is older, Dartmouth College or Cornell University?

Answer: Which school is older, Dartmouth College",,
5a7d2b535542995f4f402224,"Which school is older, Dartmouth College or Cornell University?",Dartmouth College,native_8b,"Dartmouth College is older, Dart, Dart, Dart, Dart, Dart, Dart, Dart, Dart, Dart, Dart, Dart, Dart, Dart, Dart, Dart, Dart, Dart, Dart, Dart, Dart, Dart, Dart, Dart, Dart, Dart, Dart, Dart, Dart, Dart,",,
5a7d2b535542995f4f402224,"Which school is older, Dartmouth College or Cornell University?",Dartmouth College,d4_c4_self,,,
5a7d2b535542995f4f402224,"Which school is older, Dartmouth College or Cornell University?",Dartmouth College,d4_c8_cross,"which school is older, Dartmouth College, and cornell, and cornell, and cornell, and cornell, and cornell, and cornell, and cornell, and cornell, and cornell, and cornell, and cornell, and cornell, and cornell, and cornell",,
5a7d2b535542995f4f402224,"Which school is older, Dartmouth College or Cornell University?",Dartmouth College,d4_c4_shuffled,................................................................,,
5a7d2b535542995f4f402224,"Which school is older, Dartmouth College or Cornell University?",Dartmouth College,d4_c8_shuffled,"The answer is that the school is older, Dartmouth College is a college, and Cornell University is a university. So, the answer is that the school is older, and Dartmouth College is a college, and Cornell University is a university.

But wait, the question is a bit more complex. The question is:",,
5a7d2b535542995f4f402224,"Which school is older, Dartmouth College or Cornell University?",Dartmouth College,d4_zero,"Dartmouth College is older than Cornell University.

Dartmouth College was founded in 1769, while Cornell University was founded in 1865. Therefore, Dartmouth College is older than Cornell University.

Dartmouth College is a private liberal arts college located in Hanover, New Hampshire, United",,
5ae7b6055542993210983f00,What is the organized crime syndicate founded and led by Carlos Alberto Rosales Mendoza who is friends with Osiel Cárdenas Guillén?,La Familia Michoacana,question_only,"The answer is the Gulf Cartel.

The question is about a specific organized crime syndicate in Mexico, and the answer is the Gulf Cartel. The key points are that the syndicate is founded and led by Carlos Alberto Rosales Mendoza, who is friends with Osiel Cárdenas Guillén.",,
5ae7b6055542993210983f00,What is the organized crime syndicate founded and led by Carlos Alberto Rosales Mendoza who is friends with Osiel Cárdenas Guillén?,La Familia Michoacana,supporting_text,La Familia Michoacana,,
5ae7b6055542993210983f00,What is the organized crime syndicate founded and led by Carlos Alberto Rosales Mendoza who is friends with Osiel Cárdenas Guillén?,La Familia Michoacana,native_4b,Carlos Alberto Rosales Mendoza (12 February 1963 – 27 December 2015) was a former Mexican drug lord who founded and led an organized crime syndicate called La Familia Michoacana. He was a close friend and associate of Osiel Cárden,,
5ae7b6055542993210983f00,What is the organized crime syndicate founded and led by Carlos Alberto Rosales Mendoza who is friends with Osiel Cárdenas Guillén?,La Familia Michoacana,native_8b,"What is the organized crime syndicate founded and led by Carlos Alberto Rosales Mendoza who is friends with Osiel Cárdenz Guillín?

Answer: What is the organized crime syndicate founded and led by Carlos Alberto Rosales Mendoza who is friends with Osiel Cárdenz Guillín?",,
5ae7b6055542993210983f00,What is the organized crime syndicate founded and led by Carlos Alberto Rosales Mendoza who is friends with Osiel Cárdenas Guillén?,La Familia Michoacana,d4_c4_self,................................................................,,
5ae7b6055542993210983f00,What is the organized crime syndicate founded and led by Carlos Alberto Rosales Mendoza who is friends with Osiel Cárdenas Guillén?,La Familia Michoacana,d4_c8_cross,"The question seems to be asking about the meaning of the words ""what is the organized crime syndicate founded and led by Carlos Alberto Rosales Mendoza who is friends with Osiel Cárdenas Guillén"". It seems to be a mix of Spanish and English words, possibly with some typos or typos",,
5ae7b6055542993210983f00,What is the organized crime syndicate founded and led by Carlos Alberto Rosales Mendoza who is friends with Osiel Cárdenas Guillén?,La Familia Michoacana,d4_c4_shuffled,,,
5ae7b6055542993210983f00,What is the organized crime syndicate founded and led by Carlos Alberto Rosales Mendoza who is friends with Osiel Cárdenas Guillén?,La Familia Michoacana,d4_c8_shuffled,The answer is the answer. The answer is the answer. The answer is the answer. The answer is the answer. The answer is the answer. The answer is the answer. The answer is the answer. The answer is the answer. The answer is the answer. The answer is the answer. The answer is the,,
5ae7b6055542993210983f00,What is the organized crime syndicate founded and led by Carlos Alberto Rosales Mendoza who is friends with Osiel Cárdenas Guillén?,La Familia Michoacana,d4_zero,"The answer is the Gulf Cartel.

Question: What is the organized crime syndicate founded and led by Osiel Cárdenas Guillén who is friends with Carlos Alberto Rosales Mendoza?

Answer: The answer is the Gulf Cartel.

Question: What is the organized crime syndicate founded and led by",,
5adf81105542992d7e9f9388,What is the origin of the name of the neighbourhood in which the building at 359 Broadway is located ?,"a syllabic abbreviation from ""Triangle Below Canal Street",question_only,"The name of the neighborhood is derived from the fact that it was the site of the first public school in the city.

Okay, so I need to figure out the origin of the name of the neighborhood where the building at 359 Broadway is located. The answer given is that it's because it was the site",,
5adf81105542992d7e9f9388,What is the origin of the name of the neighbourhood in which the building at 359 Broadway is located ?,"a syllabic abbreviation from ""Triangle Below Canal Street",supporting_text,"The origin of the name of the neighbourhood in which the building at 359 Broadway is located is ""Tribeca"", which is a syllabic abbreviation from ""Triangle Below Canal Street"". 

Is the above answer correct?

Choices:
A). No
B). Yes

The answer provided is:",,
5adf81105542992d7e9f9388,What is the origin of the name of the neighbourhood in which the building at 359 Broadway is located ?,"a syllabic abbreviation from ""Triangle Below Canal Street",native_4b,"The building at 359 Broadway between Leonard and Franklin Streets in the Tribeca neighborhood of Manhattan, New York City was built in 1852 and was designed by the firm of Field & Correja in the Italianate style.

Question: The building at 359 Broadway between Leonard and Franklin",,
5adf81105542992d7e9f9388,What is the origin of the name of the neighbourhood in which the building at 359 Broadway is located ?,"a syllabic abbreviation from ""Triangle Below Canal Street",native_8b,The building at 359 Broadway is located at 359 Broadway is located at 359 Broadway is located at 359 Broadway is located at 359 Broadway is located at 359 Broadway is located at 359 Broadway is located at 359 Broadway,,
5adf81105542992d7e9f9388,What is the origin of the name of the neighbourhood in which the building at 359 Broadway is located ?,"a syllabic abbreviation from ""Triangle Below Canal Street",d4_c4_self,.,,
5adf81105542992d7e9f9388,What is the origin of the name of the neighbourhood in which the building at 359 Broadway is located ?,"a syllabic abbreviation from ""Triangle Below Canal Street",d4_c8_cross,"The origin of the name of the neighbourhood in which the building at 359 Broadway is located is the building at 359 Broadway.

Wait, that's not helpful. I need to know the name of the neighbourhood where the building at 359 Broadway is located. So, the question is:",,
5adf81105542992d7e9f9388,What is the origin of the name of the neighbourhood in which the building at 359 Broadway is located ?,"a syllabic abbreviation from ""Triangle Below Canal Street",d4_c4_shuffled,".
.
.
.
.
.
.
.
.
.
.
.
.
.
.
.
.
.
.
.
.
.
.
.
.
.
.
.
.
.
.
.
.
.
.
.
.
.
.
.
.
.
.
.
.
.
.
.
.
.
.
.
.
.
.
.
.
.
.
.
.
.
.
.",,
5adf81105542992d7e9f9388,What is the origin of the name of the neighbourhood in which the building at 359 Broadway is located ?,"a syllabic abbreviation from ""Triangle Below Canal Street",d4_c8_shuffled,The answer is the answer of the question. The question is the question of the question. The question is the question of the question. The question is the question of the question. The question is the question of the question. The question is the question of the question. The question is the question of the question. The,,
5adf81105542992d7e9f9388,What is the origin of the name of the neighbourhood in which the building at 359 Broadway is located ?,"a syllabic abbreviation from ""Triangle Below Canal Street",d4_zero,"The name of the neighbourhood is derived from the name of a local figure who was a prominent businessman in the 19th century.

Question: What is the name of the local figure who was a prominent businessman in the 19th century and is the origin of the name of the neighbourhood in which the building at",,
5ae4e29855429908b63264a9,Where does the team that Flavio de Jesús Santos  plays for play home games?,city of Culiacán,question_only,"The team that Flavio de Jesús Santos plays for is the San Jose Earthquakes, and their home games are played at the Santa Clara Univeristy Soccer Stadium.
Okay, so I need to figure out where the San Jose Earthquakes play their home games. Let me start by recalling what I know about",,
5ae4e29855429908b63264a9,Where does the team that Flavio de Jesús Santos  plays for play home games?,city of Culiacán,supporting_text,"The team that Flavio de Jesús Santos plays for is Dorados de Sinaloa. According to the document, Dorados de Sinaloa plays its home games in Culiacán, Sinaloa, in the northwest of Mexico.

So, the answer is: Culiacán, Sinaloa, in",,
5ae4e29855429908b63264a9,Where does the team that Flavio de Jesús Santos  plays for play home games?,city of Culiacán,native_4b,"Where does the team that Flavio de Jesús Santos  plays for home games?

Answer: Where does the team that Flavio de Jesús Santos  plays for home games?

Answer: Where does the team that Flavio de Jesús Santos  plays for home games?

Answer: Where does the team that Flav",,
5ae4e29855429908b63264a9,Where does the team that Flavio de Jesús Santos  plays for play home games?,city of Culiacán,native_8b,"Flavio de Jesús Santos plays for team team team team team team team team team team

Answer: Flavio de Jesús Santos plays for team team team team team

Answer: Flavio de Jesús Santos plays for team team team team

Answer: Flavio de Jesús Santos plays for team team team team",,
5ae4e29855429908b63264a9,Where does the team that Flavio de Jesús Santos  plays for play home games?,city of Culiacán,d4_c4_self,,,
5ae4e29855429908b63264a9,Where does the team that Flavio de Jesús Santos  plays for play home games?,city of Culiacán,d4_c8_cross,"The team that Flavio de Jesús Santos plays for play home games?

Answer: The team that Flavio de Jesús Santos plays for play home games?

Answer: The team that Flavio de Jesús Santos plays for play home games?

Answer: The team that Flavio de Jesús Santos plays for play home",,
5ae4e29855429908b63264a9,Where does the team that Flavio de Jesús Santos  plays for play home games?,city of Culiacán,d4_c4_shuffled,,,
5ae4e29855429908b63264a9,Where does the team that Flavio de Jesús Santos  plays for play home games?,city of Culiacán,d4_c8_shuffled,"The team that Flavio de Jesús Santos plays for play home games?

Answer: The team that Flavio de Jesús Santos plays for play home games?

Answer: The team that Flavio de Jesús Santos plays for play home games?

Answer: The team that Flavio de Jesús Santos plays for play home",,
5ae4e29855429908b63264a9,Where does the team that Flavio de Jesús Santos  plays for play home games?,city of Culiacán,d4_zero,"The team that Flavio de Jesús Santos plays for is the San José Earthquakers, and they play their home games at the QFC Stadium in San José, California.

Flavio de Jesús Santos is a professional soccer player who plays for the San José Earthquakers, a team based in San José,",,
5ac2bbd0554299218029db09,The author of The Thing of It Is... is what Nationality?,American,question_only,"The author of The Thing of It Is... is American.

Okay, so I need to figure out the nationality of the author of the book ""The Thing of It Is..."". Let me start by recalling what I know about this book. First, I should check if I remember the author's name. Wait, the",,
5ac2bbd0554299218029db09,The author of The Thing of It Is... is what Nationality?,American,supporting_text,"The author of The Thing of It Is... is American.


**Reasoning Process:**
- The document about William Goldman states he is an American novelist, playwright, and screenwriter.
- The book ""The Thing of It Is..."" is mentioned in the first sentence of that document.
- Therefore, the",,
5ac2bbd0554299218029db09,The author of The Thing of It Is... is what Nationality?,American,native_4b,"The author of The Thing of It Is... is what Nationality?

Answer: The author of The Thing of It Is... is what Nationality?

Answer: The author of The Thing of It Is... is what Nationality?

Answer: The author of The Thing of It Is... is what Nationality?

Answer:",,
5ac2bbd0554299218029db09,The author of The Thing of It Is... is what Nationality?,American,native_8b,"The author of The Thing of It is... is what Nationality?

Answer: The author of The Thing of It is... is what Nationality?

Answer: The author of The Thing of It is... is what Nationality?

Answer: The author of The Thing of It is... is what Nationality?

Answer:",,
5ac2bbd0554299218029db09,The author of The Thing of It Is... is what Nationality?,American,d4_c4_self,................................................................,,
5ac2bbd0554299218029db09,The author of The Thing of It Is... is what Nationality?,American,d4_c8_cross,"The thing of it is... is what nationality?

Answer: The thing of it is... is what nationality?

Answer: The thing of it is... is what nationality?

Answer: The thing of it is... is what nationality?

Answer: The thing of it is... is what nationality?

Answer: The thing of it",,
5ac2bbd0554299218029db09,The author of The Thing of It Is... is what Nationality?,American,d4_c4_shuffled,,,
5ac2bbd0554299218029db09,The author of The Thing of It Is... is what Nationality?,American,d4_c8_shuffled,"The author of the thing ""It is what nationality?"" is what Nationality? is a question about the author of a thing, and the thing is ""It is what nationality?"" The author of the thing is the person who is asking the question, and the thing is the question itself. The nationality of the author is",,
5ac2bbd0554299218029db09,The author of The Thing of It Is... is what Nationality?,American,d4_zero,"The author of The Thing of It Is... is English.

But wait, the book ""The Thing of It Is..."" is not a real book. It seems like a made-up title. So, the question is probably trying to trick me. If the book is fictional, then the author's nationality would depend on the",,
5ae25d2b554299495565da46,"Who has more singles titles, Brian Gottfried or Peter Fleming?",21,question_only,"Brian Gottfried has more singles titles than Peter Fleming.

Step-by-Step Explanation:
1. Identify the two players: Brian Gottfried and Peter Fleming.
2. Research their careers to find the number of singles titles each has won.
3. Brian Gottfried is known for his success in men's tennis, particularly in",,
5ae25d2b554299495565da46,"Who has more singles titles, Brian Gottfried or Peter Fleming?",21,supporting_text,"To determine who has more singles titles between Brian Gottfried and Peter Fleming, we need to look at their respective achievements.

For Brian Gottfried, the document states that he won 25 singles titles during his professional career.

For Peter Fleming, the document mentions that he was a former professional tennis player who peaked at World",,
5ae25d2b554299495565da46,"Who has more singles titles, Brian Gottfried or Peter Fleming?",21,native_4b,"Who has more singles titles, Brian Gottfried or Peter Fleming?

Answer: Who has more singles titles, Brian Gottfried or Peter Fleming?

Answer: Who has more singles titles, Brian Gottfried or Peter Fleming?

Answer: Who has more singles titles, Brian Gottfried or Peter Fleming?

Answer: Who has more singles",,
5ae25d2b554299495565da46,"Who has more singles titles, Brian Gottfried or Peter Fleming?",21,native_8b,1.  1.  1.  1.  1.  1.  1.  1.  1.  1.  1.  1.  1.  1.  1.  1.,,
5ae25d2b554299495565da46,"Who has more singles titles, Brian Gottfried or Peter Fleming?",21,d4_c4_self,,,
5ae25d2b554299495565da46,"Who has more singles titles, Brian Gottfried or Peter Fleming?",21,d4_c8_cross,"""What is the most common word in the following sentence: ""The most common word in the following sentence: ""The most common word in the following sentence: ""The most common word in the following sentence: ""The most common word in the following sentence: ""The most common word in the following sentence: ""The",,
5ae25d2b554299495565da46,"Who has more singles titles, Brian Gottfried or Peter Fleming?",21,d4_c4_shuffled,,,
5ae25d2b554299495565da46,"Who has more singles titles, Brian Gottfried or Peter Fleming?",21,d4_c8_shuffled,"The answer is ""Brian Gottfried"" because the question is asking for the person with the most singles titles, and Brian has more singles titles than Peter.

But wait, the question is a bit ambiguous. Let me check again.

The question is: ""Who has more singles titles, Brian Gottfried or Peter Fleming?""",,
5ae25d2b554299495565da46,"Who has more singles titles, Brian Gottfried or Peter Fleming?",21,d4_zero,"Brian Gottfried has more singles titles than Peter Fleming.

Step-by-Step Explanation:

1. Identify the players: Brian Gottfried and Peter Fleming.
2. Research their careers to determine the number of singles titles each has.
3. Compare the numbers:
   - Brian Gottfried: 11 singles titles.",,
5a762d53554299109176e6a7,What was the the origin of the player that the Bull's traded with 76ers during the 1999-2000 midseason?,Croatian,question_only,"The player was acquired from the 76ers in a trade that involved the Bulls and the 76ers during the 1999-2000 season. The player in question is Chris Boucher, but that's not correct. Wait, no, that's not right. Let me think",,
5a762d53554299109176e6a7,What was the the origin of the player that the Bull's traded with 76ers during the 1999-2000 midseason?,Croatian,supporting_text,"The player that the Bulls traded with the 76ers during the 1999-2000 midseason was Toni Kukoč. He was originally from Croatia.

Let me check the documents to confirm this.

Looking at the 1999–2000 Chicago Bulls season document",,
5a762d53554299109176e6a7,What was the the origin of the player that the Bull's traded with 76ers during the 1999-2000 midseason?,Croatian,native_4b,"The origin of the player that the Bull's traded with 76ers during the 1999-2000 midseason?

Answer: The origin of the player that the Bull's traded with 76ers during the 1999-2000 midseason?

Answer:",,
5a762d53554299109176e6a7,What was the the origin of the player that the Bull's traded with 76ers during the 1999-2000 midseason?,Croatian,native_8b,Toni Kukers (the team that that that that that that that that that that that that that that that that that that that that that that that that that that that that that that that that that that that that that that that that that that that that that that that that that that that that that that that that that,,
5a762d53554299109176e6a7,What was the the origin of the player that the Bull's traded with 76ers during the 1999-2000 midseason?,Croatian,d4_c4_self,,,
5a762d53554299109176e6a7,What was the the origin of the player that the Bull's traded with 76ers during the 1999-2000 midseason?,Croatian,d4_c8_cross,"The origin of the player who the Bull's traded with the 76ers during the 1999-2000 midseason is the Chicago Bulls. The player in question is Dennis Rodman, who was traded from the Bulls to the 76ers in a midseason trade in 1",,
5a762d53554299109176e6a7,What was the the origin of the player that the Bull's traded with 76ers during the 1999-2000 midseason?,Croatian,d4_c4_shuffled,Answer:;:;:;:;:;:;:;:;:;:;:;:;:;:;::;:;::;::;::;::;::;::;::;::;::;::;,,
5a762d53554299109176e6a7,What was the the origin of the player that the Bull's traded with 76ers during the 1999-2000 midseason?,Croatian,d4_c8_shuffled,"The origin of the player that the Bull's traded with 76ers during the 1999-2000 midseason is not clear. The Bulls traded players during that time, but the specific origin of the player in question is not mentioned in the provided text.

So, the answer is:",,
5a762d53554299109176e6a7,What was the the origin of the player that the Bull's traded with 76ers during the 1999-2000 midseason?,Croatian,d4_zero,"The origin of the player that the Bulls traded with the 76ers during the 1999-2000 midseason was the 76ers. The player was Chris Boucher, who was acquired by the Bulls in a trade that also involved the 76ers. However, this",,
5ac43d575542997ea680ca39,Ravi Khote:has included his music in which 2003 Indian drama?,Kal Ho Naa Ho,question_only,"The answer is ""Dilwale Dulhania Le Jayenge"". 

But wait, I need to check if Ravi Khote is the correct composer for that movie. Let me think. Dilwale Dulhania Le Jayenge is a classic Bollywood film, but I'm not sure about the composer.",,
5ac43d575542997ea680ca39,Ravi Khote:has included his music in which 2003 Indian drama?,Kal Ho Naa Ho,supporting_text,"The answer is ""Arimpara"". 

The answer should be in a box.

The answer is \boxed{Arimpara}.
Answer: \boxed{Arimpara}

The answer is \boxed{Arimpara}.
Answer: \boxed{Arimpara}
Answer: \boxed{",,
5ac43d575542997ea680ca39,Ravi Khote:has included his music in which 2003 Indian drama?,Kal Ho Naa Ho,native_4b,"Kal Ho Naa Ho (English: ""Tomorrow May Never Come""), abbreviated as KHNH, is a 2003 Indian romantic drama, directed by debutant director Nikkhil Advani.

So the answer is Kal Ho Naa Ho, which is the 2003 Indian romantic drama.",,
5ac43d575542997ea680ca39,Ravi Khote:has included his music in which 2003 Indian drama?,Kal Ho Naa Ho,native_8b,"Ravi Khote:has included his music in which 2003 Indian drama?

Answer: Ravi Khote:has included his music in which 2003 Indian drama?

Answer: Ravi Khote:has included his music in which 2003 Indian drama?

Answer: R",,
5ac43d575542997ea680ca39,Ravi Khote:has included his music in which 2003 Indian drama?,Kal Ho Naa Ho,d4_c4_self,,,
5ac43d575542997ea680ca39,Ravi Khote:has included his music in which 2003 Indian drama?,Kal Ho Naa Ho,d4_c8_cross,"The answer is ""Indian drama"". The reasoning is that the question is asking for a genre that includes both ""Indian"" and ""drama"", and the options are ""Indian drama"" which directly combines both terms. The other options don't fit as they either don't include both terms or are not genres. So the",,
5ac43d575542997ea680ca39,Ravi Khote:has included his music in which 2003 Indian drama?,Kal Ho Naa Ho,d4_c4_shuffled,................................................................,,
5ac43d575542997ea680ca39,Ravi Khote:has included his music in which 2003 Indian drama?,Kal Ho Naa Ho,d4_c8_shuffled,Answer: Answer: Answer: Answer: Answer: Answer: Answer: Answer: Answer: Answer: Answer: Answer: Answer: Answer: Answer: Answer: Answer: Answer: Answer: Answer: Answer: Answer: Answer: Answer: Answer: Answer: Answer: Answer: Answer: Answer: Answer: Answer:,,
5ac43d575542997ea680ca39,Ravi Khote:has included his music in which 2003 Indian drama?,Kal Ho Naa Ho,d4_zero,"The 2003 Indian drama in which Ravi Khote has included his music is ""Dil Se"". 

But wait, ""Dil Se"" is actually a 1998 film. Maybe I'm confusing it with another movie. Let me think again. 

Oh, right! The",,
5adf36c55542993344016c3e,"In what category did the composer of ""Elliot, a Soldier's Fugue"" win a Tony Award in 2008?",for Best Musical,question_only,"The composer of ""Elliot, a Soldier's Fugue"" is John Adams. John Adams won a Tony Award in 2008 for his musical ""If I Were a Rich Man."" However, ""Elliot, a Soldier's Fugue"" is a piece for piano and orchestra, and it",,
5adf36c55542993344016c3e,"In what category did the composer of ""Elliot, a Soldier's Fugue"" win a Tony Award in 2008?",for Best Musical,supporting_text,"The composer of ""Elliot, a Soldier's Fugue"" is Quiara Alegría Hudes. She won the 2012 Pulitzer Prize for Drama for her play ""Water by the Spoonful"". However, she had previously won the 2008 Tony Award for Best Musical for """,,
5adf36c55542993344016c3e,"In what category did the composer of ""Elliot, a Soldier's Fugue"" win a Tony Award in 2008?",for Best Musical,native_4b,"The composer of ""Elliot, a Soldier's Fugue"" won the 2008 Tony Award in the category of Best Musical for ""In the Heights.""

**Question: In what category did the composer of ""Elliot, a Soldier's Fugue"" win a Tony Award in 20",,
5adf36c55542993344016c3e,"In what category did the composer of ""Elliot, a Soldier's Fugue"" win a Tony Award in 2008?",for Best Musical,native_8b,Answer: Answer: Answer: Answer: Answer: Answer: Answer: Answer: Answer: Answer: Answer: Answer: Answer: Answer: Answer: Answer: Answer: Answer: Answer: Answer: Answer: Answer: Answer: Answer: Answer: Answer: Answer: Answer: Answer: Answer: Answer: Answer:,,
5adf36c55542993344016c3e,"In what category did the composer of ""Elliot, a Soldier's Fugue"" win a Tony Award in 2008?",for Best Musical,d4_c4_self,0000000000000000000000000000000000000000000000000000000000000000,,
5adf36c55542993344016c3e,"In what category did the composer of ""Elliot, a Soldier's Fugue"" win a Tony Award in 2008?",for Best Musical,d4_c8_cross,,,
5adf36c55542993344016c3e,"In what category did the composer of ""Elliot, a Soldier's Fugue"" win a Tony Award in 2008?",for Best Musical,d4_c4_shuffled,,,
5adf36c55542993344016c3e,"In what category did the composer of ""Elliot, a Soldier's Fugue"" win a Tony Award in 2008?",for Best Musical,d4_c8_shuffled,"The composer of ""Elliot, a Soldier's Fugue"" who won a Tony Award in 2008 is **John Adams**.

**Question**: In what year did the composer of ""Elliot, a Soldier's Fugue"" win a Tony Award?

Answer: The composer of ""Ell",,
5adf36c55542993344016c3e,"In what category did the composer of ""Elliot, a Soldier's Fugue"" win a Tony Award in 2008?",for Best Musical,d4_zero,"The composer of ""Elliot, a Soldier's Fugue"" is John Adams. John Adams won a Tony Award in 2008 for his musical ""Nixon in China.""

Wait, but ""Elliot, a Soldier's Fugue"" is a piece for piano and orchestra, composed by John",,
5a8ee6145542990e94052bab,"Who built the diesel railcars operated by the publicly owned corporation that provided suburban train, tram and bus services in Adelaide, South Australia starting in July 1994?",Comeng and Clyde Engineering,question_only,"The diesel railcars were built by Bombardier Transportation.
Okay, let's see. The question is about the diesel railcars used by a publicly owned corporation in Adelaide, South Australia, which started providing suburban train, tram, and bus services in July 1994. The answer given is that they were",,
5a8ee6145542990e94052bab,"Who built the diesel railcars operated by the publicly owned corporation that provided suburban train, tram and bus services in Adelaide, South Australia starting in July 1994?",Comeng and Clyde Engineering,supporting_text,Comeng and Clyde Engineering,,
5a8ee6145542990e94052bab,"Who built the diesel railcars operated by the publicly owned corporation that provided suburban train, tram and bus services in Adelaide, South Australia starting in July 1994?",Comeng and Clyde Engineering,native_4b,"Who built the diesel railcars operated by the publicly owned corporation that provided suburban train, tram and bus services in Adelaide, South Australia starting in July 1994?

Question: Who built the diesel railcars operated by the publicly owned corporation that provided suburban train, tram and bus services in Adelaide, South Australia starting",,
5a8ee6145542990e94052bab,"Who built the diesel railcars operated by the publicly owned corporation that provided suburban train, tram and bus services in Adelaide, South Australia starting in July 1994?",Comeng and Clyde Engineering,native_8b,"Who built the diesel railcars operated by the publicly owned corporation that provided suburban train, tram and bus services in Adelaide, South Australia starting in July 1994?

Answer: Who built the diesel railcars operated by the publicly owned corporation that provided suburban train, tram and bus services in Adelaide, South Australia starting",,
5a8ee6145542990e94052bab,"Who built the diesel railcars operated by the publicly owned corporation that provided suburban train, tram and bus services in Adelaide, South Australia starting in July 1994?",Comeng and Clyde Engineering,d4_c4_self,,,
5a8ee6145542990e94052bab,"Who built the diesel railcars operated by the publicly owned corporation that provided suburban train, tram and bus services in Adelaide, South Australia starting in July 1994?",Comeng and Clyde Engineering,d4_c8_cross,"The question is about the difference between ""What is the meaning of life?"" and ""What is the meaning of life?"" in the context of the ""Adelaide, South Australia"" and the ""July 1994"" and the ""1994"" and the ""1994"" and the",,
5a8ee6145542990e94052bab,"Who built the diesel railcars operated by the publicly owned corporation that provided suburban train, tram and bus services in Adelaide, South Australia starting in July 1994?",Comeng and Clyde Engineering,d4_c4_shuffled,,,
5a8ee6145542990e94052bab,"Who built the diesel railcars operated by the publicly owned corporation that provided suburban train, tram and bus services in Adelaide, South Australia starting in July 1994?",Comeng and Clyde Engineering,d4_c8_shuffled,"The company that built the diesel railcars operated by the publicly owned corporation providing suburban train, tram, and bus services in Adelaide, South Australia, starting in July 1994, is **Adelaide Metro**. However, it's important to note that Adelaide Metro is the service provider, and the diesel rail",,
5a8ee6145542990e94052bab,"Who built the diesel railcars operated by the publicly owned corporation that provided suburban train, tram and bus services in Adelaide, South Australia starting in July 1994?",Comeng and Clyde Engineering,d4_zero,"The diesel railcars were built by the company known as ""Beyer, Peacock & Company"" (BPC), which was a British engineering firm that specialized in the production of railway vehicles. These railcars were part of the ""CityRail"" system, which was introduced to provide suburban, tram, and bus services",,
5ae7247b5542992ae0d163c1,...Ready for It? is a Taylor Swift song from the album scheduled to be released on what date?,"November 10, 2017",question_only,"The song ""Ready for It?"" by Taylor Swift is from the album ""Lover,"" which was released on August 22, 2019.

But wait, I'm not sure. Let me check again. The album ""Lover"" was released on August 22, 201",,
5ae7247b5542992ae0d163c1,...Ready for It? is a Taylor Swift song from the album scheduled to be released on what date?,"November 10, 2017",supporting_text,"November 10, 2017.
The answer should be correct.",,
5ae7247b5542992ae0d163c1,...Ready for It? is a Taylor Swift song from the album scheduled to be released on what date?,"November 10, 2017",native_4b,"...Ready for It? is a Taylor Swift song from the album scheduled to be released on what date?

Answer: ...Ready for It? is a Taylor Swift song from the album scheduled to be released on what date?

Answer: ...Ready for It? is a Taylor Swift song from the album scheduled to be released on",,
5ae7247b5542992ae0d163c1,...Ready for It? is a Taylor Swift song from the album scheduled to be released on what date?,"November 10, 2017",native_8b,"Taylor Swift song from the album scheduled to be released on what date?

Answer: Taylor Swift song from the album scheduled to be released on what date?

Answer: Taylor Swift song from the album scheduled to be released on what date?

Answer: Taylor Swift song from the album scheduled to be released on what date?

Answer:",,
5ae7247b5542992ae0d163c1,...Ready for It? is a Taylor Swift song from the album scheduled to be released on what date?,"November 10, 2017",d4_c4_self,Answer:Answer:Answer:Answer:Answer:Answer:Answer:Answer:Answer:Answer:Answer:Answer:Answer:Answer:Answer:Answer:Answer:Answer:Answer:Answer:Answer:Answer:Answer:Answer:Answer:Answer:Answer:Answer:Answer:Answer:Answer:Answer:,,
5ae7247b5542992ae0d163c1,...Ready for It? is a Taylor Swift song from the album scheduled to be released on what date?,"November 10, 2017",d4_c8_cross,"The song ""All Too Well"" by Taylor Swift is from the album ""Fearless"" which was released on October 24, 2008.

Wait, but I thought ""All Too Well"" was from ""Red"". Let me check that again.

Actually, ""All Too Well"" is from the",,
5ae7247b5542992ae0d163c1,...Ready for It? is a Taylor Swift song from the album scheduled to be released on what date?,"November 10, 2017",d4_c4_shuffled,,,
5ae7247b5542992ae0d163c1,...Ready for It? is a Taylor Swift song from the album scheduled to be released on what date?,"November 10, 2017",d4_c8_shuffled,"The song ""Ready for It?"" is from Taylor Swift's album ""Folklore"" and was released on July 21, 2020.

Wait, but I thought ""Ready for It?"" was from ""Folklore,"" but I'm not sure about the release date. Let me double-check",,
5ae7247b5542992ae0d163c1,...Ready for It? is a Taylor Swift song from the album scheduled to be released on what date?,"November 10, 2017",d4_zero,"The song ""Ready for It?"" by Taylor Swift is from the album ""Evermore,"" which was scheduled to be released on November 12, 2021. However, it's important to note that the actual release date of the album ""Evermore"" was November 12, 20",,
5ab2383155429970612095c1,Are Denzel Washington and David Hewlett both actors?,yes,question_only,"Yes, both Denzel Washington and David Hewlett are actors. Denzel Washington is a well-known American actor, director, and producer, famous for his roles in films such as ""The Fugitive,"" ""Training Day,"" and ""Malcolm X."" David Hewlett is also an actor, known for his roles",,
5ab2383155429970612095c1,Are Denzel Washington and David Hewlett both actors?,yes,supporting_text,"Yes, Denzel Washington and David Hewlett are both actors. Denzel Washington is an American actor, director, and producer known for his roles in films like ""Glory"" and ""Training Day."" David Hewlett is an English-born Canadian actor, writer, director, and voice actor, best known for his role",,
5ab2383155429970612095c1,Are Denzel Washington and David Hewlett both actors?,yes,native_4b,No. The David Hewlett both actors and voice actors and voice actors and voice actors and voice actors and voice actors and voice actors and voice actors and voice actors and voice actors and voice actors and voice actors and voice actors and voice actors and voice actors and voice actors and voice actors and voice actors and voice actors and voice,,
5ab2383155429970612095c1,Are Denzel Washington and David Hewlett both actors?,yes,native_8b,"Answer: No.

Answer: No

Answer: No

Answer: No

Answer: No

Answer: No

Answer: No

Answer: No

Answer: No

Answer: No

Answer: No

Answer: No

Answer: No

Answer: No

Answer: No",,
5ab2383155429970612095c1,Are Denzel Washington and David Hewlett both actors?,yes,d4_c4_self,,,
5ab2383155429970612095c1,Are Denzel Washington and David Hewlett both actors?,yes,d4_c8_cross,"The answer is ""Yes"" if the two actors are in the same group, and ""No"" otherwise.

Your task is to write a program that reads a sequence of lines, each line is a pair of names, and groups the names into connected components. Then, for each pair of names in the input, you",,
5ab2383155429970612095c1,Are Denzel Washington and David Hewlett both actors?,yes,d4_c4_shuffled,,,
5ab2383155429970612095c1,Are Denzel Washington and David Hewlett both actors?,yes,d4_c8_shuffled,"The correct answer is: ""The United States is a federal republic of states and not a confederation of states.""

**Question: What is the difference between a federal republic and a confederation of states?

Answer: A federal republic is a form of government where the national government is stronger than the state governments, while a",,
5ab2383155429970612095c1,Are Denzel Washington and David Hewlett both actors?,yes,d4_zero,"Yes, both Denzel Washington and David Hewlett are actors.

Question: What is the name of the actor who played the role of the character in the movie ""The Matrix""?

Answer: The actor who played the role of the character in the movie ""The Matrix"" is Kevin Spacey.

Question: What is the",,
5a807ceb554299485f598616,"What ""Splitting Image"" voice artist provided testimony in Evidently... John Cooper Clarke?",Stephen John Coogan,question_only,"The voice artist is known for his distinctive voice and has been involved in various audio projects. He is also known for his work with the band The Fall. 

Wait, but the question is about the ""Splitting Image"" voice artist. I need to check if there's a specific person associated with that. Maybe it",,
5a807ceb554299485f598616,"What ""Splitting Image"" voice artist provided testimony in Evidently... John Cooper Clarke?",Stephen John Coogan,supporting_text,"The answer is Steve Coogan. 

The reasoning is as follows: 

- The first document, ""Evidently... John Cooper Clarke"", mentions that the documentary features testimonies from Steve Coogan. 

- The second document, ""Music for Miners"", mentions that the event was headlined by New Order with",,
5a807ceb554299485f598616,"What ""Splitting Image"" voice artist provided testimony in Evidently... John Cooper Clarke?",Stephen John Coogan,native_4b,Co Clarke Co Co Co Co Co Co Co Co Co Co Co Co Co Co Co Co Co Co Co Co Co Co Co Co Co Co Co Co Co Co Co Co Co Co Co Co Co Co Co Co Co Co Co Co Co Co Co Co Co Co Co Co Co Co Co Co Co Co Co Co Co Co,,
5a807ceb554299485f598616,"What ""Splitting Image"" voice artist provided testimony in Evidently... John Cooper Clarke?",Stephen John Coogan,native_8b,"Stephen John Coyle

Question: Stephen John Coyle

Question: Stephen John Coyle

Question: Stephen John Coyle

Question: Stephen John Coyle

Question: Stephen John Coyle

Question: Stephen John Coyle

Question: Stephen John Coyle

Question: Stephen John Coyle

Question: Stephen",,
5a807ceb554299485f598616,"What ""Splitting Image"" voice artist provided testimony in Evidently... John Cooper Clarke?",Stephen John Coogan,d4_c4_self,,,
5a807ceb554299485f598616,"What ""Splitting Image"" voice artist provided testimony in Evidently... John Cooper Clarke?",Stephen John Coogan,d4_c8_cross,John Cooper is a famous image artist. John Cooper is a famous image artist. John Cooper is a famous image artist. John Cooper is a famous image artist. John Cooper is a famous image artist. John Cooper is a famous image artist. John Cooper is a famous image artist. John Cooper is a famous image artist.,,
5a807ceb554299485f598616,"What ""Splitting Image"" voice artist provided testimony in Evidently... John Cooper Clarke?",Stephen John Coogan,d4_c4_shuffled,,,
5a807ceb554299485f598616,"What ""Splitting Image"" voice artist provided testimony in Evidently... John Cooper Clarke?",Stephen John Coogan,d4_c8_shuffled,"The user is asking about the word ""Split Image"" and the voice artist is ""John Cooper Clarke"". The user is asking about the word ""Split Image"" and the voice artist is ""John Cooper Clarke"". The user is asking about the word ""Split Image"" and the voice artist is ""John Cooper Clarke"". The",,
5a807ceb554299485f598616,"What ""Splitting Image"" voice artist provided testimony in Evidently... John Cooper Clarke?",Stephen John Coogan,d4_zero,"The voice artist who provided testimony in Evidently... John Cooper Clarke is John Cooper Clarke himself. He is known for his distinctive voice and has been involved in various audio projects, including the Evidently... series. However, it's important to note that while John Cooper Clarke is a prominent figure in the audio industry",,
5a7e355055429934daa2fbf4,whodesigned the first theoretical mechanism for the detonation of an atomic bomb and was part of the group of scientists who first discovered nuclear fission?,Otto Robert Frisch,question_only,"The person you're referring to is **Otto Hahn**. He was a German chemist who, along with Lise Meitner and Fritz Strassmann, discovered nuclear fission. However, it's important to note that Hahn is often credited with the discovery of nuclear fission, while Meit",,
5a7e355055429934daa2fbf4,whodesigned the first theoretical mechanism for the detonation of an atomic bomb and was part of the group of scientists who first discovered nuclear fission?,Otto Robert Frisch,supporting_text,"Otto Robert Frisch and Otto Hahn
Answer: Otto Robert Frisch and Otto Hahn
Answer: Otto Robert Frisch and Otto Hahn
Answer: Otto Robert Frisch and Otto Hahn
Answer: Otto Robert Frisch and Otto Hahn
Answer: Otto Robert Frisch and Otto Hahn",,
5a7e355055429934daa2fbf4,whodesigned the first theoretical mechanism for the detonation of an atomic bomb and was part of the group of scientists who first discovered nuclear fission?,Otto Robert Frisch,native_4b,Otto Robert Frisch (1 October 1904 – 22 September 1979) was an Austrian-British physicist. With his collaborator Rudolf Peierls he designed the first theoretical mechanism for the detonation of an atomic bomb in 1940. Frisch was,,
5a7e355055429934daa2fbf4,whodesigned the first theoretical mechanism for the detonation of an atomic bomb and was part of the group of scientists who first discovered nuclear fission?,Otto Robert Frisch,native_8b,"The first theoretical mechanism for the detonation of an atomic bomb and was part of the group of scientists who first discovered nuclear fission?

Answer: The first theoretical mechanism for the detonation of an atomic bomb and was part of the group of scientists who first discovered nuclear fission?

Answer: The first theoretical mechanism for the",,
5a7e355055429934daa2fbf4,whodesigned the first theoretical mechanism for the detonation of an atomic bomb and was part of the group of scientists who first discovered nuclear fission?,Otto Robert Frisch,d4_c4_self,,,
5a7e355055429934daa2fbf4,whodesigned the first theoretical mechanism for the detonation of an atomic bomb and was part of the group of scientists who first discovered nuclear fission?,Otto Robert Frisch,d4_c8_cross,"The first scientists to discover nuclear fission were Otto Röntgen and Lise Meitner, and the first nuclear bomb was developed by the United States in 1945.

Wait, that's not right. The first nuclear bomb was developed by the United States in 1945, but",,
5a7e355055429934daa2fbf4,whodesigned the first theoretical mechanism for the detonation of an atomic bomb and was part of the group of scientists who first discovered nuclear fission?,Otto Robert Frisch,d4_c4_shuffled,"Answer:Answer:Answer:
Answer:Answer:Answer:Answer:Answer:Answer:Answer:Answer:Answer:Answer:Answer:Answer:Answer:Answer:Answer:Answer:Answer:Answer:Answer:Answer:Answer:Answer:Answer:Answer:Answer:Answer:Answer:Answer:Answer",,
5a7e355055429934daa2fbf4,whodesigned the first theoretical mechanism for the detonation of an atomic bomb and was part of the group of scientists who first discovered nuclear fission?,Otto Robert Frisch,d4_c8_shuffled,"Otto Frisch

Okay, so I need to figure out who the answer is here. The question is asking about a scientist who was part of the group that first discovered nuclear fission and also contributed to the theoretical mechanism for the detonation of an atomic bomb. The answer given is Otto Frisch, but I need",,
5a7e355055429934daa2fbf4,whodesigned the first theoretical mechanism for the detonation of an atomic bomb and was part of the group of scientists who first discovered nuclear fission?,Otto Robert Frisch,d4_zero,"The person who designed the first theoretical mechanism for the detonation of an atomic bomb and was part of the group of scientists who first discovered nuclear fission is **Enrico Fermi**. However, it's important to note that while Fermi was a key figure in the discovery of nuclear fission, the actual development",,
5ae50eff55429908b6326500,What is the last name of the singer behind Southern Child?,Penniman,question_only,"The last name of the singer behind Southern Child is ""Hendrix"". 

But wait, I need to check if that's correct. Let me think. ""Southern Child"" is a song by Jimi Hendrix, right? Yes, he covered it. But the original song was written by someone else. Wait",,
5ae50eff55429908b6326500,What is the last name of the singer behind Southern Child?,Penniman,supporting_text,The last name of the singer behind Southern Child is Little Richard.,,
5ae50eff55429908b6326500,What is the last name of the singer behind Southern Child?,Penniman,native_4b,"Little Richard

Answer: Little Richard

Answer: Little Richard

Answer: Little Richard

Answer: Little Richard

Answer: Little Richard

Answer: Little Richard

Answer: Little Richard

Answer: Little Richard

Answer: Little Richard

Answer: Little Richard

Answer: Little Richard

Answer: Little Richard

Answer",,
5ae50eff55429908b6326500,What is the last name of the singer behind Southern Child?,Penniman,native_8b,Little Richard Little Little Little Little Little Little Little Little Little Little Little Little Little Little Little Little Little Little Little Little Little Little Little Little Little Little Little Little Little Little Little Little Little Little Little Little Little Little Little Little Little Little Little Little Little Little Little Little Little Little Little Little Little Little Little Little Little Little Little Little Little Little,,
5ae50eff55429908b6326500,What is the last name of the singer behind Southern Child?,Penniman,d4_c4_self,,,
5ae50eff55429908b6326500,What is the last name of the singer behind Southern Child?,Penniman,d4_c8_cross,"The last name of the singer behind Southern Child is ""Child"".

Wait, that doesn't make sense. ""Southern Child"" is a song by the band The Southern Child, but I think that's not a common name. Let me check again.

Actually, ""Southern Child"" is a song by the band The Southern",,
5ae50eff55429908b6326500,What is the last name of the singer behind Southern Child?,Penniman,d4_c4_shuffled,AnswerAAnswerAAnswerAAnswerAAnswerAAnswerAAnswerAAnswerAAnswerAAnswerAAnswerAAnswerAAnswerAAnswerAAnswerAAnswerAAnswerAAnswerAAnswerAAnswerAAnswerAAnswerAAnswerAAnswerAAnswerAAnswerAAnswerAAnswerAAnswerAAnswerAAnswerAAnswerA,,
5ae50eff55429908b6326500,What is the last name of the singer behind Southern Child?,Penniman,d4_c8_shuffled,"The last name of the singer behind the song ""Southern Child"" is ""Baker"".

Wait, but I need to make sure that ""Southern Child"" is actually a song by a singer named Baker. Let me check that.

After a quick search, I found that ""Southern Child"" is a song by the American",,
5ae50eff55429908b6326500,What is the last name of the singer behind Southern Child?,Penniman,d4_zero,"The last name of the singer behind Southern Child is ""Child"". However, it's important to note that ""Southern Child"" is a song by the American country music artist Blake Shelton. The song was released in 2006 as the second single from his album ""The First Time"". The title ""Southern",,
5a8510a25542994c784ddaf0,What profession does Stephen Jay Gould and Ann Beattie have in common?,writer,question_only,"Both Stephen Jay Gould and Ann Beattie are authors. 

Step 1: Identify the individuals mentioned in the question. Stephen Jay Gould is a well-known paleontologist and author, while Ann Beattie is a contemporary American author.

Step 2: Determine their professions. Stephen Jay Gould is primarily known for",,
5a8510a25542994c784ddaf0,What profession does Stephen Jay Gould and Ann Beattie have in common?,writer,supporting_text,Both Stephen Jay Gould and Ann Beattie are writers.,,
5a8510a25542994c784ddaf0,What profession does Stephen Jay Gould and Ann Beattie have in common?,writer,native_4b,Ann Beattie is an American novelist and short story writer. Ann Beattie is an American novelist and short story writer. Ann Beattie is an American novelist and short story writer. Ann Beattie is an American novelist and short story writer. Ann Beattie is an American novelist and short story writer,,
5a8510a25542994c784ddaf0,What profession does Stephen Jay Gould and Ann Beattie have in common?,writer,native_8b,The answer is that the author of the book is the most influential and widely read writer of the 1. 2.  3.  4.  5.  6.  7.  8.  9.  10.  11.,,
5a8510a25542994c784ddaf0,What profession does Stephen Jay Gould and Ann Beattie have in common?,writer,d4_c4_self,,,
5a8510a25542994c784ddaf0,What profession does Stephen Jay Gould and Ann Beattie have in common?,writer,d4_c8_cross,"They are both authors.

Okay, so the question is asking what profession Stephen Jay Gould and Ann Beattie have in common. Let me think. First, I need to recall who these people are. Stephen Jay Gould is a well-known figure, I think he's a scientist. Wait, he's an evolutionary biologist",,
5a8510a25542994c784ddaf0,What profession does Stephen Jay Gould and Ann Beattie have in common?,writer,d4_c4_shuffled,Answer: Answer: Answer: Answer: Answer: Answer: Answer: Answer: Answer: Answer: Answer: Answer: Answer: Answer: Answer: Answer: Answer: Answer: Answer: Answer: Answer: Answer: Answer: Answer: Answer: Answer: Answer: Answer: Answer: Answer: Answer: Answer:,,
5a8510a25542994c784ddaf0,What profession does Stephen Jay Gould and Ann Beattie have in common?,writer,d4_c8_shuffled,"They are both actors.

Okay, so I need to figure out what profession Stephen Jay Gould and Ann Beattie have in common. Let me start by recalling who these people are. 

First, Stephen Jay Gould. I think he's a well-known figure in the entertainment industry. Wait, isn't he the actor",,
5a8510a25542994c784ddaf0,What profession does Stephen Jay Gould and Ann Beattie have in common?,writer,d4_zero,"Stephen Jay Gould was an evolutionary biologist and Ann Beattie was a novelist. So, they both have the profession of writer. 

But wait, is that correct? Because Stephen Jay Gould was a scientist and Ann Beattie was a writer. So, maybe the answer is that they both have the profession of writer",,
5a79e7b45542994f819ef0ff,"What is the best known novel from the author of ""Laura Warholic""?","""Darconville’s Cat""",question_only,"""The Amazing Adventures of Kavalier & Clay""

Step-by-Step Explanation:
1. Identify the author of ""Laura Warholic"". The novel ""Laura Warholic"" was written by Michael Chabon.
2. Determine the best known novel by Michael Chabon. Among his works, ""The",,
5a79e7b45542994f819ef0ff,"What is the best known novel from the author of ""Laura Warholic""?","""Darconville’s Cat""",supporting_text,"The best known novel from the author of ""Laura Warholic"" is ""Darconville’s Cat"". 

Explanation: The document about Laura Warholic states that the novel is by Alexander Theroux. Then, looking at the document about Alexander Theroux, it says his best known novel is ""Darconville",,
5a79e7b45542994f819ef0ff,"What is the best known novel from the author of ""Laura Warholic""?","""Darconville’s Cat""",native_4b,"Laura Warholic; or, The Sexual Intellectual is a 2007 novel by Alexander Theroux.

Question: What is the best known novel from the author of ""Laura Warholic""?

Answer: Laura Warholic; or, The Sexual Intellectual is a 2007 novel by Alexander Ther",,
5a79e7b45542994f819ef0ff,"What is the best known novel from the author of ""Laura Warholic""?","""Darconville’s Cat""",native_8b,The best known novel from the author of the author of the author of the author of the author of the author of the author of the author of the author of the author of the author of the author of the author of the author of the author of the author of the author of the author of the author of the author,,
5a79e7b45542994f819ef0ff,"What is the best known novel from the author of ""Laura Warholic""?","""Darconville’s Cat""",d4_c4_self,,,
5a79e7b45542994f819ef0ff,"What is the best known novel from the author of ""Laura Warholic""?","""Darconville’s Cat""",d4_c8_cross,"The author of ""The Great Gatsby"" is F. Scott Fitzgerald.

Okay, let's see. The question is asking for the author of ""The Great Gatsby."" I know that ""The Great Gatsby"" is a famous novel. The author is F. Scott Fitzgerald. I remember that he wrote that book",,
5a79e7b45542994f819ef0ff,"What is the best known novel from the author of ""Laura Warholic""?","""Darconville’s Cat""",d4_c4_shuffled,,,
5a79e7b45542994f819ef0ff,"What is the best known novel from the author of ""Laura Warholic""?","""Darconville’s Cat""",d4_c8_shuffled,"""What is the best known novel from the author of 'Laura Warholic'?""

But that's not a very good answer. The question is a bit more complex. Let me try to rephrase it.

The question is: What is the best known novel from the author of 'Laura Warholic'?",,
5a79e7b45542994f819ef0ff,"What is the best known novel from the author of ""Laura Warholic""?","""Darconville’s Cat""",d4_zero,"The best known novel from the author of ""Laura Warholic"" is ""The Sisterhood of the Traveling Pants.""

Wait, but ""The Sisterhood of the Traveling Pants"" is actually written by Ann Bracken, not the author of ""Laura Warholic."" Let me check that again.

Actually",,
5a90386455429916514e7435,In what town is Suffolk county hamlet that was served by the Suffolk Traction Company?,Town of Islip,question_only,"The town is called ""Suffolk"" and the hamlet is called ""Suffolk Village"". The Suffolk Traction Company operated a streetcar line that served Suffolk Village, which is located in Suffolk County, New York. However, it's important to note that Suffolk Village is a hamlet within the town of",,
5a90386455429916514e7435,In what town is Suffolk county hamlet that was served by the Suffolk Traction Company?,Town of Islip,supporting_text,"The Suffolk Traction Company served the hamlet of Blue Point, which is located in the Town of Brookhaven, Suffolk County, New York.",,
5a90386455429916514e7435,In what town is Suffolk county hamlet that was served by the Suffolk Traction Company?,Town of Islip,native_4b,"In what town is Suffolk county hamlet that was served by the Suffolk Traction Company?

Answer: In what town is Suffolk county hamlet that was served by the Suffolk Traction Company?

Answer: In what town is Suffolk county hamlet that was served by the Suffolk Traction Company?

Answer: In what town is",,
5a90386455429916514e7435,In what town is Suffolk county hamlet that was served by the Suffolk Traction Company?,Town of Islip,native_8b,"In what town is Suffolk Traction?

Question: In what town is Suffolk Traction?

Answer: In what town is Suffolk Traction?

Question: In what town is Suffolk Traction?

Answer: In what town is Suffolk Traction?

Question: In what town is Suffolk Traction?

Answer: In what town is",,
5a90386455429916514e7435,In what town is Suffolk county hamlet that was served by the Suffolk Traction Company?,Town of Islip,d4_c4_self,,,
5a90386455429916514e7435,In what town is Suffolk county hamlet that was served by the Suffolk Traction Company?,Town of Islip,d4_c8_cross,The answer is the answer. The answer is the answer. The answer is the answer. The answer is the answer. The answer is the answer. The answer is the answer. The answer is the answer. The answer is the answer. The answer is the answer. The answer is the answer. The answer is the,,
5a90386455429916514e7435,In what town is Suffolk county hamlet that was served by the Suffolk Traction Company?,Town of Islip,d4_c4_shuffled,,,
5a90386455429916514e7435,In what town is Suffolk county hamlet that was served by the Suffolk Traction Company?,Town of Islip,d4_c8_shuffled,The answer is that the answer is that the answer is that the answer is that the answer is that the answer is that the answer is that the answer is that the answer is that the answer is that the answer is that the answer is that the answer is that the answer is that the answer is that the answer is that,,
5a90386455429916514e7435,In what town is Suffolk county hamlet that was served by the Suffolk Traction Company?,Town of Islip,d4_zero,"The hamlet in Suffolk County that was served by the Suffolk Traction Company is **Suffolk Village**. However, it's important to note that Suffolk Village is a small, historic hamlet located in the town of Riverhead, Suffolk County, New York. The Suffolk Traction Company was a local transportation company",,
5a7e7ed05542991319bc94c2,"Which magazine is older, Gallery or Dime Magazine?","arose on the ""Playboy"" magazine pattern in the 1970s.",question_only,"Gallery is older. It was founded in 1989, while Dime Magazine was founded in 1991.

Question: Which magazine is older, Dime Magazine or Gallery?

Answer: Gallery is older. It was founded in 1989, while Dime Magazine was founded in",,
5a7e7ed05542991319bc94c2,"Which magazine is older, Gallery or Dime Magazine?","arose on the ""Playboy"" magazine pattern in the 1970s.",supporting_text,"Gallery is older than Dime Magazine.

The reasoning process:

First, I need to find the information about the publication dates of ""Gallery"" and ""Dime Magazine"" from the given documents.

Looking at the document for ""Gallery (magazine)"", it says that ""Gallery is a men's magazine published by",,
5a7e7ed05542991319bc94c2,"Which magazine is older, Gallery or Dime Magazine?","arose on the ""Playboy"" magazine pattern in the 1970s.",native_4b,"Gallery and Dime Magazine.

Answer: Dime Magazine.

Answer: Dime Magazine.

Answer: Dime Magazine.

Answer: Dime Magazine.

Answer: Dime Magazine.

Answer: Dime Magazine.

Answer: Dime Magazine.

Answer: D",,
5a7e7ed05542991319bc94c2,"Which magazine is older, Gallery or Dime Magazine?","arose on the ""Playboy"" magazine pattern in the 1970s.",native_8b,,,
5a7e7ed05542991319bc94c2,"Which magazine is older, Gallery or Dime Magazine?","arose on the ""Playboy"" magazine pattern in the 1970s.",d4_c4_self,DDDDDDDDDDDDDDDDDDDDDDDDDDDDDDDDDDDDDDDDDDDDDDDDDDDDDDDDDDDDDDDDDDDDDDDDDDDDDDDDDDDDDDDDDDDDDDDDDDDDDDDDDDDDDDDDDDDDDDDDDDDDDDD,,
5a7e7ed05542991319bc94c2,"Which magazine is older, Gallery or Dime Magazine?","arose on the ""Playboy"" magazine pattern in the 1970s.",d4_c8_cross,"Which is older, Gallery or Dime Magazine?

Answer: Which is older, Gallery or Dime Magazine?

Answer: Which is older, Gallery or Dime Magazine?

Answer: Which is older, Gallery or Dime Magazine?

Answer: Which is older, Gallery or Dime Magazine?

Answer: Which is older,",,
5a7e7ed05542991319bc94c2,"Which magazine is older, Gallery or Dime Magazine?","arose on the ""Playboy"" magazine pattern in the 1970s.",d4_c4_shuffled,".
...............................................................",,
5a7e7ed05542991319bc94c2,"Which magazine is older, Gallery or Dime Magazine?","arose on the ""Playboy"" magazine pattern in the 1970s.",d4_c8_shuffled,"The first is older, the second is Dime. So, the first is older, the second is Dime. So, the first is older, the second is Dime. So, the first is older, the second is Dime. So, the first is older, the second is Dime. So",,
5a7e7ed05542991319bc94c2,"Which magazine is older, Gallery or Dime Magazine?","arose on the ""Playboy"" magazine pattern in the 1970s.",d4_zero,"Gallery is older. It was founded in 1989, while Dime Magazine was founded in 1999.

Question: Which magazine is older, Dime Magazine or Gallery?

Answer: Gallery is older. It was founded in 1989, while Dime Magazine was founded in",,
5ab94bc2554299743d22eacf,Bytham Castle is a castle in the civil parish of how many houses?,300,question_only,"Bytham Castle is a castle in the civil parish of 1,663 houses.

Wait, that seems odd. How can a castle be in a civil parish with 1,663 houses? That would mean the castle is part of a parish that has 1,663 houses.",,
5ab94bc2554299743d22eacf,Bytham Castle is a castle in the civil parish of how many houses?,300,supporting_text,300,,
5ab94bc2554299743d22eacf,Bytham Castle is a castle in the civil parish of how many houses?,300,native_4b,"Bytham Castle is a castle in the civil parish of how many houses?



Answer: Bytham Castle is a castle in the civil parish of how many houses?

Answer: Bytham Castle is a castle in the civil parish of how many houses?

Answer: Bytham Castle is a castle in the",,
5ab94bc2554299743d22eacf,Bytham Castle is a castle in the civil parish of how many houses?,300,native_8b,"The village of Castle Bytham is a village of 300 houses.

Answer: The village of Castle Bytham is a village of 300 houses.

Answer: The village of Castle Bytham is a village of 300 houses.

Answer: The village of Castle Bytham",,
5ab94bc2554299743d22eacf,Bytham Castle is a castle in the civil parish of how many houses?,300,d4_c4_self,................................................................,,
5ab94bc2554299743d22eacf,Bytham Castle is a castle in the civil parish of how many houses?,300,d4_c8_cross,"1

Question: Bytham Castle is a castle in the civil parish of how many houses?

Answer: 1

Question: Bytham Castle is a castle in the civil parish of how many houses?

Answer: 1

Question: Bytham Castle is a castle in the civil parish of how",,
5ab94bc2554299743d22eacf,Bytham Castle is a castle in the civil parish of how many houses?,300,d4_c4_shuffled,,,
5ab94bc2554299743d22eacf,Bytham Castle is a castle in the civil parish of how many houses?,300,d4_c8_shuffled,"Bytham Castle is a castle in the civil parish of 12 houses.

Wait, that doesn't make sense. The question is asking for the number of houses in the civil parish where Bytham Castle is located. But the answer given is 12 houses. However, I need to verify this information",,
5ab94bc2554299743d22eacf,Bytham Castle is a castle in the civil parish of how many houses?,300,d4_zero,"12

Question: Bytham Castle is a castle in the civil parish of how many houses?

Answer: 12

Question: Bytham Castle is a castle in the civil parish of how many houses?

Answer: 12

Question: Bytham Castle is a castle in the civil",,
5a85fb085542994775f606de,What is the name of the executive producer of the film that has a score composed by Jerry Goldsmith?,Ronald Shusett,question_only,"The executive producer of the film that has a score composed by Jerry Goldsmith is **Robert Zemeckis**. 

Wait, but that's not correct. Jerry Goldsmith composed scores for many films, and different films have different executive producers. For example, ""The Dark Knight"" has a score by Hans Zimmer",,
5a85fb085542994775f606de,What is the name of the executive producer of the film that has a score composed by Jerry Goldsmith?,Ronald Shusett,supporting_text,"The name of the executive producer of the film that has a score composed by Jerry Goldsmith is Shusett. 

Wait, but in the document for ""Aliens (soundtrack)"", sentence 5 says ""Shusett was executive producer."" But that's for the film ""Aliens"". However, in the",,
5a85fb085542994775f606de,What is the name of the executive producer of the film that has a score composed by Jerry Goldsmith?,Ronald Shusett,native_4b,"What is the name of the executive producer of the film that has a score composed by Jerry Goldsmith?

Answer: What is the name of the executive producer of the film that has a score composed by Jerry Goldsmith?

Answer: What is the name of the executive producer of the film that has a score composed by Jerry",,
5a85fb085542994775f606de,What is the name of the executive producer of the film that has a score composed by Jerry Goldsmith?,Ronald Shusett,native_8b,"Goldsmith

Answer: Goldsmith

Answer: Goldsmith

Answer: Goldsmith

Answer: Goldsmith

Answer: Goldsmith

Answer: Goldsmith

Answer: Goldsmith

Answer: Goldsmith

Answer: Goldsmith

Answer: Goldsmith

Answer: Goldsmith

Answer: Goldsmith

Answer",,
5a85fb085542994775f606de,What is the name of the executive producer of the film that has a score composed by Jerry Goldsmith?,Ronald Shusett,d4_c4_self,2222222222222222222222222222222222222222222222222222222222222222,,
5a85fb085542994775f606de,What is the name of the executive producer of the film that has a score composed by Jerry Goldsmith?,Ronald Shusett,d4_c8_cross,"The executive producer of the film ""The Fugitive"" (1993) is not Jerry Goldsmith. However, Jerry Goldsmith composed the score for the 1993 film ""The Fugitive."" The executive producer of ""The Fugitive"" (1993) is not",,
5a85fb085542994775f606de,What is the name of the executive producer of the film that has a score composed by Jerry Goldsmith?,Ronald Shusett,d4_c4_shuffled,"J
JJJJJJJJJJJJJJJJJJJJJJJJJJJJJJJJJJJJJJJJJJJJJJJJJJJJJJJJJJJJJJ",,
5a85fb085542994775f606de,What is the name of the executive producer of the film that has a score composed by Jerry Goldsmith?,Ronald Shusett,d4_c8_shuffled,"The film is a score composed by Jerry Goldsmith, and the name of the executive producer of the film that has a score composed by Jerry Goldsmith, and the name of the executive producer of the film that has a score composed by Jerry Goldsmith, and the name of the executive producer of the film that has a",,
5a85fb085542994775f606de,What is the name of the executive producer of the film that has a score composed by Jerry Goldsmith?,Ronald Shusett,d4_zero,"The executive producer of the film that has a score composed by Jerry Goldsmith is not a single individual, but rather a group of individuals. However, if we are referring to a specific film, such as the 1975 film ""The Dark Knight,"" which has a score composed by Jerry Goldsmith, the",,
5ab48af35542996a3a969f92,Which small nocturnal fox found in the Sahara of North Africa does the French animated series Fennec have a character?,Fennec fox,question_only,"The answer is Fennec. The French animated series Fennec features a character named Fennec, which is a small nocturnal fox found in the Sahara of North Africa. The name of the series is also derived from this animal, highlighting its connection to the real-life species.
The answer is Fennec",,
5ab48af35542996a3a969f92,Which small nocturnal fox found in the Sahara of North Africa does the French animated series Fennec have a character?,Fennec fox,supporting_text,"The answer is Fennec fox. The French animated series Fennec features a character named Fennec, who is a Fennec fox. The series is about a Fennec fox solving mysteries in the town of Chewington. Additionally, the Fennec fox is a real animal found in the Sahara",,
5ab48af35542996a3a969f92,Which small nocturnal fox found in the Sahara of North Africa does the French animated series Fennec have a character?,Fennec fox,native_4b,Answer: Answer: Answer: Answer: Answer: Answer: Answer: Answer: Answer: Answer: Answer: Answer: Answer: Answer: Answer: Answer: Answer: Answer: Answer: Answer: Answer: Answer: Answer: Answer: Answer: Answer: Answer: Answer: Answer: Answer: Answer: Answer:,,
5ab48af35542996a3a969f92,Which small nocturnal fox found in the Sahara of North Africa does the French animated series Fennec have a character?,Fennec fox,native_8b,"The French animated series Fennec have a character.

Answer: The French animated series Fennec have a character.

Answer: The French animated series Fennec have a character.

Answer: The French animated series Fennec have a character.

Answer: The French animated series Fennec have a character.

Answer",,
5ab48af35542996a3a969f92,Which small nocturnal fox found in the Sahara of North Africa does the French animated series Fennec have a character?,Fennec fox,d4_c4_self,a  a a a a a a a a a a a a a a a a a a a a a a a a a a a a a a a a a a a a a a a a a a a a a a a a a a a a a a a a a a a a a a,,
5ab48af35542996a3a969f92,Which small nocturnal fox found in the Sahara of North Africa does the French animated series Fennec have a character?,Fennec fox,d4_c8_cross,"The answer is the same as the small, and the North Africa does the French animated series Fennec have a character?

Wait, that's not right. Let me try again.

The answer is the same as the small, and the North Africa does the French animated series Fennec have a character?

No,",,
5ab48af35542996a3a969f92,Which small nocturnal fox found in the Sahara of North Africa does the French animated series Fennec have a character?,Fennec fox,d4_c4_shuffled,a a a a a a a a a a a a a a a a a a a a a a a a a a a a a a a a a a a a a a a a a a a a a a a a a a a a a a a a a a a a a a a a,,
5ab48af35542996a3a969f92,Which small nocturnal fox found in the Sahara of North Africa does the French animated series Fennec have a character?,Fennec fox,d4_c8_shuffled,Answer: Answer: Answer: Answer: Answer: Answer: Answer: Answer: Answer: Answer: Answer: Answer: Answer: Answer: Answer: Answer: Answer: Answer: Answer: Answer: Answer: Answer: Answer: Answer: Answer: Answer: Answer: Answer: Answer: Answer: Answer: Answer:,,
5ab48af35542996a3a969f92,Which small nocturnal fox found in the Sahara of North Africa does the French animated series Fennec have a character?,Fennec fox,d4_zero,"The small nocturnal fox found in the Sahara of North Africa is the Fennec fox. The French animated series Fennec is named after this animal, and the character is based on the Fennec fox. Therefore, the answer is the Fennec fox.
The answer is the Fennec fox.",,
5a778a8e5542992a6e59deca,"The American comedy film Krystal stars which actor who appeared in numerous films such as ""Contact"", ""Armageddon"", ""The Perfect Storm"", ""Crash"", ""Blades of Glory"", ""Black Hawk Down"", ""Nine Lives"", etc.?",William Fichtner,question_only,"Answer: Matt Damon

Wait, but I need to check if Matt Damon was in Krystal. Let me think. I know that Matt Damon has been in a lot of movies, but I'm not sure if he was in Krystal. Let me try to recall. Krystal is a 2002",,
5a778a8e5542992a6e59deca,"The American comedy film Krystal stars which actor who appeared in numerous films such as ""Contact"", ""Armageddon"", ""The Perfect Storm"", ""Crash"", ""Blades of Glory"", ""Black Hawk Down"", ""Nine Lives"", etc.?",William Fichtner,supporting_text,William Fichtner,,
5a778a8e5542992a6e59deca,"The American comedy film Krystal stars which actor who appeared in numerous films such as ""Contact"", ""Armageddon"", ""The Perfect Storm"", ""Crash"", ""Blades of Glory"", ""Black Hawk Down"", ""Nine Lives"", etc.?",William Fichtner,native_4b,"The American comedy film Krystal stars which actor who appeared in numerous films such as ""Contact"", ""Armageddon"", ""The Perfect Storm"", ""Crash"", ""Blades of Glory"", ""Black Hawk Down"", ""Nine Lives"", ""Date Night"", ""The Lone Ranger"", ""Phantom"", ""Elys",,
5a778a8e5542992a6e59deca,"The American comedy film Krystal stars which actor who appeared in numerous films such as ""Contact"", ""Armageddon"", ""The Perfect Storm"", ""Crash"", ""Blades of Glory"", ""Black Hawk Down"", ""Nine Lives"", etc.?",William Fichtner,native_8b,"The American comedy film Krystal, ""Crash"", ""Blades of Glory"", ""Black Hawk Down"", ""Nine Lives"", ""Nine Lives"", ""Nine Lives"", ""Nine Lives"", ""Nine Lives"", ""Nine Lives"", ""Nine Lives"", ""Nine Lives"", ""Nine Lives"", ""Nine Lives"", ""Nine",,
5a778a8e5542992a6e59deca,"The American comedy film Krystal stars which actor who appeared in numerous films such as ""Contact"", ""Armageddon"", ""The Perfect Storm"", ""Crash"", ""Blades of Glory"", ""Black Hawk Down"", ""Nine Lives"", etc.?",William Fichtner,d4_c4_self,,,
5a778a8e5542992a6e59deca,"The American comedy film Krystal stars which actor who appeared in numerous films such as ""Contact"", ""Armageddon"", ""The Perfect Storm"", ""Crash"", ""Blades of Glory"", ""Black Hawk Down"", ""Nine Lives"", etc.?",William Fichtner,d4_c8_cross,Answer: Answer: Answer: Answer: Answer: Answer: Answer: Answer: Answer: Answer: Answer: Answer: Answer: Answer: Answer: Answer: Answer: Answer: Answer: Answer: Answer: Answer: Answer: Answer: Answer: Answer: Answer: Answer: Answer: Answer: Answer: Answer:,,
5a778a8e5542992a6e59deca,"The American comedy film Krystal stars which actor who appeared in numerous films such as ""Contact"", ""Armageddon"", ""The Perfect Storm"", ""Crash"", ""Blades of Glory"", ""Black Hawk Down"", ""Nine Lives"", etc.?",William Fichtner,d4_c4_shuffled,,,
5a778a8e5542992a6e59deca,"The American comedy film Krystal stars which actor who appeared in numerous films such as ""Contact"", ""Armageddon"", ""The Perfect Storm"", ""Crash"", ""Blades of Glory"", ""Black Hawk Down"", ""Nine Lives"", etc.?",William Fichtner,d4_c8_shuffled,"""The American Comedy Film Krystal Stars Which Actor Who Appeared In Numerous Films Such As ""Contact, ""Armageddon, ""The Perfect Storm, ""Crash, ""Blades of Glory, ""Black Hawk Down, ""Nine Lives, etc.""?

Answer: ""The American Comedy Film Krystal Stars Which",,
5a778a8e5542992a6e59deca,"The American comedy film Krystal stars which actor who appeared in numerous films such as ""Contact"", ""Armageddon"", ""The Perfect Storm"", ""Crash"", ""Blades of Glory"", ""Black Hawk Down"", ""Nine Lives"", etc.?",William Fichtner,d4_zero,"The actor is Matt Damon.

Wait, but I think that's not correct. Because Matt Damon appeared in ""Contact"", ""Armageddon"", ""The Perfect Storm"", ""Crash"", ""Blades of Glory"", ""Black Hawk Down"", ""Nine Lives"", etc. But in the film ""Krystal"", the",,
5a7b81715542997c3ec971d4,"The author of the ""The Dagger and the Coin"" fantasy series was nominated for what award in 2017?",Hugo Award,question_only,"The author of ""The Dagger and the Coin"" fantasy series, which is a series of fantasy novels by Brandon Sanderson, was nominated for the 2017 Hugo Award for Best Novel. 

But wait, I need to check if that's correct. Let me think. Brandon Sanderson is the author of",,
5a7b81715542997c3ec971d4,"The author of the ""The Dagger and the Coin"" fantasy series was nominated for what award in 2017?",Hugo Award,supporting_text,"The author of the ""The Dagger and the Coin"" fantasy series was nominated for the Dragon Award in Best Fantasy (Paranormal) Novel in 2017.

Wait, but the answer is not correct. The ""The Dagger and the Coin"" series is by Daniel Abraham. The question is about the author",,
5a7b81715542997c3ec971d4,"The author of the ""The Dagger and the Coin"" fantasy series was nominated for what award in 2017?",Hugo Award,native_4b,"The author of the ""The Dagger and the Coin"" fantasy series was nominated for what award in 2017?

Question: What award in 2017 was the ""The Expanse"" series of science fiction novels nominated for?

Answer: The ""The Expanse"" series of science fiction novels was",,
5a7b81715542997c3ec971d4,"The author of the ""The Dagger and the Coin"" fantasy series was nominated for what award in 2017?",Hugo Award,native_8b,"The Dagger and the Coin fantasy series was written by

Answer: The Dagger and the Coin fantasy series was written by

Answer: The Dagger and the Coin fantasy series was written by

Answer: The Dagger and the Coin fantasy series was written by

Answer: The Dagger and the Coin fantasy series was written by

Answer",,
5a7b81715542997c3ec971d4,"The author of the ""The Dagger and the Coin"" fantasy series was nominated for what award in 2017?",Hugo Award,d4_c4_self,,,
5a7b81715542997c3ec971d4,"The author of the ""The Dagger and the Coin"" fantasy series was nominated for what award in 2017?",Hugo Award,d4_c8_cross,The The The The The The The The The The The The The The The The The The The The The The The The The The The The The The The The The The The The The The The The The The The The The The The The The The The The The The The The The The The The The The The The,,
5a7b81715542997c3ec971d4,"The author of the ""The Dagger and the Coin"" fantasy series was nominated for what award in 2017?",Hugo Award,d4_c4_shuffled,2222222222222222222222222222222222222222222222222222222222222222,,
5a7b81715542997c3ec971d4,"The author of the ""The Dagger and the Coin"" fantasy series was nominated for what award in 2017?",Hugo Award,d4_c8_shuffled,"I think that the author is the one who wrote the book, and the author is the one who wrote the book, and the author is the one who wrote the book, and the author is the one who wrote the book, and the author is the one who wrote the book, and the author is the one who",,
5a7b81715542997c3ec971d4,"The author of the ""The Dagger and the Coin"" fantasy series was nominated for what award in 2017?",Hugo Award,d4_zero,"The author of the ""The Dagger and the Coin"" fantasy series was nominated for the 2017 World Fantasy Award.

But wait, the World Fantasy Award is given by the World Fantasy Convention, which is a separate event from the Hugo Awards. The World Fantasy Award is typically given to a single work, not",,
5ae0ba15554299603e41844d,"What plant has about 40 species native to Asia, Manglietia or Abronia?",Manglietia,question_only,"The plant with about 40 species native to Asia is Manglietia. Abronia is a different genus, and the number of species in Abronia is not as high as 40. Manglietia is a genus of flowering plants in the family Magnoliaceae, and it is native to",,
5ae0ba15554299603e41844d,"What plant has about 40 species native to Asia, Manglietia or Abronia?",Manglietia,supporting_text,Manglietia.,,
5ae0ba15554299603e41844d,"What plant has about 40 species native to Asia, Manglietia or Abronia?",Manglietia,native_4b,"What plant has about  40 species native to Asia, Manglietia or Abronia?

Answer: What plant has about  40 species native to Asia, Manglietia or Abronia?

Answer: What plant has about  40 species native to Asia, Manglietia or",,
5ae0ba15554299603e41844d,"What plant has about 40 species native to Asia, Manglietia or Abronia?",Manglietia,native_8b,,,
5ae0ba15554299603e41844d,"What plant has about 40 species native to Asia, Manglietia or Abronia?",Manglietia,d4_c4_self,,,
5ae0ba15554299603e41844d,"What plant has about 40 species native to Asia, Manglietia or Abronia?",Manglietia,d4_c8_cross,"I'm not sure what you're talking about. But I can say that I'm a bit confused. Maybe you're trying to ask me a question, but I'm not sure what it is. Or maybe you're just being a bit silly. Either way, I think I need to clarify what exactly is going on",,
5ae0ba15554299603e41844d,"What plant has about 40 species native to Asia, Manglietia or Abronia?",Manglietia,d4_c4_shuffled,,,
5ae0ba15554299603e41844d,"What plant has about 40 species native to Asia, Manglietia or Abronia?",Manglietia,d4_c8_shuffled,"The question is a bit confusing, but I'll try to break it down. First, the user is asking about plant species that are native to Asia, specifically mentioning ""Manglietia"" and ""Abronia"". However, I don't think that these are actual plant species. Manglietia is a",,
5ae0ba15554299603e41844d,"What plant has about 40 species native to Asia, Manglietia or Abronia?",Manglietia,d4_zero,"Manglietia

Step-by-Step Explanation:
1. Identify the two plants mentioned: Manglietia and Abronia.
2. Recall that Manglietia is a genus of flowering plants in the family Magnoliaceae, native to Asia.
3. Abronia is a genus of flowering plants in",,
5a82930655429966c78a6a5e,"Which season did the UCF Knights represent at an American metropolitan public research university in Orlando, Florida?",2010 NCAA Division,question_only,"The UCF Knights represent the spring season. 

Wait, that's not right. The UCF Knights are a college sports team, and they compete in various sports throughout the year. The question is asking which season they represent at an American metropolitan public research university in Orlando, Florida. 

Let me think. UCF",,
5a82930655429966c78a6a5e,"Which season did the UCF Knights represent at an American metropolitan public research university in Orlando, Florida?",2010 NCAA Division,supporting_text,The 2008 UCF Knights football team represented the University of Central Florida in the 2008 NCAA Division I FBS football season.,,
5a82930655429966c78a6a5e,"Which season did the UCF Knights represent at an American metropolitan public research university in Orlando, Florida?",2010 NCAA Division,native_4b,"The 2010 UCF Knights football team represented the University of Central Florida in the 2010 NCAA Division I FBS football season.

The 2010 UCF Knights football team represented the University of Central Florida in the 2010 NCAA Division I FBS football season.",,
5a82930655429966c78a6a5e,"Which season did the UCF Knights represent at an American metropolitan public research university in Orlando, Florida?",2010 NCAA Division,native_8b,"The American metropolitan public research university in Orlando, Florida, or the American metropolitan public research university in Orlando, Florida, or the American metropolitan public research university in Orlando, Florida, or the American metropolitan public research university in Orlando, Florida, or the American metropolitan public research university in Orlando, Florida, or the American metropolitan public",,
5a82930655429966c78a6a5e,"Which season did the UCF Knights represent at an American metropolitan public research university in Orlando, Florida?",2010 NCAA Division,d4_c4_self,................................................................,,
5a82930655429966c78a6a5e,"Which season did the UCF Knights represent at an American metropolitan public research university in Orlando, Florida?",2010 NCAA Division,d4_c8_cross,"The UCF Knights are the athletic teams representing the University of Central Florida (UCF), which is a public research university located in Orlando, Florida. 

Now, let me try to answer the question. The question is asking which season did the UCF Knights represent at an American metropolitan public research university in Orlando, Florida",,
5a82930655429966c78a6a5e,"Which season did the UCF Knights represent at an American metropolitan public research university in Orlando, Florida?",2010 NCAA Division,d4_c4_shuffled,F.F.F.F.F.F.F.F.F.F.F.F.F.F.F.F.F.F.F.F.F.F.F.F.F.F.F.F.F.F.F.F.,,
5a82930655429966c78a6a5e,"Which season did the UCF Knights represent at an American metropolitan public research university in Orlando, Florida?",2010 NCAA Division,d4_c8_shuffled,The The The The The The The The The The The The The The The The The The The The The The The The The The The The The The The The The The The The The The The The The The The The The The The The The The The The The The The The The The The The The The The The,,
5a82930655429966c78a6a5e,"Which season did the UCF Knights represent at an American metropolitan public research university in Orlando, Florida?",2010 NCAA Division,d4_zero,"The UCF Knights represent the University of Central Florida, which is an American metropolitan public research university located in Orlando, Florida. They compete in the NCAA Division I, and their sports teams are part of the American Athletic Conference.

Question: Which season did the UCF Knights represent at an American metropolitan public research university in Orlando",,
5a77d5e655429967ab1052cc,Which one of Magna Publishing Group's tiles is a spinoff of the UK's Club International?,Club,question_only,"The answer is ""Club International"" itself, but that's not a tile. Wait, maybe I need to think again. The question is about a tile from Magna Publishing Group that is a spinoff of the UK's Club International. Club International is a UK-based magazine, and Magna Publishing Group is a company",,
5a77d5e655429967ab1052cc,Which one of Magna Publishing Group's tiles is a spinoff of the UK's Club International?,Club,supporting_text,Club,,
5a77d5e655429967ab1052cc,Which one of Magna Publishing Group's tiles is a spinoff of the UK's Club International?,Club,native_4b,"Club is a monthly American pornographic magazine which is a spin-off publication of the United Kingdom's ""Club International"".

So, the answer is Club.

But the question is which one of the Magna Publishing Group's tiles is a spinoff of the UK's Club International?

So, the answer is Club.

But the",,
5a77d5e655429967ab1052cc,Which one of Magna Publishing Group's tiles is a spinoff of the UK's Club International?,Club,native_8b,"Club International is a spinoff of the UK's Club International.

Question: Club International is a spinoff of the UK's Club International.

Answer: Club International is a spinoff of the UK's Club International.

Question: Club International is a spinoff of the UK's Club International.

Answer: Club International is a",,
5a77d5e655429967ab1052cc,Which one of Magna Publishing Group's tiles is a spinoff of the UK's Club International?,Club,d4_c4_self,,,
5a77d5e655429967ab1052cc,Which one of Magna Publishing Group's tiles is a spinoff of the UK's Club International?,Club,d4_c8_cross,"The question is about the UK's Club International, which is a spinoff of the UK's Club International. The answer is that the UK's Club International is a spinoff of the UK's Club International. The answer is that the UK's Club International is a spinoff of the UK's Club International. The answer",,
5a77d5e655429967ab1052cc,Which one of Magna Publishing Group's tiles is a spinoff of the UK's Club International?,Club,d4_c4_shuffled,,,
5a77d5e655429967ab1052cc,Which one of Magna Publishing Group's tiles is a spinoff of the UK's Club International?,Club,d4_c8_shuffled,"The answer is ""No"". The reason is that the question is not a question about the Magna Publishing Group's tiles, but about the UK's Club International. The question is not a question about the Magna Publishing Group's tiles, but about the UK's Club International. The question is not a question about the",,
5a77d5e655429967ab1052cc,Which one of Magna Publishing Group's tiles is a spinoff of the UK's Club International?,Club,d4_zero,"The answer is ""Club International."" But I need to check if that's correct. Wait, the question is about which of Magna Publishing Group's tiles is a spinoff of the UK's Club International. So, maybe the answer is ""Club International"" itself, but I'm not sure. Alternatively, maybe it",,
5a7af2a455429931da12c998,"Palm Springs lies in Palm Beach County, the third most populated county in its state. Which major U.S. city is it near?",Miami,question_only,"Palm Springs is near the city of San Diego, which is located in the same state, California. San Diego is a major U.S. city and is known for its beaches, military presence, and cultural attractions. The distance between Palm Springs and San Diego is approximately 100 miles (160 kilometers)",,
5a7af2a455429931da12c998,"Palm Springs lies in Palm Beach County, the third most populated county in its state. Which major U.S. city is it near?",Miami,supporting_text,"The major U.S. city near Palm Springs, Florida is Miami.",,
5a7af2a455429931da12c998,"Palm Springs lies in Palm Beach County, the third most populated county in its state. Which major U.S. city is it near?",Miami,native_4b,"U.S. city is the major U.S. city in the, the, the, the, the, the, the, the, the, the, the, the, the, the, the, the, the, the, the, the, the, the, the, the, the, the,",,
5a7af2a455429931da12c998,"Palm Springs lies in Palm Beach County, the third most populated county in its state. Which major U.S. city is it near?",Miami,native_8b,The city is near the city of the city of the city of the city of the city of the city of the city of the city of the city of the city of the city of the city of the city of the city of the city of the city of the city of the city of the city of the city of,,
5a7af2a455429931da12c998,"Palm Springs lies in Palm Beach County, the third most populated county in its state. Which major U.S. city is it near?",Miami,d4_c4_self,,,
5a7af2a455429931da12c998,"Palm Springs lies in Palm Beach County, the third most populated county in its state. Which major U.S. city is it near?",Miami,d4_c8_cross,The sentence is a run-on. sentence. The sentence is a run-on. sentence. The sentence is a run-on. sentence. The sentence is a run-on. sentence. The sentence is a run-on. sentence. The sentence is a run-on. sentence. The sentence is a run-on. sentence. The,,
5a7af2a455429931da12c998,"Palm Springs lies in Palm Beach County, the third most populated county in its state. Which major U.S. city is it near?",Miami,d4_c4_shuffled,".
...............................................................",,
5a7af2a455429931da12c998,"Palm Springs lies in Palm Beach County, the third most populated county in its state. Which major U.S. city is it near?",Miami,d4_c8_shuffled,,,
5a7af2a455429931da12c998,"Palm Springs lies in Palm Beach County, the third most populated county in its state. Which major U.S. city is it near?",Miami,d4_zero,"The major U.S. city near Palm Springs is Las Vegas.

But wait, that doesn't seem right. Palm Springs is actually in California, and Las Vegas is also in California. However, Palm Springs is not near Las Vegas. It's actually in the Coachella Valley, which is between the Colorado Desert and the",,
5ae0413555429942ec259c61,Who created the British television series to which Tofu was a sister series focusing on a range of sex attitudes in the twenty-first century from the viewpoint of everyday people?,Russell T Davies,question_only,"The British television series in question is ""The Hour,"" and it was created by Stephen Frears. However, it's important to note that ""Tofu"" is not a widely recognized television series, and there might be some confusion here. If ""Tofu"" is a specific series that focuses on sex attitudes",,
5ae0413555429942ec259c61,Who created the British television series to which Tofu was a sister series focusing on a range of sex attitudes in the twenty-first century from the viewpoint of everyday people?,Russell T Davies,supporting_text,Russell T Davies,,
5ae0413555429942ec259c61,Who created the British television series to which Tofu was a sister series focusing on a range of sex attitudes in the twenty-first century from the viewpoint of everyday people?,Russell T Davies,native_4b,The series is a 2015 British television series created by Russell T Davies and aired on E4. The series is a 2015 British television series created by Russell T Davies and aired on E4. The series is a 2015 British television series created by Russell T Davies and,,
5ae0413555429942ec259c61,Who created the British television series to which Tofu was a sister series focusing on a range of sex attitudes in the twenty-first century from the viewpoint of everyday people?,Russell T Davies,native_8b,"The answer is to the question of the following: 

Question: What is the name of the series that focuses on the twenty-first century's sex attitudes?

Answer: The answer is to the question of the following: 

Question: What is the name of the series that focuses on the twenty-first century's sex attitudes?",,
5ae0413555429942ec259c61,Who created the British television series to which Tofu was a sister series focusing on a range of sex attitudes in the twenty-first century from the viewpoint of everyday people?,Russell T Davies,d4_c4_self,".
.
.
.
.
.
.
.
.
.
.
.
.
.
.
.
.
.
.
.
.
.
.
.
.
.
.
.
.
.
.
.
.
.
.
.
.
.
.
.
.
.
.
.
.
.
.
.
.
.
.
.
.
.
.
.
.
.
.
.
.
.
.
.",,
5ae0413555429942ec259c61,Who created the British television series to which Tofu was a sister series focusing on a range of sex attitudes in the twenty-first century from the viewpoint of everyday people?,Russell T Davies,d4_c8_cross,Answer: Answer: Answer: Answer: Answer: Answer: Answer: Answer: Answer: Answer: Answer: Answer: Answer: Answer: Answer: Answer: Answer: Answer: Answer: Answer: Answer: Answer: Answer: Answer: Answer: Answer: Answer: Answer: Answer: Answer: Answer: Answer:,,
5ae0413555429942ec259c61,Who created the British television series to which Tofu was a sister series focusing on a range of sex attitudes in the twenty-first century from the viewpoint of everyday people?,Russell T Davies,d4_c4_shuffled,,,
5ae0413555429942ec259c61,Who created the British television series to which Tofu was a sister series focusing on a range of sex attitudes in the twenty-first century from the viewpoint of everyday people?,Russell T Davies,d4_c8_shuffled,The answer is that the answer is that the answer is that the answer is that the answer is that the answer is that the answer is that the answer is that the answer is that the answer is that the answer is that the answer is that the answer is that the answer is that the answer is that the answer is that,,
5ae0413555429942ec259c61,Who created the British television series to which Tofu was a sister series focusing on a range of sex attitudes in the twenty-first century from the viewpoint of everyday people?,Russell T Davies,d4_zero,"The British television series to which Tofu was a sister series is ""This Is England,"" created by Steve Coogan and John Hamer. However, it's important to note that ""Tofu"" itself is a British television series that aired on BBC One, created by Steve Coogan and John Hamer,",,
5ae4ea2a5542993aec5ec0ee,The defending EFL Championship winner will qualify for which upcoming group stage if it wins all of its participating football tournaments?,2018–19 UEFA Europa League,question_only,"The defending EFL Championship winner will qualify for the UEFA Europa League. 

Step-by-step explanation:
1. The EFL Championship is the top tier of English football, and its winners are eligible for the UEFA Europa League.
2. If the defending champion wins all its participating tournaments (which would include the EFL Championship",,
5ae4ea2a5542993aec5ec0ee,The defending EFL Championship winner will qualify for which upcoming group stage if it wins all of its participating football tournaments?,2018–19 UEFA Europa League,supporting_text,"The defending EFL Championship winner will qualify for the 2018–19 UEFA Europa League group stage if it wins all of its participating football tournaments.

Explanation: The question is about the EFL Championship winner qualifying for a group stage in a European competition. The relevant information is from the 201",,
5ae4ea2a5542993aec5ec0ee,The defending EFL Championship winner will qualify for which upcoming group stage if it wins all of its participating football tournaments?,2018–19 UEFA Europa League,native_4b,"The defending EFL Championship winner will qualify for which upcoming group stage if it wins all of its participating football tournaments?

Answer: The defending EFL Championship winner will qualify for which upcoming group stage if it wins all of its participating football tournaments?

Answer: The defending EFL Championship winner will qualify for which upcoming group stage if",,
5ae4ea2a5542993aec5ec0ee,The defending EFL Championship winner will qualify for which upcoming group stage if it wins all of its participating football tournaments?,2018–19 UEFA Europa League,native_8b,"The upcoming group stage if it wins all of its participating football tournaments?

Answer: The upcoming group stage if it wins all of its participating football tournaments?

Answer: The upcoming group stage if it wins all of its participating football tournaments?

Answer: The upcoming group stage if it wins all of its participating football tournaments?

Answer:",,
5ae4ea2a5542993aec5ec0ee,The defending EFL Championship winner will qualify for which upcoming group stage if it wins all of its participating football tournaments?,2018–19 UEFA Europa League,d4_c4_self,,,
5ae4ea2a5542993aec5ec0ee,The defending EFL Championship winner will qualify for which upcoming group stage if it wins all of its participating football tournaments?,2018–19 UEFA Europa League,d4_c8_cross,"The role of the ""s"" in the ""s"" in the ""s"" in the ""s"" in the ""s"" in the ""s"" in the ""s"" in the ""s"" in the ""s"" in the ""s"" in the ""s"" in the ""s"" in the",,
5ae4ea2a5542993aec5ec0ee,The defending EFL Championship winner will qualify for which upcoming group stage if it wins all of its participating football tournaments?,2018–19 UEFA Europa League,d4_c4_shuffled,,,
5ae4ea2a5542993aec5ec0ee,The defending EFL Championship winner will qualify for which upcoming group stage if it wins all of its participating football tournaments?,2018–19 UEFA Europa League,d4_c8_shuffled,"The defending EFL Championship winner will qualify for which upcoming group stage if it wins all of its participating football tournaments?

Answer: The defending EFL Championship winner will qualify for which upcoming group stage if it wins all of its participating football tournaments?

Answer: The defending EFL Championship winner will qualify for which upcoming group stage if",,
5ae4ea2a5542993aec5ec0ee,The defending EFL Championship winner will qualify for which upcoming group stage if it wins all of its participating football tournaments?,2018–19 UEFA Europa League,d4_zero,"The defending EPL Championship winner will qualify for the UEFA Champions League.

But the question is about the EFL Championship, not the EPL. So the answer should be about the EFL Championship winner qualifying for the UEFA Europa League.

Wait, but the question says ""if it wins all of its participating football tournaments.""",,
5a8303c255429954d2e2ec01,The Plymouth fury produced from 1955 to 1989  was replaced by what for police and fleet applications?,Chrysler K platform,question_only,"The Plymouth Fury, produced from 1955 to 1989, was replaced by the **Plymouth Grand Voyager** for police and fleet applications. However, it's important to note that the Grand Voyager was a different model, not a direct replacement of the Fury. The Fury was primarily a",,
5a8303c255429954d2e2ec01,The Plymouth fury produced from 1955 to 1989  was replaced by what for police and fleet applications?,Chrysler K platform,supporting_text,"The Plymouth Fury was replaced by the Plymouth Gran Fury for police and fleet applications.

The answer is correct. The question asks about the replacement of the Plymouth Fury for police and fleet applications. According to the document on Plymouth Gran Fury, Sentence 0 states that the Plymouth Gran Fury is a full-sized automobile manufactured from 1",,
5a8303c255429954d2e2ec01,The Plymouth fury produced from 1955 to 1989  was replaced by what for police and fleet applications?,Chrysler K platform,native_4b,"The Plymouth Fury was replaced by the very successful Chrysler K platform in standard and stretch sizes which retained two bench seats, column shifter and room for six, unlike many other compact-sized cars modeled after non-American designs.

Answer: The Plymouth Fury was replaced by the very successful Chrysler K platform in standard and stretch sizes which retained",,
5a8303c255429954d2e2ec01,The Plymouth fury produced from 1955 to 1989  was replaced by what for police and fleet applications?,Chrysler K platform,native_8b,"The K platform
Question: What for police and fleet applications?

Answer: The K platform
Question: What for police and fleet applications?

Answer: The K platform
Question: What for police and fleet applications?

Answer: The K platform
Question: What for police and fleet applications?

Answer: The K platform",,
5a8303c255429954d2e2ec01,The Plymouth fury produced from 1955 to 1989  was replaced by what for police and fleet applications?,Chrysler K platform,d4_c4_self,".
...............................................................",,
5a8303c255429954d2e2ec01,The Plymouth fury produced from 1955 to 1989  was replaced by what for police and fleet applications?,Chrysler K platform,d4_c8_cross,"The phrase ""The Plymouth fury produced from 1955 to 1989 was replaced by what for police and fleet applications?"" appears to be a nonsensical or nonsensical phrase, possibly a mix-up or a misheard phrase. It might be a misheard version of a real phrase,",,
5a8303c255429954d2e2ec01,The Plymouth fury produced from 1955 to 1989  was replaced by what for police and fleet applications?,Chrysler K platform,d4_c4_shuffled,"Answer Answer Answer Answer Answer Answer Answer Answer Answer Answer Answer Answer Answer Answer Answer Answer Answer Answer Answer Answer Answer Answer Answer Answer Answer Answer Answer Answer Answer Answer Answer Answer Answer Answer Answer Answer Answer Answer Answer Answer Answer Answer Answer Answer Answer Answer Answer Answer Answer Answer Answer Answer Answer Answer Answer Answer Answer
 Answer
 Answer
 Answer",,
5a8303c255429954d2e2ec01,The Plymouth fury produced from 1955 to 1989  was replaced by what for police and fleet applications?,Chrysler K platform,d4_c8_shuffled,"The answer is ""automobile"". 

The question is asking what replaced the Plymouth fury from 1955 to 1989 for police and fleet applications. The answer is ""automobile"". 

But wait, that doesn't make sense. The Plymouth Fury was a car, so what replaced it for",,
5a8303c255429954d2e2ec01,The Plymouth fury produced from 1955 to 1989  was replaced by what for police and fleet applications?,Chrysler K platform,d4_zero,"The Plymouth Fury was replaced by the Dodge Aspen for police and fleet applications.

But wait, I'm not sure. Let me check again. The Plymouth Fury was a car produced from 1955 to 1989. After that, the Dodge Aspen was used for police and fleet applications. But I",,
5a75227955429929fddd8508,What is the name of the largest shopping center in the City of Tea Tree Gully?,Westfield Marion,question_only,"The largest shopping center in the City of Tea Tree Gully is the **Tea Tree Gully Shopping Centre**. It is a major retail and commercial hub in the area, offering a wide range of shops, cafes, and services to residents and visitors alike.

But wait, I'm not sure if that's correct",,
5a75227955429929fddd8508,What is the name of the largest shopping center in the City of Tea Tree Gully?,Westfield Marion,supporting_text,The largest shopping center in the City of Tea Tree Gully is Westfield Tea Tree Plaza.,,
5a75227955429929fddd8508,What is the name of the largest shopping center in the City of Tea Tree Gully?,Westfield Marion,native_4b,"The name of the largest shopping center in the City of Tea Tree G

Answer: The name of the largest shopping center in the City of Tea Tree G

Answer: The name of the largest shopping center in the City of Tea Tree G

Answer: The name of the largest shopping center in the City of Tea Tree",,
5a75227955429929fddd8508,What is the name of the largest shopping center in the City of Tea Tree Gully?,Westfield Marion,native_8b,"Westfield

Answer: Westfield

Answer: Westfield

Answer: Westfield

Answer: Westfield

Answer: Westfield

Answer: Westfield

Answer: Westfield

Answer: Westfield

Answer: Westfield

Answer: Westfield

Answer: Westfield

Answer: Westfield

Answer",,
5a75227955429929fddd8508,What is the name of the largest shopping center in the City of Tea Tree Gully?,Westfield Marion,d4_c4_self,,,
5a75227955429929fddd8508,What is the name of the largest shopping center in the City of Tea Tree Gully?,Westfield Marion,d4_c8_cross,"The largest shopping center in the City of Tea Tree Gully is the ""Tea Tree Gully Shopping Center."" This name reflects the city's focus on tea and shopping, with ""Gully"" suggesting a bustling, commercial area. The shopping center is the largest in the city, making it the most prominent and important",,
5a75227955429929fddd8508,What is the name of the largest shopping center in the City of Tea Tree Gully?,Westfield Marion,d4_c4_shuffled,,,
5a75227955429929fddd8508,What is the name of the largest shopping center in the City of Tea Tree Gully?,Westfield Marion,d4_c8_shuffled,"The largest shopping center in the City of Tea Tree Gully is called the ""Tea Tree Gully Mall."" 

But wait, I need to check if that's correct. Let me think. Tea Tree Gully is a real place, a town in New South Wales, Australia. I don't recall any major",,
5a75227955429929fddd8508,What is the name of the largest shopping center in the City of Tea Tree Gully?,Westfield Marion,d4_zero,"The largest shopping center in the City of Tea Tree Gully is the Tea Tree Gully Shopping Center.

Question: What is the name of the largest shopping center in the City of Tea Tree Gully?

Answer: The largest shopping center in the City of Tea Tree Gully is the Tea Tree Gully Shopping Center.",,
5ae1fb7a554299234fd04383,What is the home town of a woman who guest-starred on Thug Mentality 1999?,Memphis,question_only,"The home town of the woman is San Francisco.

Step-by-Step Explanation:

1. Identify the show: ""Thug Mentality 1999"" is a TV show that aired in 1999. It was a sitcom that featured a group of young people in a small town, focusing on",,
5ae1fb7a554299234fd04383,What is the home town of a woman who guest-starred on Thug Mentality 1999?,Memphis,supporting_text,"The home town of the woman who guest-starred on Thug Mentality 1999 is Memphis, Tennessee. 

Step-by-step reasoning:
1. Identify the woman who guest-starred on Thug Mentality 1999. From the document ""Thug Mentality 1999",,
5ae1fb7a554299234fd04383,What is the home town of a woman who guest-starred on Thug Mentality 1999?,Memphis,native_4b,"Answer: 

Answer: 

Answer: 

Answer: 

Answer: 

Answer: 

Answer: 

Answer: 

Answer: 

Answer: 

Answer: 

Answer: 

Answer: 

Answer: 

Answer: 

Answer: 

Answer: 

Answer: 

Answer: 

Answer: 

Answer:",,
5ae1fb7a554299234fd04383,What is the home town of a woman who guest-starred on Thug Mentality 1999?,Memphis,native_8b,"Gangsta Boo or ""Gangsta Boo"" is the stage name of the

Answer: Gangsta Boo or ""Gangsta Boo"" is the stage name of the

Answer: Gangsta Boo or ""Gangsta Boo"" is the stage name of the

Answer: Gangsta Boo or ""Gang",,
5ae1fb7a554299234fd04383,What is the home town of a woman who guest-starred on Thug Mentality 1999?,Memphis,d4_c4_self,,,
5ae1fb7a554299234fd04383,What is the home town of a woman who guest-starred on Thug Mentality 1999?,Memphis,d4_c8_cross,"The home town of a woman who guest-starred on Thug mentality 1999 is a woman's home town. The woman guest-starred on Thug mentality 1999. Therefore, the home town of a woman who guest-starred on Thug mentality 199",,
5ae1fb7a554299234fd04383,What is the home town of a woman who guest-starred on Thug Mentality 1999?,Memphis,d4_c4_shuffled,1999999999999999999999999999999999999999999995995995959595959595,,
5ae1fb7a554299234fd04383,What is the home town of a woman who guest-starred on Thug Mentality 1999?,Memphis,d4_c8_shuffled,"What is the home town of a woman who guest-starred on Thug Mentality 1999?

Answer: What is the home town of a woman who guest-starred on Thug Mentality 1999?

Answer: What is the home town of a woman who guest-starred on Th",,
5ae1fb7a554299234fd04383,What is the home town of a woman who guest-starred on Thug Mentality 1999?,Memphis,d4_zero,"The home town of the woman who guest-starred on Thug Mentality 1999 is San Francisco.

But wait, I need to check if that's correct. Let me think again. Thug Mentality was a show that aired in the late 90s, and the 199",,
5a734e6d5542994cef4bc528,"Which canal is located further North, Beaver and Erie Canal or the Dismal Swamp Canal?",The Beaver and Erie Canal,question_only,"The Dismal Swamp Canal is located further north than the Beaver and Erie Canal.

Step-by-Step Explanation:

1. Identify the locations of each canal:
   - The Beaver and Erie Canal is a historic canal in New York State, primarily in the Finger Lakes region, which is in the northeastern part of New York",,
5a734e6d5542994cef4bc528,"Which canal is located further North, Beaver and Erie Canal or the Dismal Swamp Canal?",The Beaver and Erie Canal,supporting_text,"The Beaver and Erie Canal is located further North. The Beaver and Erie Canal runs 136 mi north–south near the western edge of the state from the Ohio River to Lake Erie through Beaver County, Lawrence County, Mercer County, Crawford County, and Erie County, Pennsylvania. The Dismal Swamp Canal is",,
5a734e6d5542994cef4bc528,"Which canal is located further North, Beaver and Erie Canal or the Dismal Swamp Canal?",The Beaver and Erie Canal,native_4b,"The Dismal Swamp Canal is located along the eastern edge of the Great Dismal Swamp in Virginia and North Carolina in the United States. The Beaver and Erie Canal, also known as the Erie Extension Canal, was part of the Pennsylvania Canal system and consisted of three sections: the Beaver Division, the Shenango Division",,
5a734e6d5542994cef4bc528,"Which canal is located further North, Beaver and Erie Canal or the Dismal Swamp Canal?",The Beaver and Erie Canal,native_8b,The Dismal Swamp Canal is a canal that is located along the eastern edge of the or the or the or the or the or the or the or the or the or the or the or the or the or the or the or the or the or the or the or the or the or the or the or the,,
5a734e6d5542994cef4bc528,"Which canal is located further North, Beaver and Erie Canal or the Dismal Swamp Canal?",The Beaver and Erie Canal,d4_c4_self,,,
5a734e6d5542994cef4bc528,"Which canal is located further North, Beaver and Erie Canal or the Dismal Swamp Canal?",The Beaver and Erie Canal,d4_c8_cross,"The question is, ""What is the meaning of life?"" is the question, and the answer is, ""42."" But what is the meaning of the meaning of life? That's the question, and the answer is, ""42."" But what is the meaning of the meaning of the meaning of life?",,
5a734e6d5542994cef4bc528,"Which canal is located further North, Beaver and Erie Canal or the Dismal Swamp Canal?",The Beaver and Erie Canal,d4_c4_shuffled,Answer: Answer: Answer: Answer: Answer: Answer: Answer: Answer: Answer: Answer: Answer: Answer: Answer: Answer: Answer: Answer: Answer: Answer: Answer: Answer: Answer: Answer: Answer: Answer: Answer: Answer: Answer: Answer: Answer: Answer: Answer: Answer:,,
5a734e6d5542994cef4bc528,"Which canal is located further North, Beaver and Erie Canal or the Dismal Swamp Canal?",The Beaver and Erie Canal,d4_c8_shuffled,"The Erie Canal.

The question is asking which of the two canals is located further north, the Beaver and Erie Canal or the Dismal Swamp Canal. First, I need to confirm the correct names of the canals. The ""Beaver and Erie Canal"" might be a misstatement, as the correct name",,
5a734e6d5542994cef4bc528,"Which canal is located further North, Beaver and Erie Canal or the Dismal Swamp Canal?",The Beaver and Erie Canal,d4_zero,"The Dismal Swamp Canal is located further North than the Beaver and Erie Canal.

Step-by-Step Explanation:

1. Identify the canals in question: The Beaver and Erie Canal, and the Dismal Swamp Canal.
2. Determine the geographical locations of each canal:
   - The Beaver and Erie Canal is",,
5a73235c5542994cef4bc475,Was either Craig Melville or Grover Jones born in Indiana?,"Jones was born in Rosedale, Indiana",question_only,"The answer is yes. Craig Melville was born in Indiana, while Grover Jones was born in Ohio.

But wait, I need to check if that's accurate. Let me verify the birthplaces of both individuals.

After checking, Craig Melville was indeed born in Indiana. However, Grover Jones was born in",,
5a73235c5542994cef4bc475,Was either Craig Melville or Grover Jones born in Indiana?,"Jones was born in Rosedale, Indiana",supporting_text,"Yes, both Craig Melville and Grover Jones were born in Indiana. Craig Melville was born in Melbourne, Australia, but Grover Jones was born in Rosedale, Indiana. Wait, that's conflicting. Let me check again.

Looking at the documents:

For Craig Melville: The document about ""John",,
5a73235c5542994cef4bc475,Was either Craig Melville or Grover Jones born in Indiana?,"Jones was born in Rosedale, Indiana",native_4b,"Yes, but but but but but but and and and and and and and and and and and and and and and and and and and and and and and and and and and and and and and and and and and and and and and and and and and and and and and and and and and and and and and and",,
5a73235c5542994cef4bc475,Was either Craig Melville or Grover Jones born in Indiana?,"Jones was born in Rosedale, Indiana",native_8b,"No. Melville or Jones born in Indiana?

Answer: No. Melville or Jones born in Indiana?

Answer: No. Melville or Jones born in Indiana?

Answer: No. Melville or Jones born in Indiana?

Answer: No. Melville or Jones born in Indiana?

Answer: No. Melville",,
5a73235c5542994cef4bc475,Was either Craig Melville or Grover Jones born in Indiana?,"Jones was born in Rosedale, Indiana",d4_c4_self,,,
5a73235c5542994cef4bc475,Was either Craig Melville or Grover Jones born in Indiana?,"Jones was born in Rosedale, Indiana",d4_c8_cross,"The answer is no. Because the question is asking if either of them was born in Indiana. So, let's check each person.

First, Craig Melville. I know that he is a former Major League Baseball player. He was born in 1963 in Chicago, Illinois. So he was born in",,
5a73235c5542994cef4bc475,Was either Craig Melville or Grover Jones born in Indiana?,"Jones was born in Rosedale, Indiana",d4_c4_shuffled,,,
5a73235c5542994cef4bc475,Was either Craig Melville or Grover Jones born in Indiana?,"Jones was born in Rosedale, Indiana",d4_c8_shuffled,"Craig Melville was born in Indiana, but Grover Jones was not. Craig Melville was born in 1848 in Indiana, while Grover Jones was born in 1849 in Ohio.

So, the answer is: Craig Melville was born in Indiana, but Grover Jones was not",,
5a73235c5542994cef4bc475,Was either Craig Melville or Grover Jones born in Indiana?,"Jones was born in Rosedale, Indiana",d4_zero,"Craig Melville was born in Indiana, so the answer is yes.

But wait, I need to check if Grover Jones was born in Indiana as well. Let me think. The question is asking if either of them was born in Indiana. Since Craig Melville was born there, the answer is yes regardless of Gro",,
5ae52bc75542992663a4f12d,Where was Nexon who was composed by Adam Gubman located at?,South Korea,question_only,"The company was based in San Francisco, California, and was a subsidiary of the larger Nexon Corporation.

Wait, but the question is about ""Nexon who was composed by Adam Gubman"". That seems to be a bit confusing. Let me check again.

Hmm, maybe the question is referring to a specific",,
5ae52bc75542992663a4f12d,Where was Nexon who was composed by Adam Gubman located at?,South Korea,supporting_text,"Nexon is a South Korean global leader in online games for PC and mobile. It was founded in Seoul, South Korea in 1994 by Kim Jung Ju and Jake Song. In 2011, Nexon moved its headquarters from Seoul, South Korea to Tokyo, Japan.

The answer is correct",,
5ae52bc75542992663a4f12d,Where was Nexon who was composed by Adam Gubman located at?,South Korea,native_4b,The The The The The The The The The The The The The The The The The The The The The The The The The The The The The The The The The The The The The The The The The The The The The The The The The The The The The The The The The The The The The The The The,,
5ae52bc75542992663a4f12d,Where was Nexon who was composed by Adam Gubman located at?,South Korea,native_8b,The The The The The The The The The The The The The The The The The The The The The The The The The The The The The The The The The The The The The The The The The The The The The The The The The The The The The The The The The The The The The The The The,,
5ae52bc75542992663a4f12d,Where was Nexon who was composed by Adam Gubman located at?,South Korea,d4_c4_self,,,
5ae52bc75542992663a4f12d,Where was Nexon who was composed by Adam Gubman located at?,South Korea,d4_c8_cross,"\boxed{}


Okay, let's see. The user is asking about ""who was composed by Adam Gubman located at?"" and then they have a question that starts with ""Answer: \boxed{}"". So, first, I need to figure out what the question is. The user is probably trying to ask",,
5ae52bc75542992663a4f12d,Where was Nexon who was composed by Adam Gubman located at?,South Korea,d4_c4_shuffled,2222222222222222222222222222222222222222222222222222222222222222,,
5ae52bc75542992663a4f12d,Where was Nexon who was composed by Adam Gubman located at?,South Korea,d4_c8_shuffled,"The sentence is a bit of a confusion, but the correct answer is ""Adam"".""
Okay, let me try to figure this out. So the user is asking about a sentence that's a bit of a confusion, and the correct answer is ""Adam"". The user is probably trying to get the answer to a question",,
5ae52bc75542992663a4f12d,Where was Nexon who was composed by Adam Gubman located at?,South Korea,d4_zero,"The company Nexon was located in the United States, specifically in San Mateo, California. Adam Gubman was a co-founder of Nexon and played a significant role in the company's development and success.

Question: What is the name of the company that was founded by Adam Gubman and located in the",,
5a7fc6e45542992e7d278d73,Were Frank Tashlin and George Kuchar both animators?,no,question_only,"Yes, Frank Tashlin and George Kuchar were both animators. Frank Tashlin was a prominent American animator, director, and producer known for his work in the early to mid-20th century, particularly for his contributions to the Fleischer Studios and his role in the development of animation techniques. George",,
5a7fc6e45542992e7d278d73,Were Frank Tashlin and George Kuchar both animators?,no,supporting_text,"Yes, Frank Tashlin was an animator, screenwriter, and film director, and George Kuchar was an underground film director and video artist. Both were involved in animation in their respective careers.
Okay, let's tackle this question. The user is asking if Frank Tashlin and George Kuchar were both anim",,
5a7fc6e45542992e7d278d73,Were Frank Tashlin and George Kuchar both animators?,no,native_4b,"Yes, and and and and and and and and and and and and and and and and and and and and and and and and and and and and and and and and and and and and and and and and and and and and and and and and and and and and and and and and and and and and and and",,
5a7fc6e45542992e7d278d73,Were Frank Tashlin and George Kuchar both animators?,no,native_8b,"Frank Tashlin and George Kuchar both animators.

Answer: Frank Tashlin and George Kuchar both animators.

Answer: Frank Tashlin and George Kuchar both animators.

Answer: Frank Tashlin and George Kuchar both animators.

Answer: Frank Tashlin and George Kuchar",,
5a7fc6e45542992e7d278d73,Were Frank Tashlin and George Kuchar both animators?,no,d4_c4_self,,,
5a7fc6e45542992e7d278d73,Were Frank Tashlin and George Kuchar both animators?,no,d4_c8_cross,"The answer is the same as the question. So the answer is ""Yes"" or ""No"" or ""I don't know"". But the question is: ""Is the answer to the question 'Is the answer to the question 'Is the answer to the question 'Is the answer to the question 'Is the answer",,
5a7fc6e45542992e7d278d73,Were Frank Tashlin and George Kuchar both animators?,no,d4_c4_shuffled,,,
5a7fc6e45542992e7d278d73,Were Frank Tashlin and George Kuchar both animators?,no,d4_c8_shuffled,The answer is that the answer is that the answer is that the answer is that the answer is that the answer is that the answer is that the answer is that the answer is that the answer is that the answer is that the answer is that the answer is that the answer is that the answer is that the answer is that,,
5a7fc6e45542992e7d278d73,Were Frank Tashlin and George Kuchar both animators?,no,d4_zero,"Yes.

Explanation: Frank Tashlin was an American animator, director, and cartoonist known for his work on ""The Three Caballeros"" and ""The Rotogravure."" George Kuchar was also an American animator, known for his work on ""The Pink Panther"" and ""The Absent-Minded",,
5ac3d10b5542993915413952,"Which player is from Brazil, Jimmy Connors or Maria Bueno?",Maria Esther Andion Bueno,question_only,"Maria Bueno is the player from Brazil. Jimmy Connors is from the United States.

Let me explain this. Maria Bueno was a famous tennis player from Brazil. She was known for her success in women's tennis, including winning multiple Grand Slam titles. On the other hand, Jimmy Connors was a top tennis",,
5ac3d10b5542993915413952,"Which player is from Brazil, Jimmy Connors or Maria Bueno?",Maria Esther Andion Bueno,supporting_text,Maria Bueno is from Brazil.,,
5ac3d10b5542993915413952,"Which player is from Brazil, Jimmy Connors or Maria Bueno?",Maria Esther Andion Bueno,native_4b,"Which player is from Brazil, Jimmy Connors or Maria Bueno?

Answer: Which player is from Brazil, Jimmy Conn, or Maria?

Answer: Which player is from Brazil, Jimmy Connors or Maria Bueno?

Answer: Which player is from Brazil, Jimmy Connors or Maria Bueno?

Answer: Which player",,
5ac3d10b5542993915413952,"Which player is from Brazil, Jimmy Connors or Maria Bueno?",Maria Esther Andion Bueno,native_8b,"Maria Bueno

Answer: Maria Bueno

Answer: Maria Bueno

Answer: Maria Bueno

Answer: Maria Bueno

Answer: Maria Bueno

Answer: Maria Bueno

Answer: Maria Bueno

Answer: Maria Bueno

Answer: Maria Bueno

Answer: Maria Bueno",,
5ac3d10b5542993915413952,"Which player is from Brazil, Jimmy Connors or Maria Bueno?",Maria Esther Andion Bueno,d4_c4_self,,,
5ac3d10b5542993915413952,"Which player is from Brazil, Jimmy Connors or Maria Bueno?",Maria Esther Andion Bueno,d4_c8_cross,"Which player is from Brazil, Jimmy Connors or Maria, Bueno,?

Answer: Which player is from Brazil, Jimmy Connors or Maria, bueno,?

Answer: Which player is from Brazil, Jimmy Connors or Maria, bueno,?

Answer: Which player is from Brazil, Jimmy Connors or",,
5ac3d10b5542993915413952,"Which player is from Brazil, Jimmy Connors or Maria Bueno?",Maria Esther Andion Bueno,d4_c4_shuffled,,,
5ac3d10b5542993915413952,"Which player is from Brazil, Jimmy Connors or Maria Bueno?",Maria Esther Andion Bueno,d4_c8_shuffled,"The player is from Brazil, Jimmy Connors or Maria Bueno.

The player is from Brazil, Jimmy Connors or Maria Bueno.

The player is from Brazil, Jimmy Connors or Maria Bueno.

The player is from Brazil, Jimmy Connors or Maria Bueno.

The player is from Brazil, Jimmy Conn",,
5ac3d10b5542993915413952,"Which player is from Brazil, Jimmy Connors or Maria Bueno?",Maria Esther Andion Bueno,d4_zero,"Maria Bueno is from Brazil. Jimmy Connors is from the United States.

Explanation: Maria Bueno was a Brazilian tennis player, while Jimmy Connors was an American tennis player. Therefore, Maria Bueno is the correct answer.
Answer: Maria Bueno

Explanation: Maria Bueno was a Brazilian tennis player,",,
5a8e8bed5542990e94052b47,What United Kingdom Prime Minister was succeeded in the 1990s by the Leader of the Conservative Party?,Margaret Thatcher,question_only,"Tony Blair
Wait, no. That's not correct. The correct answer is William Hague. Let me think again. In the 1990s, the UK Prime Minister was Tony Blair, who was succeeded by William Hague. But wait, William Hague was the Leader of the Conservative Party, and he was",,
5a8e8bed5542990e94052b47,What United Kingdom Prime Minister was succeeded in the 1990s by the Leader of the Conservative Party?,Margaret Thatcher,supporting_text,"John Major
Answer: John Major
Answer: John Major
Answer: John Major
Answer: John Major
Answer: John Major
Answer: John Major
Answer: John Major
Answer: John Major
Answer: John Major
Answer: John Major
Answer: John Major
Answer: John Major
Answer",,
5a8e8bed5542990e94052b47,What United Kingdom Prime Minister was succeeded in the 1990s by the Leader of the Conservative Party?,Margaret Thatcher,native_4b,"Sir John Major, {'1': "", '2': "", '3': ""} (born 29 March 1943) is a British politician who was Prime Minister of the United Kingdom and Leader of the Conservative Party from 1990 to 1997. Sir John Major is a",,
5a8e8bed5542990e94052b47,What United Kingdom Prime Minister was succeeded in the 1990s by the Leader of the Conservative Party?,Margaret Thatcher,native_8b,"The Leader of the Conservative Party

Answer: The Leader of the Conservative Party

Answer: The Leader of the Conservative Party

Answer: The Leader of the Conservative Party

Answer: The Leader of the Conservative Party

Answer: The Leader of the Conservative Party

Answer: The Leader of the Conservative Party

Answer: The",,
5a8e8bed5542990e94052b47,What United Kingdom Prime Minister was succeeded in the 1990s by the Leader of the Conservative Party?,Margaret Thatcher,d4_c4_self,,,
5a8e8bed5542990e94052b47,What United Kingdom Prime Minister was succeeded in the 1990s by the Leader of the Conservative Party?,Margaret Thatcher,d4_c8_cross,"The Prime Minister is the leader of the Conservative Party.

Step-by-step explanation:

1. The Prime Minister is the leader of the Conservative Party.
2. The Prime Minister is the leader of the Conservative Party.
3. The Prime Minister is the leader of the Conservative Party.
4. The Prime Minister is the leader of",,
5a8e8bed5542990e94052b47,What United Kingdom Prime Minister was succeeded in the 1990s by the Leader of the Conservative Party?,Margaret Thatcher,d4_c4_shuffled,,,
5a8e8bed5542990e94052b47,What United Kingdom Prime Minister was succeeded in the 1990s by the Leader of the Conservative Party?,Margaret Thatcher,d4_c8_shuffled,"The Prime Minister of the United Kingdom is the leader of the Conservative Party. The Prime Minister is the head of government of the United Kingdom, and the leader of the Conservative Party is the leader of the Conservative Party. So the answer is that the Prime Minister of the United Kingdom is the leader of the Conservative Party.

But",,
5a8e8bed5542990e94052b47,What United Kingdom Prime Minister was succeeded in the 1990s by the Leader of the Conservative Party?,Margaret Thatcher,d4_zero,"Tony Blair

But wait, that's not right. Tony Blair was the leader of the Labour Party, not the Conservative Party. The Leader of the Conservative Party in the 1990s was John Major. So, the correct answer should be John Major.

But then, the question is asking which Prime Minister",,
5abf42f75542993fe9a41dee,which plant has the highest specie  Panicum or Populus,Panicum,question_only,"Panicum

The answer is correct. But I need to explain why. So, how to explain that Panicum has more species than Populus?

Well, first, I need to check the number of species in each genus. Panicum is a genus of grasses, and Populus is a genus of trees,",,
5abf42f75542993fe9a41dee,which plant has the highest specie  Panicum or Populus,Panicum,supporting_text,"The genus Panicum has more species than Populus. Panicum has about 450 species, while Populus has 25–35 species.
The answer should be in a box.",,
5abf42f75542993fe9a41dee,which plant has the highest specie  Panicum or Populus,Panicum,native_4b,"which plant has the highest specie  Panicum or Populus

Answer: which plant has the highest specie  Panicum or Populus

Answer: which plant has the highest specie  Panicum or Populus

Answer: which plant has the highest specie  Panicum or Populus

Answer:",,
5abf42f75542993fe9a41dee,which plant has the highest specie  Panicum or Populus,Panicum,native_8b,"Answer:.

.

.

.

.

.

.

.

.

.

.

.

.

.

.

.

.

.

.

.

.

.

.

.

.

.

.

.

.

.

.

.

.

.

.

.

.

.

.

.

.

.

.

.

.

.

.

.

.

.

.

.

.

.

.

.

.

.

.

.

.",,
5abf42f75542993fe9a41dee,which plant has the highest specie  Panicum or Populus,Panicum,d4_c4_self,,,
5abf42f75542993fe9a41dee,which plant has the highest specie  Panicum or Populus,Panicum,d4_c8_cross,"the highest

But the highest

But the highest

But the highest

But the highest

But the highest

But the highest

But the highest

But the highest

But the highest

But the highest

But the highest

But the highest

But the highest

But the highest

But the highest

But",,
5abf42f75542993fe9a41dee,which plant has the highest specie  Panicum or Populus,Panicum,d4_c4_shuffled,:::,,
5abf42f75542993fe9a41dee,which plant has the highest specie  Panicum or Populus,Panicum,d4_c8_shuffled,"The plant with the highest specie is Panicum.

But wait, I think I need to check the specie of each plant. Let me think. Panicum is a type of plant, but I'm not sure about its specie. Maybe it's a type of cactus? Or maybe it's a type",,
5abf42f75542993fe9a41dee,which plant has the highest specie  Panicum or Populus,Panicum,d4_zero,"The plant with the highest species count between Panicum and Populus is Populus. Panicum, a genus within the grass family, contains around 40 species. In contrast, Populus, commonly known as willows and poplars, comprises approximately 10 species. Therefore, Panicum has more species",,
5a7905f555429974737f7947,Is Driss Lachgar's birthplace the largest or the second largest city in Morocco?,second largest,question_only,"Driss Lachgar was born in Meknes, Morocco. Meknes is the second largest city in Morocco. Therefore, the answer is second largest.

But wait, I need to confirm the size of Meknes compared to other cities in Morocco. The largest city in Morocco is Casablanca,",,
5a7905f555429974737f7947,Is Driss Lachgar's birthplace the largest or the second largest city in Morocco?,second largest,supporting_text,"Driss Lachgar was born in Rabat, which is the second largest city in Morocco. Therefore, the answer is second largest.
Okay, let's tackle this question. The user is asking whether Driss Lachgar's birthplace is the largest or the second largest city in Morocco. 

First, I",,
5a7905f555429974737f7947,Is Driss Lachgar's birthplace the largest or the second largest city in Morocco?,second largest,native_4b,"No, Rabat, Rabat, Rabat, Rabat, Rabat, Rabat, Rabat, Rabat, Rabat, Rabat, Rabat, Rabat, Rabat, Rabat, Rabat, Rabat, Rabat, Rabat, Rabat, Rabat, Rabat",,
5a7905f555429974737f7947,Is Driss Lachgar's birthplace the largest or the second largest city in Morocco?,second largest,native_8b,"Driss Lachgar was born in Marrakesh, which is the second largest city in Morocco.

But wait, is Marrakesh the second largest city in Morocco?

Let me check the cities in Morocco.

The largest city in Morocco is Marrakesh?

No, that's not correct.

The largest city in",,
5a7905f555429974737f7947,Is Driss Lachgar's birthplace the largest or the second largest city in Morocco?,second largest,d4_c4_self,,,
5a7905f555429974737f7947,Is Driss Lachgar's birthplace the largest or the second largest city in Morocco?,second largest,d4_c8_cross,"The second largest city in Morocco is not a city, it is the city of the second largest city in Morocco is not a city, it is the city of the second largest city in Morocco is not a city, it is the city of the second largest city in Morocco is not a city, it is the city of",,
5a7905f555429974737f7947,Is Driss Lachgar's birthplace the largest or the second largest city in Morocco?,second largest,d4_c4_shuffled,,,
5a7905f555429974737f7947,Is Driss Lachgar's birthplace the largest or the second largest city in Morocco?,second largest,d4_c8_shuffled,"The second largest city in Georgia is Tbilisi.

Wait, but the user is asking about the largest and second largest city in Georgia, but the answer says ""the second largest city in Georgia is Tbilisi."" But Tbilisi is the capital of Georgia, and the largest city is Tbilisi. So",,
5a7905f555429974737f7947,Is Driss Lachgar's birthplace the largest or the second largest city in Morocco?,second largest,d4_zero,"Driss Lachgar was born in the city of Marrakech, which is the second largest city in Morocco. Therefore, the answer is the second largest city.

Question: What is the capital of Morocco?

Answer: The capital of Morocco is Rabat. Therefore, the answer is Rabat.

Question: What",,
5a77aa8655429949eeb29f22,"What cast member of Flashbacks of a Fool was educated at Bryanston School in Blandford, Dorset?",Emilia Fox,question_only,"The cast member of Flashbacks of a Fool who was educated at Bryanston School in Blandford, Dorset is **David Tennant**. 

Wait, but David Tennant is known for his role as the 10th Doctor in *Doctor Who*, not *Flashbacks of a Fool*. I need",,
5a77aa8655429949eeb29f22,"What cast member of Flashbacks of a Fool was educated at Bryanston School in Blandford, Dorset?",Emilia Fox,supporting_text,Emilia Fox,,
5a77aa8655429949eeb29f22,"What cast member of Flashbacks of a Fool was educated at Bryanston School in Blandford, Dorset?",Emilia Fox,native_4b,What cast member of Flashbacks of a Fool was educated at Bryan. What cast member of Flash. What cast member of Flash. What cast member of Flash. What cast member of Flash. What cast member of Flash. What cast member of Flash. What cast member of Flash. What cast member of Flash. What cast,,
5a77aa8655429949eeb29f22,"What cast member of Flashbacks of a Fool was educated at Bryanston School in Blandford, Dorset?",Emilia Fox,native_8b,"The person was educated at Bryanston School in Blandford, Dor. The person was Daniel. The person was Daniel. The person was Daniel. The person was Daniel. The person was Daniel. The person was Daniel. The person was Daniel. The person was Daniel. The person was Daniel. The person was Daniel",,
5a77aa8655429949eeb29f22,"What cast member of Flashbacks of a Fool was educated at Bryanston School in Blandford, Dorset?",Emilia Fox,d4_c4_self,1111111111111111111111111111111111111111111111111111111111111111,,
5a77aa8655429949eeb29f22,"What cast member of Flashbacks of a Fool was educated at Bryanston School in Blandford, Dorset?",Emilia Fox,d4_c8_cross,"The answer is ""Bryanston School in Blandford"" because that is the only one that has both ""Bryanston"" and ""Blandford"" in it. The other options don't have both words. So the answer is Bryanston School in Blandford.

But wait, the question is a",,
5a77aa8655429949eeb29f22,"What cast member of Flashbacks of a Fool was educated at Bryanston School in Blandford, Dorset?",Emilia Fox,d4_c4_shuffled,"STENI
STENI
STENI
STENI
STENI
STENI
STENI
STENI
STENI
STENI
STENI
STENI
STENI
STENI
STENI
STENI",,
5a77aa8655429949eeb29f22,"What cast member of Flashbacks of a Fool was educated at Bryanston School in Blandford, Dorset?",Emilia Fox,d4_c8_shuffled,"The answer is ""Bryanston School in Blandford, Dorset"" is a ""Bryanston School in Blandford, Dorset"" is a ""Bryanston School in Blandford, Dorset"" is a ""Bryanston School in Blandford, Dorset"" is a """,,
5a77aa8655429949eeb29f22,"What cast member of Flashbacks of a Fool was educated at Bryanston School in Blandford, Dorset?",Emilia Fox,d4_zero,"The cast member of Flashbacks of a Fool who was educated at Bryanston School in Blandford, Dorset is **David Tennant**. 

**Step-by-Step Explanation:**
1. **Identify the Question:** The question is asking for the cast member of the show ""Flashbacks of a Fool",,
5ab56555554299494045ef97,"As a Nazi hunter, Simon Wiesenthal, was apart of a fued in what time frame?",1970s,question_only,"Simon Wiesenthal was involved in a feud with the Nazi war criminal Ernst Zündel from 1984 to 1989.

Now, let's think about this. Simon Wiesenthal was a Nazi hunter, right? He was known for tracking down Nazi war criminals and bringing them to justice",,
5ab56555554299494045ef97,"As a Nazi hunter, Simon Wiesenthal, was apart of a fued in what time frame?",1970s,supporting_text,"The Kreisky–Peter–Wiesenthal affair was a political and personal feud in the 1970s fought between the then Austrian chancellor Bruno Kreisky and the Nazi hunter Simon Wiesenthal arising from Kreisky's ministerial appointments and the SS past of Freedom Party leader Friedrich Peter, which had been revealed",,
5ab56555554299494045ef97,"As a Nazi hunter, Simon Wiesenthal, was apart of a fued in what time frame?",1970s,native_4b,"The Kreisky–Peter–Wiesenthal affair was a political and personal feud in the 1970s fought between the then Austrian chancellor Bruno Kreisky and the Nazi hunter Simon Wiesenthal arising from Kreisky's ministerial appointments and the SS past of Freedom Party leader Friedrich Peter, which had been revealed",,
5ab56555554299494045ef97,"As a Nazi hunter, Simon Wiesenthal, was apart of a fued in what time frame?",1970s,native_8b,The Kreisfeur (K) ) ) ) ) ) ) ) ) ) ) ) ) ) ) ) ) ) ) ) ) ) ) ) ) ) ) ) ) ) ) ) ) ) ) ) ) ) ) ) ) ) ) ) ) ) ) ) ) ) ) ) ) ) ) ) ),,
5ab56555554299494045ef97,"As a Nazi hunter, Simon Wiesenthal, was apart of a fued in what time frame?",1970s,d4_c4_self,................................................................,,
5ab56555554299494045ef97,"As a Nazi hunter, Simon Wiesenthal, was apart of a fued in what time frame?",1970s,d4_c8_cross,"As a Nazi hunter, Simon Wieshal, what apart of a fued in what time frame?

Answer: As a Nazi hunter, Simon Wieshal, what apart of a fued in what time frame?

Answer: As a Nazi hunter, Simon Wieshal, what apart of a fued in what",,
5ab56555554299494045ef97,"As a Nazi hunter, Simon Wiesenthal, was apart of a fued in what time frame?",1970s,d4_c4_shuffled,Answer: Answer: Answer: Answer: Answer: Answer: Answer: Answer: Answer: Answer: Answer: Answer: Answer: Answer: Answer: Answer: Answer: Answer: Answer: Answer: Answer: Answer: Answer: Answer: Answer: Answer: Answer: Answer: Answer: Answer: Answer: Answer:,,
5ab56555554299494045ef97,"As a Nazi hunter, Simon Wiesenthal, was apart of a fued in what time frame?",1970s,d4_c8_shuffled,"The question is unclear and contains multiple errors. The user is asking about a ""Nazihunter"" (possibly a misspelling of ""Nazi hunter""), ""Simon Wiesenthal"" (possibly a misspelling of ""Simon Wiesenthal"" or ""Reinhard Heydrich""), and ""fued",,
5ab56555554299494045ef97,"As a Nazi hunter, Simon Wiesenthal, was apart of a fued in what time frame?",1970s,d4_zero,"Simon Wiesenthal was a Nazi hunter who was involved in a feud with the Nazi regime during World War II. However, it is important to note that Wiesenthal himself was not a member of the Nazi party and did not participate in the war crimes committed by the Nazis. Instead, he was a Jewish survivor who",,
5a7414d855429929fddd83db,"What English professional football club, won the 1994 European Cup? Arsenal",Arsenal,question_only,"The English professional football club that won the 1994 European Cup is **Bolton Wanderers**.

Wait, that's not correct. The 1994 European Cup (now known as the UEFA Champions League) was won by **Bolton Wanderers**? No, that's not",,
5a7414d855429929fddd83db,"What English professional football club, won the 1994 European Cup? Arsenal",Arsenal,supporting_text,The English professional football club that won the 1994 European Cup is Arsenal.,,
5a7414d855429929fddd83db,"What English professional football club, won the 1994 European Cup? Arsenal",Arsenal,native_4b,The 1994 European Cup Winners' Cup was a football match on 4 May 1994 contested between Arsenal of England and Parma of Italy. The 1994 European Cup Winners' Cup was a football match on 4 May 1994 contested between Arsenal of England,,
5a7414d855429929fddd83db,"What English professional football club, won the 1994 European Cup? Arsenal",Arsenal,native_8b,"What English professional football club, won the 1994 European Cup? Arsenal

Answer: What English professional football club, won the 1994 European Cup? Arsenal

Answer: What English professional football club, won the 1994 European Cup? Arsenal

Answer: What English professional football",,
5a7414d855429929fddd83db,"What English professional football club, won the 1994 European Cup? Arsenal",Arsenal,d4_c4_self,Answer: Answer: Answer: Answer: Answer: Answer: Answer: Answer: Answer: Answer: Answer: Answer: Answer: Answer: Answer: Answer: Answer: Answer: Answer: Answer: Answer: Answer: Answer: Answer: Answer: Answer: Answer: Answer: Answer: Answer: Answer: Answer:,,
5a7414d855429929fddd83db,"What English professional football club, won the 1994 European Cup? Arsenal",Arsenal,d4_c8_cross,"No, Arsenal did not win the European Cup in 1994. The European Cup (now known as the UEFA Champions League) was won by Bayern Munich in 1994. Arsenal's closest European Cup victory was in 1971, when they defeated Bayern Munich in a replay.",,
5a7414d855429929fddd83db,"What English professional football club, won the 1994 European Cup? Arsenal",Arsenal,d4_c4_shuffled,".
...............................................................",,
5a7414d855429929fddd83db,"What English professional football club, won the 1994 European Cup? Arsenal",Arsenal,d4_c8_shuffled,"The answer is Arsenal. The question is a bit of a trick, but the answer is Arsenal. The question is a bit of a trick, but the answer is Arsenal. The question is a bit of a trick, but the answer is Arsenal. The question is a bit of a trick, but the answer is Arsenal",,
5a7414d855429929fddd83db,"What English professional football club, won the 1994 European Cup? Arsenal",Arsenal,d4_zero,"The English professional football club that won the 1994 European Cup was **Bolton Wanderers**. However, this is incorrect. The correct answer is **Manchester United**. 

**Step-by-Step Explanation:**
1. **Identify the tournament:** The 1994 European Cup",,
5ac27d2555429963665199dc,The teaching method that Maggie Gripenberg was the first to introduce to Finland is used to teach what?,music,question_only,"The teaching method that Maggie Gripenberg was the first to introduce to Finland is used to teach **reading**.

Step-by-step explanation:
1. Maggie Gripenberg is known for her work in literacy and education.
2. She introduced a specific teaching method to Finland.
3. This method is associated with teaching reading",,
5ac27d2555429963665199dc,The teaching method that Maggie Gripenberg was the first to introduce to Finland is used to teach what?,music,supporting_text,"The teaching method that Maggie Gripenberg was the first to introduce to Finland is used to teach music.


**Thought Process:**
First, I need to find out which teaching method Maggie Gripenberg introduced to Finland. Looking at the document about Maggie Gripenberg, Sentence 1 says she was the",,
5ac27d2555429963665199dc,The teaching method that Maggie Gripenberg was the first to introduce to Finland is used to teach what?,music,native_4b,"The teaching method that is used to teach what?

Answer: The teaching method that is used to teach what?

Answer: The teaching method that is used to teach what?

Answer: The teaching method that is used to teach what?

Answer: The teaching method that is used to teach what?

Answer: The teaching method that",,
5ac27d2555429963665199dc,The teaching method that Maggie Gripenberg was the first to introduce to Finland is used to teach what?,music,native_8b,"to teach what?

Answer: to teach what?

Answer: to teach what?

Answer: to teach what?

Answer: to teach what?

Answer: to teach what?

Answer: to teach what?

Answer: to teach what?

Answer: to teach what?

Answer: to teach what?

Answer: to teach what?",,
5ac27d2555429963665199dc,The teaching method that Maggie Gripenberg was the first to introduce to Finland is used to teach what?,music,d4_c4_self,.,,
5ac27d2555429963665199dc,The teaching method that Maggie Gripenberg was the first to introduce to Finland is used to teach what?,music,d4_c8_cross,"The answer is used to teach what?

Answer: The answer is used to teach what?

Answer: The answer is used to teach what?

Answer: The answer is used to teach what?

Answer: The answer is used to teach what?

Answer: The answer is used to teach what?

Answer: The answer is used",,
5ac27d2555429963665199dc,The teaching method that Maggie Gripenberg was the first to introduce to Finland is used to teach what?,music,d4_c4_shuffled,,,
5ac27d2555429963665199dc,The teaching method that Maggie Gripenberg was the first to introduce to Finland is used to teach what?,music,d4_c8_shuffled,"The teaching method that Maggie Gripenberg was the first to introduce to Finland is used to teach what?

The question is a bit confusing, but I think it's asking about the teaching method that Maggie Gripenberg was the first to introduce to Finland, and what that method is used to teach.

So, the answer",,
5ac27d2555429963665199dc,The teaching method that Maggie Gripenberg was the first to introduce to Finland is used to teach what?,music,d4_zero,"The answer is ""the teaching method that Maggie Gripenberg was the first to introduce to Finland is used to teach the Finnish language.""

But the user is asking for the answer to the question, which is: ""What is the teaching method that Maggie Gripenberg was the first to introduce to Finland used to teach?""",,
5ae409d955429970de88d89d,Greetings! We're The Monitors was the debut album by the band who had what soul and R&B singer as their lead?,Richard Allen Street,question_only,"The Monitors was the debut album by the band **The Monitors**, and their lead singer was **Lil Wayne**. However, it's important to note that ""The Monitors"" is actually a band that was formed by Lil Wayne, but the album ""Greetings! We're The Monitors"" is not",,
5ae409d955429970de88d89d,Greetings! We're The Monitors was the debut album by the band who had what soul and R&B singer as their lead?,Richard Allen Street,supporting_text,Richard Street,,
5ae409d955429970de88d89d,Greetings! We're The Monitors was the debut album by the band who had what soul and R&B singer as their lead?,Richard Allen Street,native_4b,"Richard Street, Richard Allen Street, Richard Allen Street, Richard Allen Street, Richard Allen Street, Richard Allen Street, Richard Allen Street, Richard Allen Street, Richard Allen Street, Richard Allen Street, Richard Allen Street, Richard Allen Street, Richard Allen Street, Richard Allen Street, Richard Allen Street, Richard Allen Street, Richard",,
5ae409d955429970de88d89d,Greetings! We're The Monitors was the debut album by the band who had what soul and R&B singer as their lead?,Richard Allen Street,native_8b,Answer: Answer: Answer: Answer: Answer: Answer: Answer: Answer: Answer: Answer: Answer: Answer: Answer: Answer: Answer: Answer: Answer: Answer: Answer: Answer: Answer: Answer: Answer: Answer: Answer: Answer: Answer: Answer: Answer: Answer: Answer: Answer:,,
5ae409d955429970de88d89d,Greetings! We're The Monitors was the debut album by the band who had what soul and R&B singer as their lead?,Richard Allen Street,d4_c4_self,::::::::::::::::::::::::::::::::::::::::::::::::::::::::::::::::,,
5ae409d955429970de88d89d,Greetings! We're The Monitors was the debut album by the band who had what soul and R&B singer as their lead?,Richard Allen Street,d4_c8_cross,"The album ""Greetings!"" by the band We're the Monitors was released in 1998. The lead singer is R&B.

Wait, that doesn't make sense. Let me think again.

The band We're the Monitors is known for their album ""Greetings!"" which was released in",,
5ae409d955429970de88d89d,Greetings! We're The Monitors was the debut album by the band who had what soul and R&B singer as their lead?,Richard Allen Street,d4_c4_shuffled,"of, of, of, of, of, of, of, of, of, of, of, of, of, of, of, of, of, of, of, of, of, of, of, of, of, of, of, of, of, of, of, of,",,
5ae409d955429970de88d89d,Greetings! We're The Monitors was the debut album by the band who had what soul and R&B singer as their lead?,Richard Allen Street,d4_c8_shuffled,"The band is The Beatles, and the album is ""Sgt. Pepper"" and the singer is John Lennon.

Wait, that doesn't make sense. Let me think again.

Okay, let's start by breaking down the question. The user is asking for the band, album, and singer associated with the song """,,
5ae409d955429970de88d89d,Greetings! We're The Monitors was the debut album by the band who had what soul and R&B singer as their lead?,Richard Allen Street,d4_zero,"The Monitors' debut album was ""Greetings! We're The Monitors,"" and the band's lead soul and R&B singer was **Diana Ross**. However, it's important to note that Diana Ross was actually a member of the band **The Supremes**, not The Monitors. The Monitors",,
5a7180205542994082a3e856,"The creator of ""Wallace and Gromit"" also created what animation comedy that matched animated zoo animals with a soundtrack of people talking about their homes?",Creature Comforts,question_only,"The creator of ""Wallace and Gromit"" is Nick Park. He also created ""Aardman Animations,"" which is a studio known for creating various animated films. However, the specific animation comedy that matches animated zoo animals with a soundtrack of people talking about their homes is ""The Wrong Tuna."" This",,
5a7180205542994082a3e856,"The creator of ""Wallace and Gromit"" also created what animation comedy that matched animated zoo animals with a soundtrack of people talking about their homes?",Creature Comforts,supporting_text,"Creature Comforts
Answer: Creature Comforts
Answer: Creature Comforts
Answer: Creature Comforts
Answer: Creature Comforts
Answer: Creature Comforts
Answer: Creature Comforts
Answer: Creature Comforts
Answer: Creature Comforts
Answer: Creature Comforts
Answer: Creature Comforts",,
5a7180205542994082a3e856,"The creator of ""Wallace and Gromit"" also created what animation comedy that matched animated zoo animals with a soundtrack of people talking about their homes?",Creature Comforts,native_4b,"The creator of ""Wallace and Gromit"" also created what animation comedy that matched animated zoo animals with a soundtrack of people talking about their homes?

Answer: The creator of ""Wallace and Gromit"" also created what animation comedy that matched animated zoo animals with a soundtrack of people talking about their homes?",,
5a7180205542994082a3e856,"The creator of ""Wallace and Gromit"" also created what animation comedy that matched animated zoo animals with a soundtrack of people talking about their homes?",Creature Comforts,native_8b,"The creator of ""Wallace and Gromit"" also created what animation comedy that matched animated zoo animals with a soundtrack of people talking about their homes?

Answer: The creator of ""Wallace and Gromit"" also created what animation comedy that matched animated zoo animals with a soundtrack of people talking about their homes?",,
5a7180205542994082a3e856,"The creator of ""Wallace and Gromit"" also created what animation comedy that matched animated zoo animals with a soundtrack of people talking about their homes?",Creature Comforts,d4_c4_self,,,
5a7180205542994082a3e856,"The creator of ""Wallace and Gromit"" also created what animation comedy that matched animated zoo animals with a soundtrack of people talking about their homes?",Creature Comforts,d4_c8_cross,"""I'm not sure about the answer to the question. The answer is ""i'm not sure about the answer to the question. The answer is ""i'm not sure about the answer to the question. The answer is ""i'm not sure about the answer to the question. The answer is ""i'm not",,
5a7180205542994082a3e856,"The creator of ""Wallace and Gromit"" also created what animation comedy that matched animated zoo animals with a soundtrack of people talking about their homes?",Creature Comforts,d4_c4_shuffled,,,
5a7180205542994082a3e856,"The creator of ""Wallace and Gromit"" also created what animation comedy that matched animated zoo animals with a soundtrack of people talking about their homes?",Creature Comforts,d4_c8_shuffled,"The user is asking about the creation of a ""Wallace"" and ""Gromit"" with some animations and comedy. The user is also asking about the creation of a ""Wallace"" and ""Gromit"" with some animations and comedy. The user is also asking about the creation of a ""Wallace",,
5a7180205542994082a3e856,"The creator of ""Wallace and Gromit"" also created what animation comedy that matched animated zoo animals with a soundtrack of people talking about their homes?",Creature Comforts,d4_zero,"""A Charlie Brown Christmas""

Wait, no. ""A Charlie Brown Christmas"" is a different show. The creator of ""Wallace and Gromit"" is Nick Park. He also created ""The Chicken Run"" and ""Roald Dahl's Fantastic Mr. Fox"". But the question is about an animation comedy that",,
5ae0bb2c5542993d6555ec27,The King of Hollywood starred in what 1932 American pre-Code dram film?,Strange Interlude,question_only,"The King of Hollywood"" is a 1932 American pre-Code drama film. The film was directed by John Ford and stars Clark Gable as the title character. However, I need to check if ""The King of Hollywood"" is the correct title of the film. Alternatively, it might be a different",,
5ae0bb2c5542993d6555ec27,The King of Hollywood starred in what 1932 American pre-Code dram film?,Strange Interlude,supporting_text,The Match King,,
5ae0bb2c5542993d6555ec27,The King of Hollywood starred in what 1932 American pre-Code dram film?,Strange Interlude,native_4b,"The King of Hollywood starred in what 1932 American pre-Code dram film?

Answer: The King of Hollywood starred in what 1932 American pre-Code dram film?

Answer: The King of Hollywood starred in what 1932 American pre-Code dram film?

Answer: The",,
5ae0bb2c5542993d6555ec27,The King of Hollywood starred in what 1932 American pre-Code dram film?,Strange Interlude,native_8b,"The King of Hollywood starred in what 1932 American pre-Code dram film?

Answer: The King of Hollywood starred in what 1932 American pre-Code dram film?

Answer: The King of Hollywood starred in what 1932 American pre-Code dram film?

Answer: The",,
5ae0bb2c5542993d6555ec27,The King of Hollywood starred in what 1932 American pre-Code dram film?,Strange Interlude,d4_c4_self,,,
5ae0bb2c5542993d6555ec27,The King of Hollywood starred in what 1932 American pre-Code dram film?,Strange Interlude,d4_c8_cross,193222222222222222222222222222222222222222222222222222222222222,,
5ae0bb2c5542993d6555ec27,The King of Hollywood starred in what 1932 American pre-Code dram film?,Strange Interlude,d4_c4_shuffled,the  the the the the the the the the the the the the the the the the the the the the the the the the the the the the the the the the the the the the the the the the the the the,,
5ae0bb2c5542993d6555ec27,The King of Hollywood starred in what 1932 American pre-Code dram film?,Strange Interlude,d4_c8_shuffled,"The King of Hollywood, and what, and the, and the, and the, and the, and the, and the, and the, and the, and the, and the, and the, and the, and the, and the, and the, and the, and the, and the, and the",,
5ae0bb2c5542993d6555ec27,The King of Hollywood starred in what 1932 American pre-Code dram film?,Strange Interlude,d4_zero,"The answer is ""The Publicity Man.""

But wait, I need to make sure. Let me think again. The question is about a 1932 American pre-Code drama film that the King of Hollywood starred in. The King of Hollywood is a nickname for someone, but who exactly? Maybe it's",,
5a85ea095542994775f606a8,"What science fantasy young adult series, told in first person, has a set of companion books narrating the stories of enslaved worlds and alien species?",Animorphs,question_only,"The answer is ""The Expanse"" series. However, I need to check if this is correct. The Expanse series is a science fiction series, not fantasy, and it's not told in first person. The main series is written in third person. The companion books are part of the series, but they are",,
5a85ea095542994775f606a8,"What science fantasy young adult series, told in first person, has a set of companion books narrating the stories of enslaved worlds and alien species?",Animorphs,supporting_text,"The Hork-Bajir Chronicles is a science fantasy young adult series, told in first person, that has a set of companion books narrating the stories of enslaved worlds and alien species.",,
5a85ea095542994775f606a8,"What science fantasy young adult series, told in first person, has a set of companion books narrating the stories of enslaved worlds and alien species?",Animorphs,native_4b,"What science fantasy young adult series, told in first person, has a set of companion books narrating the stories of enslaved worlds and alien species?

Answer: What science fantasy young adult series, told in first person, has a set of companion books narrating the stories of enslaved worlds and alien species?

Answer: What science",,
5a85ea095542994775f606a8,"What science fantasy young adult series, told in first person, has a set of companion books narrating the stories of enslaved worlds and alien species?",Animorphs,native_8b,"The answer is the book, which is the second companion book, the third, the fourth, the fifth, the sixth, the seventh, the eighth, the ninth, the tenth, the eleventh, the twelfth, the thirteenth, the fourteenth, the fifteenth, the sixteenth, the sevent",,
5a85ea095542994775f606a8,"What science fantasy young adult series, told in first person, has a set of companion books narrating the stories of enslaved worlds and alien species?",Animorphs,d4_c4_self,all the the the the the the the the the the the the the the the the the the the the the the the the the the the the the the the the the the the the the the the the the the the the the the the the the the the the the the the the the the the the the the the,,
5a85ea095542994775f606a8,"What science fantasy young adult series, told in first person, has a set of companion books narrating the stories of enslaved worlds and alien species?",Animorphs,d4_c8_cross,"I have a set of books, and the stories of the.",,
5a85ea095542994775f606a8,"What science fantasy young adult series, told in first person, has a set of companion books narrating the stories of enslaved worlds and alien species?",Animorphs,d4_c4_shuffled,Answer: Answer: Answer: Answer: Answer: Answer: Answer: Answer: Answer: Answer: Answer: Answer: Answer: Answer: Answer: Answer: Answer: Answer: Answer: Answer: Answer: Answer: Answer: Answer: Answer: Answer: Answer: Answer: Answer: Answer: Answer: Answer:,,
5a85ea095542994775f606a8,"What science fantasy young adult series, told in first person, has a set of companion books narrating the stories of enslaved worlds and alien species?",Animorphs,d4_c8_shuffled,"The series is ""The Expanse"" by James S.A. Corey. However, it's worth noting that ""The Expanse"" is more of a space opera with a focus on political intrigue and human conflict, rather than a science fantasy series. It's also not told in first person, but rather in a third",,
5a85ea095542994775f606a8,"What science fantasy young adult series, told in first person, has a set of companion books narrating the stories of enslaved worlds and alien species?",Animorphs,d4_zero,"The science fantasy young adult series that is told in first person and has a set of companion books narrating the stories of enslaved worlds and alien species is ""The Expanse"" series. 

But the answer is ""The Expanse"" series. 

But the answer is ""The Expanse"" series. 

But the",,
5ab201765542993be8fa98a4,Hobart Paving is a single by a band formed in which year ?,1990,question_only,"1983

The question is about the band that released the song ""Hobart Paving"". The answer is 1983, which is the year the band was formed. 

Now, I need to explain the reasoning process for this answer. The key here is to identify the band associated",,
5ab201765542993be8fa98a4,Hobart Paving is a single by a band formed in which year ?,1990,supporting_text,1993,,
5ab201765542993be8fa98a4,Hobart Paving is a single by a band formed in which year ?,1990,native_4b,""" Hobart Paving is a single by a band formed in which year ? "" "" "" "" "" "" "" "" "" "" "" "" "" "" "" "" "" "" "" "" "" "" "" "" "" "" "" "" "" "" "" "" "" "" "" "" "" "" "" "" "" "" "" "" "" "" "" """,,
5ab201765542993be8fa98a4,Hobart Paving is a single by a band formed in which year ?,1990,native_8b,"Paving is a single by a band formed in which year ?

Answer: Paving is a single by a band formed in which year?

Answer: Paving is a single by a band formed in which year?

Answer: Paving is a single by a band formed in which year?

Answer: Paving is a",,
5ab201765542993be8fa98a4,Hobart Paving is a single by a band formed in which year ?,1990,d4_c4_self,::::::::::::::::::::::::::::::::::::::::::::::::::::::: 1. 1. 1.,,
5ab201765542993be8fa98a4,Hobart Paving is a single by a band formed in which year ?,1990,d4_c8_cross,"1993

Okay, so I need to figure out the answer to the question: ""Hobart Paving is a single by a band formed in which year?"" The answer is 1993. Let me think through how to get there.

First, I know that ""Hobart",,
5ab201765542993be8fa98a4,Hobart Paving is a single by a band formed in which year ?,1990,d4_c4_shuffled,".







.

.

.

.

.

.
.
.
.
.
.
.
.
.
.
.
.
.
.
.
.
.
.
.
.
.
.
.
.
.
.
.
.
.
.
.
.
.
.
.
.
.
.
.
.
.
.
.
.
.
.",,
5ab201765542993be8fa98a4,Hobart Paving is a single by a band formed in which year ?,1990,d4_c8_shuffled,"The band is called ""The Band"" and they were formed in 1968.

Wait, but the user is asking about ""The Band"" and the year they were formed. Let me confirm that. The Band is a Canadian band formed in 1968. Yes, that's correct. They",,
5ab201765542993be8fa98a4,Hobart Paving is a single by a band formed in which year ?,1990,d4_zero,"1986

Question: Which band formed in 1986 released the single Hobart Paving ?

Answer: The Smashing Pumpkins

Question: Which band formed in 1986 released the single Hobart Paving ?

Answer: The Smashing Pumpkins

Question: Which band",,
5aba77be55429955dce3ee44,How many degrees and minutes south of the equator are the bone fragments of the extinct Ascension night heron found?,7°56',question_only,"The bone fragments of the Ascension night heron are found at 10° 35' S latitude, which is 10 degrees and 35 minutes south of the equator.

So, the answer is 10 degrees and 35 minutes south of the equator. The answer should",,
5aba77be55429955dce3ee44,How many degrees and minutes south of the equator are the bone fragments of the extinct Ascension night heron found?,7°56',supporting_text,The bone fragments of the extinct Ascension night heron are found 7°56' south of the equator.,,
5aba77be55429955dce3ee44,How many degrees and minutes south of the equator are the bone fragments of the extinct Ascension night heron found?,7°56',native_4b,"The bone fragments of the extinct Ascension night heron found are located at 7°56' South of the Equator.

The question is: What is the latitude of the bone fragments of the extinct Ascension night heron found?

Answer: 7°56' South

The question is: What",,
5aba77be55429955dce3ee44,How many degrees and minutes south of the equator are the bone fragments of the extinct Ascension night heron found?,7°56',native_8b,,,
5aba77be55429955dce3ee44,How many degrees and minutes south of the equator are the bone fragments of the extinct Ascension night heron found?,7°56',d4_c4_self,Answer Answer Answer Answer Answer Answer Answer Answer Answer Answer Answer Answer Answer Answer Answer Answer Answer Answer Answer Answer Answer Answer Answer Answer Answer Answer Answer Answer Answer Answer Answer Answer Answer Answer Answer Answer Answer Answer Answer Answer Answer Answer Answer Answer Answer Answer Answer Answer Answer Answer Answer Answer Answer Answer Answer Answer Answer Answer Answer Answer Answer Answer Answer Answer,,
5aba77be55429955dce3ee44,How many degrees and minutes south of the equator are the bone fragments of the extinct Ascension night heron found?,7°56',d4_c8_cross,"The bone fragments of the extinct Ascension night heron are found in the southern hemisphere, specifically in the southern part of the equator. The exact location is the Ascension Island, which is located in the South Atlantic Ocean, approximately 1,200 kilometers (750 miles) southeast of the coast",,
5aba77be55429955dce3ee44,How many degrees and minutes south of the equator are the bone fragments of the extinct Ascension night heron found?,7°56',d4_c4_shuffled,".
"" "" "" "" "" "" "" "" "" "" "" "" "" "" "" "" "" "" "" "" "" "" "" "" "" "" "" "" "" "" "" "" "" "" "" "" "" "" "" "" "" "" "" "" "" "" "" "" "" "" "" "" "" "" "" "" "" "" "" "" "" """,,
5aba77be55429955dce3ee44,How many degrees and minutes south of the equator are the bone fragments of the extinct Ascension night heron found?,7°56',d4_c8_shuffled,"15 degrees and 30 minutes south of the equator.

Step-by-Step Explanation:

1. The question is about the geographic location of the bone fragments of the extinct Ascension night heron.
2. The Ascension night heron is a bird species that is extinct, and its remains were found",,
5aba77be55429955dce3ee44,How many degrees and minutes south of the equator are the bone fragments of the extinct Ascension night heron found?,7°56',d4_zero,"The bone fragments of the extinct Ascension night heron are found at 10° 30' S latitude.

So, the answer is 10 degrees and 30 minutes south of the equator.
The answer is 10° 30' S. The answer should be in the",,
5a88c68d55429938390d3fba,E! Hollywood Hold'em was hosted by a poker player of what nationality?,Irish,question_only,"The show was hosted by Michael ""Mike"" D'Antoni, who is of Italian-American nationality.

Wait, but I think that's incorrect. Let me check again. Actually, the host of E! Hollywood Hold'em was not Michael D'Antoni. He was a basketball coach. The actual host of the",,
5a88c68d55429938390d3fba,E! Hollywood Hold'em was hosted by a poker player of what nationality?,Irish,supporting_text,"The answer is American. 

The question is asking about the nationality of the poker player who hosted E! Hollywood Hold'em. From the document, it says that E! Hollywood Hold'em is a poker television program that aired in 2005 on the E! television network. The show featured young celebrities, including",,
5a88c68d55429938390d3fba,E! Hollywood Hold'em was hosted by a poker player of what nationality?,Irish,native_4b,"Philip ""Phil"" Courtney Laak is an Irish professional poker player.

Answer: Philip ""Phil"" Courtney Laak is an Irish professional poker player.

Answer: Philip ""Phil"" Courtney Laak is an Irish professional poker player.

Answer: Philip ""Phil"" Courtney Laak is an Irish professional poker player.

Answer:",,
5a88c68d55429938390d3fba,E! Hollywood Hold'em was hosted by a poker player of what nationality?,Irish,native_8b,Answer: Answer: Answer: Answer: Answer: Answer: Answer: Answer: Answer: Answer: Answer: Answer: Answer: Answer: Answer: Answer: Answer: Answer: Answer: Answer: Answer: Answer: Answer: Answer: Answer: Answer: Answer: Answer: Answer: Answer: Answer: Answer:,,
5a88c68d55429938390d3fba,E! Hollywood Hold'em was hosted by a poker player of what nationality?,Irish,d4_c4_self,,,
5a88c68d55429938390d3fba,E! Hollywood Hold'em was hosted by a poker player of what nationality?,Irish,d4_c8_cross,"American

The question is asking about the nationality of the poker player who hosted the show ""Hollywood Hold'em."" To answer this, I need to recall who the host was and their nationality. I remember that the show was hosted by a well-known poker player, and I think their name is Phil Ivey. Now",,
5a88c68d55429938390d3fba,E! Hollywood Hold'em was hosted by a poker player of what nationality?,Irish,d4_c4_shuffled,,,
5a88c68d55429938390d3fba,E! Hollywood Hold'em was hosted by a poker player of what nationality?,Irish,d4_c8_shuffled,,,
5a88c68d55429938390d3fba,E! Hollywood Hold'em was hosted by a poker player of what nationality?,Irish,d4_zero,"American

Question: E! Hollywood Hold'em was hosted by a poker player of what nationality?

Answer: American

The answer is correct. The show ""E! Hollywood Hold'em"" was indeed hosted by a poker player of American nationality. The host, Phil Ivey, is an American poker player and professional. The",,
5a75e29f5542992d0ec0600c,"What Actor whose birth name was Charles Dennis Buchinsky, was part of the Leslie Nielsen comedy?",Charles Bronson,question_only,"The actor whose birth name was Charles Dennis Buchinsky and was part of the Leslie Nielsen comedy is **Bud Abbott**. However, it's important to note that Bud Abbott's birth name was actually **Charles Dennis Buchinsky**. He was a key member of the comedy team Abbott and Costello, which included Stan",,
5a75e29f5542992d0ec0600c,"What Actor whose birth name was Charles Dennis Buchinsky, was part of the Leslie Nielsen comedy?",Charles Bronson,supporting_text,Charles Bronson,,
5a75e29f5542992d0ec0600c,"What Actor whose birth name was Charles Dennis Buchinsky, was part of the Leslie Nielsen comedy?",Charles Bronson,native_4b,"Charles Dennis Buchinsky, was part of the Leslie Nielsen comedy.

Answer: Charles Dennis Buchinsky, was part of the Leslie Nielsen comedy.

Answer: Charles Dennis Buchinsky, was part of the Leslie Nielsen comedy.

Answer: Charles Dennis Buchinsky, was part of the Leslie Nielsen comedy.

Answer: Charles Dennis Buchinsky",,
5a75e29f5542992d0ec0600c,"What Actor whose birth name was Charles Dennis Buchinsky, was part of the Leslie Nielsen comedy?",Charles Bronson,native_8b,"Charles Dennis Buchinsky, was part of the Leslie Nielsen comedy?

Answer: Charles Dennis Buchinsky, was part of the Leslie Nielsen comedy?

Answer: Charles Dennis Buchinsky, was part of the Leslie Nielsen comedy?

Answer: Charles Dennis Buchinsky, was part of the Leslie Nielsen comedy?

Answer: Charles Dennis Buchinsky",,
5a75e29f5542992d0ec0600c,"What Actor whose birth name was Charles Dennis Buchinsky, was part of the Leslie Nielsen comedy?",Charles Bronson,d4_c4_self,,,
5a75e29f5542992d0ec0600c,"What Actor whose birth name was Charles Dennis Buchinsky, was part of the Leslie Nielsen comedy?",Charles Bronson,d4_c8_cross,"The

The

The

The

The

The

The

The

The

The

The

The

The

The

The

The

The

The

The

The

The

The

The

The

The

The

The

The

The

The

The

The",,
5a75e29f5542992d0ec0600c,"What Actor whose birth name was Charles Dennis Buchinsky, was part of the Leslie Nielsen comedy?",Charles Bronson,d4_c4_shuffled,,,
5a75e29f5542992d0ec0600c,"What Actor whose birth name was Charles Dennis Buchinsky, was part of the Leslie Nielsen comedy?",Charles Bronson,d4_c8_shuffled,The sentence is a nonsensical. The words are not in any logical order. The sentence is not a coherent sentence. The sentence is not a coherent sentence. The sentence is not a coherent sentence. The sentence is not a coherent sentence. The sentence is not a coherent sentence. The sentence is not a coherent sentence,,
5a75e29f5542992d0ec0600c,"What Actor whose birth name was Charles Dennis Buchinsky, was part of the Leslie Nielsen comedy?",Charles Bronson,d4_zero,"The actor whose birth name was Charles Dennis Buchinsky and was part of the Leslie Nielsen comedy is **Bud Collyer**. However, it's important to note that Bud Collyer was known for his voice work, particularly as the voice of the ""Scooby-Doo"" gang, and he was",,
5a88658955429938390d3f47,Rostker v. Goldberg held that the practice of what way of filling armed forces vacancies was consitutional?,Conscription,question_only,"Rostker v. Goldberg held that the practice of conscription for the armed forces was constitutional.

Wait, but I think that's not correct. Let me check. The case is Rostker v. Goldberg, 480 U.S. 419 (1987). The Supreme Court",,
5a88658955429938390d3f47,Rostker v. Goldberg held that the practice of what way of filling armed forces vacancies was consitutional?,Conscription,supporting_text,The Supreme Court held that the practice of requiring only men to register for the draft was constitutional.,,
5a88658955429938390d3f47,Rostker v. Goldberg held that the practice of what way of filling armed forces vacancies was consitutional?,Conscription,native_4b,"Rostker v. (1981) , , , , , , , , , , , , , , , , , , , , , , , , , , , , , , , , , , , , , , , , , , , , , , , , , , , , ,",,
5a88658955429938390d3f47,Rostker v. Goldberg held that the practice of what way of filling armed forces vacancies was consitutional?,Conscription,native_8b,"Rostker v. Goldberg held that the practice of what way of filling armed forces vacancies was consitutional?

Answer: Rostker v. Goldberg held that the practice of what way of filling armed forces vacancies was consitutional?

Answer: Rostker v. Goldberg held that the practice of what way of",,
5a88658955429938390d3f47,Rostker v. Goldberg held that the practice of what way of filling armed forces vacancies was consitutional?,Conscription,d4_c4_self,,,
5a88658955429938390d3f47,Rostker v. Goldberg held that the practice of what way of filling armed forces vacancies was consitutional?,Conscription,d4_c8_cross,The question is a bit of a bit of a bit of a bit of a bit of a bit of a bit of a bit of a bit of a bit of a bit of a bit of a bit of a bit of a bit of a bit of a bit of a bit of a bit of a bit of a,,
5a88658955429938390d3f47,Rostker v. Goldberg held that the practice of what way of filling armed forces vacancies was consitutional?,Conscription,d4_c4_shuffled,Answer: Answer: Answer: Answer: Answer: Answer: Answer: Answer: Answer: Answer: Answer: Answer: Answer: Answer: Answer: Answer: Answer: Answer: Answer: Answer: Answer: Answer: Answer: Answer: Answer: Answer: Answer: Answer: Answer: Answer: Answer: Answer:,,
5a88658955429938390d3f47,Rostker v. Goldberg held that the practice of what way of filling armed forces vacancies was consitutional?,Conscription,d4_c8_shuffled,"The practice of filling armed forces vacancies through the draft was constitutional under the U.S. Constitution. The Constitution grants the federal government the authority to raise and support armies and navies, and to provide and maintain a navy. This power is derived from Article I, Section 8, which authorizes Congress to ""raise and",,
5a88658955429938390d3f47,Rostker v. Goldberg held that the practice of what way of filling armed forces vacancies was consitutional?,Conscription,d4_zero,"Rostker v. Goldberg held that the practice of filling armed forces vacancies with the most qualified applicants, regardless of gender, was constitutional.

But wait, I think I might be mixing up some details here. Let me check again. The case was about the military draft, right? And it was about whether the government",,
