{
  "status": "complete",
  "experiment": "P3-E-L Question-Conditioned Sender Diagnosis",
  "samples": 64,
  "metrics": {
    "question_only": {
      "n": 64,
      "em": 0.171875,
      "f1": 0.2837907936549819,
      "eos_rate": 0.953125,
      "average_output_tokens": 9.40625,
      "bridge": {
        "n": 32,
        "em": 0.15625,
        "f1": 0.23322555322966507
      },
      "comparison": {
        "n": 32,
        "em": 0.1875,
        "f1": 0.3343560340802988
      }
    },
    "evidence_only_canonical": {
      "n": 64,
      "em": 0.375,
      "f1": 0.49378720238095236,
      "eos_rate": 1.0,
      "average_output_tokens": 4.21875,
      "bridge": {
        "n": 32,
        "em": 0.25,
        "f1": 0.4594494047619048
      },
      "comparison": {
        "n": 32,
        "em": 0.5,
        "f1": 0.528125
      }
    },
    "neutral_prefix_canonical": {
      "n": 64,
      "em": 0.359375,
      "f1": 0.43605587121212114,
      "eos_rate": 1.0,
      "average_output_tokens": 4.65625,
      "bridge": {
        "n": 32,
        "em": 0.21875,
        "f1": 0.34114583333333337
      },
      "comparison": {
        "n": 32,
        "em": 0.5,
        "f1": 0.5309659090909091
      }
    },
    "wrong_question_canonical": {
      "n": 64,
      "em": 0.375,
      "f1": 0.46666666666666673,
      "eos_rate": 1.0,
      "average_output_tokens": 4.171875,
      "bridge": {
        "n": 32,
        "em": 0.21875,
        "f1": 0.3489583333333333
      },
      "comparison": {
        "n": 32,
        "em": 0.53125,
        "f1": 0.5843750000000001
      }
    },
    "correct_question_canonical": {
      "n": 64,
      "em": 0.359375,
      "f1": 0.43098958333333337,
      "eos_rate": 1.0,
      "average_output_tokens": 4.25,
      "bridge": {
        "n": 32,
        "em": 0.25,
        "f1": 0.36510416666666673
      },
      "comparison": {
        "n": 32,
        "em": 0.46875,
        "f1": 0.496875
      }
    },
    "correct_question_hard_shuffled_evidence": {
      "n": 64,
      "em": 0.15625,
      "f1": 0.1909455128205128,
      "eos_rate": 0.96875,
      "average_output_tokens": 6.46875,
      "bridge": {
        "n": 32,
        "em": 0.03125,
        "f1": 0.05689102564102563
      },
      "comparison": {
        "n": 32,
        "em": 0.28125,
        "f1": 0.325
      }
    },
    "full_evidence_text": {
      "n": 64,
      "em": 0.453125,
      "f1": 0.6256678765313635,
      "eos_rate": 0.90625,
      "average_output_tokens": 9.3125,
      "bridge": {
        "n": 32,
        "em": 0.5625,
        "f1": 0.748917748917749
      },
      "comparison": {
        "n": 32,
        "em": 0.34375,
        "f1": 0.5024180041449778
      }
    }
  },
  "delta_q_automatic_f1": -0.06279761904761899,
  "prediction_switch": {
    "question_conditioning_switch": 0.375,
    "correct_vs_wrong_question_switch": 0.375
  },
  "manual_cpw_required": true,
  "baseline_writer": "/home/yezhe/伪查询/runs/p3e_c2_learned_head_structured_writer_seed1234/writer_formal512/worker/checkpoint_best.pt",
  "conditioned_writer": "/home/yezhe/伪查询/runs/p3e_c2_learned_head_structured_writer_seed1234/writer_formal512/worker/checkpoint_best.pt",
  "reader": "/home/yezhe/伪查询/runs/p3e_c1_learnable_overcomplete_canonical_head_reader_seed1234/formal512/reader/checkpoint_best.pt"
}