{
  "status": "complete",
  "samples": 64,
  "conditions": {
    "question_only": {
      "n": 64,
      "em": 0.171875,
      "f1": 0.2830095436549819,
      "eos_rate": 0.953125,
      "by_type": {
        "bridge": {
          "n": 32,
          "em": 0.15625,
          "f1": 0.2316630532296651
        },
        "comparison": {
          "n": 32,
          "em": 0.1875,
          "f1": 0.3343560340802988
        }
      }
    },
    "gold_full_text": {
      "n": 64,
      "em": 0.09375,
      "f1": 0.1994498330970055,
      "eos_rate": 0.71875,
      "by_type": {
        "bridge": {
          "n": 32,
          "em": 0.15625,
          "f1": 0.29887519278966657
        },
        "comparison": {
          "n": 32,
          "em": 0.03125,
          "f1": 0.10002447340434452
        }
      }
    },
    "reader_only_correct": {
      "n": 64,
      "em": 0.3125,
      "f1": 0.3941449175824176,
      "eos_rate": 1.0,
      "by_type": {
        "bridge": {
          "n": 32,
          "em": 0.15625,
          "f1": 0.26641483516483516
        },
        "comparison": {
          "n": 32,
          "em": 0.46875,
          "f1": 0.521875
        }
      }
    },
    "reader_only_shuffled": {
      "n": 64,
      "em": 0.296875,
      "f1": 0.37419507575757577,
      "eos_rate": 1.0,
      "by_type": {
        "bridge": {
          "n": 32,
          "em": 0.125,
          "f1": 0.22651515151515147
        },
        "comparison": {
          "n": 32,
          "em": 0.46875,
          "f1": 0.5218750000000001
        }
      }
    },
    "reader_lora_correct": {
      "n": 64,
      "em": 0.28125,
      "f1": 0.3609375,
      "eos_rate": 1.0,
      "by_type": {
        "bridge": {
          "n": 32,
          "em": 0.125,
          "f1": 0.23124999999999998
        },
        "comparison": {
          "n": 32,
          "em": 0.4375,
          "f1": 0.490625
        }
      }
    },
    "reader_lora_shuffled": {
      "n": 64,
      "em": 0.28125,
      "f1": 0.33619791666666665,
      "eos_rate": 1.0,
      "by_type": {
        "bridge": {
          "n": 32,
          "em": 0.125,
          "f1": 0.18177083333333335
        },
        "comparison": {
          "n": 32,
          "em": 0.4375,
          "f1": 0.49062500000000003
        }
      }
    },
    "reader_lora_off": {
      "n": 64,
      "em": 0.28125,
      "f1": 0.3697916666666667,
      "eos_rate": 1.0,
      "by_type": {
        "bridge": {
          "n": 32,
          "em": 0.09375,
          "f1": 0.21770833333333334
        },
        "comparison": {
          "n": 32,
          "em": 0.46875,
          "f1": 0.5218750000000001
        }
      }
    },
    "lora_only": {
      "n": 64,
      "em": 0.25,
      "f1": 0.33871336996337,
      "eos_rate": 1.0,
      "by_type": {
        "bridge": {
          "n": 32,
          "em": 0.09375,
          "f1": 0.24617673992673994
        },
        "comparison": {
          "n": 32,
          "em": 0.40625,
          "f1": 0.43125
        }
      }
    }
  },
  "reader_only_correct_shuffled_gap": 0.01994984182484183,
  "reader_lora_correct_shuffled_gap": 0.02473958333333337,
  "reader_only_question_gain": 0.11113537392743572,
  "reader_lora_question_gain": 0.07792795634501815,
  "reader_only_prediction_switch": 0.375,
  "reader_lora_prediction_switch": 0.359375,
  "reader_lora_off_exact_output_consistency": 0.078125,
  "gates": {
    "reader_only": [
      0.03961383178830147,
      0.07006677240133286,
      0.1327318698167801,
      0.09780965000391006
    ],
    "reader_lora": [
      0.05675852298736572,
      0.08036727458238602,
      0.14706122875213623,
      0.1247604563832283
    ]
  },
  "supporting_fact_attention_mass": {
    "reader_only_correct": {
      "12": {
        "prompt": [
          0.42087996006011963,
          0.13119786977767944,
          0.3554167151451111,
          0.006283721420913935,
          0.5965086817741394,
          0.6640012860298157,
          0.5015515685081482,
          0.44901445508003235
        ],
        "decode": [
          0.31854021549224854,
          0.2791992425918579,
          0.40459927916526794,
          0.015508311800658703,
          0.5202335715293884,
          0.6548841595649719,
          0.4818021059036255,
          0.4789709746837616
        ]
      },
      "20": {
        "prompt": [
          0.42849797010421753,
          0.37263157963752747,
          0.34174785017967224,
          0.5459326505661011,
          0.45271363854408264,
          0.4194988012313843,
          0.3981862962245941,
          0.41747117042541504
        ],
        "decode": [
          0.44338980317115784,
          0.3993213474750519,
          0.32787561416625977,
          0.5225357413291931,
          0.4653315246105194,
          0.43133917450904846,
          0.41747546195983887,
          0.3973641097545624
        ]
      },
      "28": {
        "prompt": [
          0.3857972323894501,
          0.3430739641189575,
          0.27899619936943054,
          0.40197768807411194,
          0.48112550377845764,
          0.5082640647888184,
          0.5130449533462524,
          0.42553427815437317
        ],
        "decode": [
          0.4697900414466858,
          0.3600037395954132,
          0.20096354186534882,
          0.46616488695144653,
          0.4101584255695343,
          0.5228855609893799,
          0.5112479329109192,
          0.4295002222061157
        ]
      },
      "34": {
        "prompt": [
          0.3754168152809143,
          0.32864829897880554,
          0.09650351852178574,
          0.01805875636637211,
          0.40853822231292725,
          0.6336981058120728,
          0.2152610868215561,
          0.449410080909729
        ],
        "decode": [
          0.38690274953842163,
          0.29212111234664917,
          0.10030068457126617,
          0.03381885215640068,
          0.2151680439710617,
          0.6011597514152527,
          0.12977266311645508,
          0.4605425298213959
        ]
      }
    },
    "reader_lora_correct": {
      "12": {
        "prompt": [
          0.3802308440208435,
          0.41436073184013367,
          0.397660493850708,
          0.5310600399971008,
          0.4414564371109009,
          0.5071128606796265,
          0.2244153767824173,
          0.413171648979187
        ],
        "decode": [
          0.35975268483161926,
          0.4503653347492218,
          0.3502093553543091,
          0.546936571598053,
          0.46536964178085327,
          0.6588014364242554,
          0.22681108117103577,
          0.3653150796890259
        ]
      },
      "20": {
        "prompt": [
          0.4641251862049103,
          0.42949140071868896,
          0.41692233085632324,
          0.48942869901657104,
          0.4171687662601471,
          0.4082765579223633,
          0.40623438358306885,
          0.4065389633178711
        ],
        "decode": [
          0.4304162263870239,
          0.4323248863220215,
          0.36552879214286804,
          0.4304807484149933,
          0.4297720193862915,
          0.37549489736557007,
          0.3846559524536133,
          0.455346018075943
        ]
      },
      "28": {
        "prompt": [
          0.46248793601989746,
          0.5488685369491577,
          0.4032985270023346,
          0.43195512890815735,
          0.46041661500930786,
          0.4260627329349518,
          0.40889260172843933,
          0.41343972086906433
        ],
        "decode": [
          0.4486275613307953,
          0.5473737716674805,
          0.4353552758693695,
          0.3790621757507324,
          0.4464695155620575,
          0.44172337651252747,
          0.3660513162612915,
          0.4262489080429077
        ]
      },