all_native_gold_acc,all_token_top1_match,all_translated_gold_acc,critical_matched_native_gold_acc,critical_native_gold_acc,critical_token_count,critical_top1_match,critical_translated_gold_acc,matched_native_correct_count,matched_token_count,matched_token_native_gold_acc,matched_token_translated_gold_acc,method,n,native_ce,native_teacher_forced_answer_f1,native_teacher_forced_final_answer_exact_match,native_top1_gold_acc,noncritical_native_gold_acc,noncritical_top1_match,noncritical_translated_gold_acc,receiver_prompt_mode
0.2672585272230208,0.3457487861160189,0.2169981098268181,0.5168859676310891,0.23806423950009048,2.90625,0.34934896184131503,0.2129340311512351,1.109375,1.71875,0.5441666677594185,0.5441666677594185,mse_only,64,7.473837772384286,0.22718467194570133,0.015625,0.2672585272230208,0.39425770412473116,0.3231792721678229,0.29621848814627705,context_aware
0.28938210755586624,0.26027124281972647,0.11776752059813589,0.37619047798216343,0.2513020869810134,2.90625,0.2720920180436224,0.11115451599471271,0.6875,1.28125,0.4117063499159283,0.4117063499159283,mse_only,64,7.335064377635717,0.22495252908855848,0.015625,0.28938210755586624,0.4334733906914206,0.2450980392887312,0.15686274517108412,context_unaware
