attention_js,attention_output_cos,condition,n,output_mse,route_overlap
0.0,1.0,native,1792,0.0,1.0
0.0,0.5048574944874937,native_k_translated_v,1792,1.5614705559243833,1.0
0.3271673773519329,0.2988992362582264,translated,1792,3.2268260462891964,0.37534138367378284
0.3271673773519329,0.5168530270124653,translated_k_native_v,1792,7.443221764582761,0.37534138367378284
