answer_f1,attention_output_cos,ce_delta,condition,condition_ce,kv_joint_consistency,logit_kl,n,receiver_native_ce,top1_match
0.3658296130952381,0.9999999246959175,0.0,native,4.815199664190004,1.0000001462841674,7.825744814266473e-09,64,4.815199664190004,1.0
0.235031512605042,0.6942938921524078,-0.7973446215037256,native_k_translated_v,4.017855042999145,0.6729997928154522,1.9444023746361117,64,4.815199664190004,0.4648911028634757
0.31055234593837533,0.5031795871119746,-1.8973745610564947,translated,2.9178250968107022,0.42558707026390563,2.900238895596918,64,4.815199664190004,0.39650128898210824
0.28069415266106446,0.5814392061355258,0.70701589807868,translated_k_native_v,5.522215565200895,0.6348113411430469,2.2305278413590384,64,4.815199664190004,0.46837121597491205
