answer_f1,attention_js,attention_output_cos,ce_delta,k_cos,kv_joint_consistency,kv_mse,logit_kl,method,n,readout_loss,readout_output_cos,readout_output_mse,receiver_cache_reconstruction_loss,receiver_native_ce,receiver_prompt_mode,route_overlap,top1_match,translated_ce,v_cos
0.21210985195360194,0.3023716760487462,0.5143819993370147,-3.4280510265380144,0.8989237951713481,0.4946977561838659,34.07510581395269,2.5653824408889396,paper_rec_then_mixed_generation,64,5.169375797074281,0.3201397773648621,4.489515574439142,34.07510760426521,7.473837772384286,context_aware,0.4792396118781263,0.3979690952692181,4.045786743983626,0.6065970697673038
0.10607678677531618,0.2963489562503777,0.44296319083410446,-2.651106992736459,0.8989237951713481,0.4946977561838659,34.07510581395269,3.007302399658602,paper_rec_then_mixed_generation,64,5.019771217112327,0.35389262971317037,4.373663846825496,34.07510760426521,7.335064377635717,context_unaware,0.5013013691308775,0.34859645972028375,4.683957386761904,0.6065970697673038
