answer_f1,attention_js,attention_output_cos,ce_delta,k_cos,kv_joint_consistency,kv_mse,logit_kl,method,n,readout_loss,readout_output_cos,readout_output_mse,receiver_native_ce,route_overlap,top1_match,translated_ce,v_cos
0.3461331407563025,0.06696458195074229,0.7333760687283107,-2.1678294111043215,0.8229143637498574,0.4470303564272139,42.284890307234235,0.9579983158470473,q_aware_functional,64,1.252420508625164,0.830438493152282,1.082859001777446,4.815199664190004,0.4886525036251571,0.5690594608895481,2.647370234481059,0.5574870403340485
