attention_output_cos,attention_route_js,attention_route_overlap,ce_delta,k_cos,kv_joint_consistency,kv_mse,kv_relative_mse,logit_kl,receiver_native_ce,receiver_native_f1,receiver_native_logit_quality,top1_match,translated_ce,translated_f1,v_cos
-0.0019662674713073008,0.5314998407681872,0.08759808393993548,-2.2511397716370993,0.011058720087070078,-0.0002454333374381739,55.14560332439266,1.2236093799583614,2.0556795344893612,4.815199664190004,0.07706075849525507,-4.815199664190004,0.44926103157922626,2.564059892552905,0.06692655839936845,0.002370488820775205
