condition,n,accuracy,memory_answer_hit_rate,mean_confidence
a_only,128,0.0234375,0.0234375,0.1033714230870828
answer_masked,128,0.0234375,0.0234375,0.13386363186873496
b_only,128,0.0234375,0.0234375,0.1181034684414044
correct,128,0.0234375,0.0234375,0.12537141231587157
counterfactual_state_swap,128,0.0234375,0.0234375,0.12537141231587157
question_only,128,0.0234375,0.0234375,0.09224231843836606
shuffled_state,128,0.0234375,0.015625,0.12542517634574324
