{
  "train": [
    {
      "epoch": 0,
      "step": 0,
      "query_source": "no_context",
      "memory_mode": "topk",
      "layer": 12,
      "alpha": 0.5,
      "memory_tokens": 64,
      "loss": 1.7664310932159424,
      "mse": 0.9786159992218018,
      "cosine_loss": 1.0121005773544312,
      "kl": 5.635751247406006,
      "patched_ce": 3.03607439994812,
      "teacher_ce": 0.41797658801078796
    },
    {
      "epoch": 0,
      "step": 1,
      "query_source": "no_context",
      "memory_mode": "topk",
      "layer": 12,
      "alpha": 0.5,
      "memory_tokens": 64,
      "loss": 2.508359670639038,
      "mse": 0.64328533411026,
      "cosine_loss": 0.9503035545349121,
      "kl": 19.795907974243164,
      "patched_ce": 6.852181911468506,
      "teacher_ce": 2.6258296966552734
    }
  ],
  "eval_rows": [
    {
      "query_source": "no_context",
      "memory_mode": "topk",
      "layer": 12,
      "alpha": 0.5,
      "memory_tokens": 64,
      "teacher_ce": 2.6258296966552734,
      "no_context_ce": 6.850780963897705,
      "patched_ce": 4.221207141876221,
      "patched_kl": 18.16187286376953,
      "no_context_kl": 19.402379989624023,
      "patched_top1_match": 0.0,
      "no_context_top1_match": 0.0,
      "attn_mse": 0.5484944581985474
    },
    {
      "query_source": "no_context",
      "memory_mode": "topk",
      "layer": 12,
      "alpha": 0.5,
      "memory_tokens": 64,
      "teacher_ce": 0.41797658801078796,
      "no_context_ce": 5.424599647521973,
      "patched_ce": 3.822336196899414,
      "patched_kl": 5.687789440155029,
      "no_context_kl": 5.395748138427734,
      "patched_top1_match": 0.0,
      "no_context_top1_match": 0.0,
      "attn_mse": 0.5096368193626404
    }
  ],
  "summary": {
    "layer": 12,
    "alpha": 0.5,
    "memory_tokens": 64.0,
    "teacher_ce": 1.5219031423330307,
    "no_context_ce": 6.137690305709839,
    "patched_ce": 4.021771669387817,
    "patched_kl": 11.92483115196228,
    "no_context_kl": 12.399064064025879,
    "patched_top1_match": 0.0,
    "no_context_top1_match": 0.0,
    "attn_mse": 0.5290656387805939,
    "query_source": "no_context",
    "memory_mode": "topk",
    "cuda_peak_memory_bytes": 0
  }
}