{
  "status": "complete",
  "experiment": "P3-E-A receiver_native_headwise16",
  "samples": 64,
  "conditions": {
    "question_only": {
      "n": 64,
      "em": 0.171875,
      "f1": 0.2837907936549819,
      "eos_rate": 0.953125,
      "by_type": {
        "bridge": {
          "n": 32,
          "em": 0.15625,
          "f1": 0.23322555322966507
        },
        "comparison": {
          "n": 32,
          "em": 0.1875,
          "f1": 0.3343560340802988
        }
      }
    },
    "gold_full_text": {
      "n": 64,
      "em": 0.25,
      "f1": 0.40983000528813956,
      "eos_rate": 0.640625,
      "by_type": {
        "bridge": {
          "n": 32,
          "em": 0.46875,
          "f1": 0.6608480553739421
        },
        "comparison": {
          "n": 32,
          "em": 0.03125,
          "f1": 0.15881195520233732
        }
      }
    },
    "reader_off": {
      "n": 64,
      "em": 0.171875,
      "f1": 0.2837907936549819,
      "eos_rate": 0.953125,
      "by_type": {
        "bridge": {
          "n": 32,
          "em": 0.15625,
          "f1": 0.23322555322966507
        },
        "comparison": {
          "n": 32,
          "em": 0.1875,
          "f1": 0.3343560340802988
        }
      }
    },
    "correct_receiver_native_headwise16": {
      "n": 64,
      "em": 0.40625,
      "f1": 0.5368990384615384,
      "eos_rate": 1.0,
      "by_type": {
        "bridge": {
          "n": 32,
          "em": 0.3125,
          "f1": 0.5331730769230769
        },
        "comparison": {
          "n": 32,
          "em": 0.5,
          "f1": 0.540625
        }
      }
    },
    "hard_shuffled_receiver_native_headwise16": {
      "n": 64,
      "em": 0.1875,
      "f1": 0.22295386904761902,
      "eos_rate": 0.984375,
      "by_type": {
        "bridge": {
          "n": 32,
          "em": 0.0,
          "f1": 0.025595238095238095
        },
        "comparison": {
          "n": 32,
          "em": 0.375,
          "f1": 0.42031250000000003
        }
      }
    },
    "oracle_support_receiver_native_headwise16": {
      "n": 64,
      "em": 0.390625,
      "f1": 0.517547123015873,
      "eos_rate": 0.96875,
      "by_type": {
        "bridge": {
          "n": 32,
          "em": 0.34375,
          "f1": 0.5468998015873017
        },
        "comparison": {
          "n": 32,
          "em": 0.4375,
          "f1": 0.48819444444444443
        }
      }
    }
  },
  "correct_shuffled_f1_gap": 0.31394516941391937,
  "correct_question_only_f1_gain": 0.2531082448065565,
  "prediction_switch_rate": 0.765625,
  "reader_off_exact_output_consistency": 1.0,
  "gates": [
    0.16586615145206451,
    0.13533014059066772,
    0.19305236637592316,
    0.20085155963897705,
    0.2129654735326767,
    0.1790449172258377,
    0.20471586287021637,
    0.16337646543979645,
    0.26285606622695923,
    0.28740453720092773,
    0.34902024269104004,
    0.4272020757198334,
    0.37821829319000244,
    0.34605664014816284,
    0.42610815167427063,
    0.28855401277542114
  ],
  "layer_head_support_attention_mass": {
    "0": [
      0.17204347252845764,
      0.3907005786895752,
      0.33945232629776,
      0.2577458918094635,
      0.3548576235771179,
      0.2565106153488159,
      0.33968421816825867,
      0.37015077471733093
    ],
    "2": [
      0.2773109972476959,
      0.29835245013237,
      0.41498157382011414,
      0.3766534626483917,
      0.36271974444389343,
      0.3692881464958191,
      0.33544227480888367,
      0.30492347478866577
    ],
    "5": [
      0.33184653520584106,
      0.22123847901821136,
      0.35769131779670715,
      0.43276074528694153,
      0.36537665128707886,
      0.3054152727127075,
      0.3771652579307556,
      0.2931027412414551
    ],
    "7": [
      0.3020877540111542,
      0.1356206238269806,
      0.14169707894325256,
      0.08628810942173004,
      0.3850141763687134,
      0.1825818121433258,
      0.27866604924201965,
      0.32584574818611145
    ],
    "9": [
      0.20946729183197021,
      0.34250834584236145,
      0.2088969498872757,
      0.41874927282333374,
      0.24410191178321838,
      0.4201551079750061,
      0.2853567600250244,
      0.24754831194877625
    ],
    "12": [
      0.19418051838874817,
      0.2332877218723297,
      0.28446638584136963,
      0.2490670084953308,
      0.28701791167259216,
      0.13813310861587524,
      0.15570883452892303,
      0.18556182086467743
    ],
    "14": [
      0.23370502889156342,
      0.29464882612228394,
      0.17510250210762024,
      0.2595308721065521,
      0.28697502613067627,
      0.20074158906936646,
      0.23151560127735138,
      0.4059522747993469
    ],
    "16": [
      0.1770361363887787,
      0.18839554488658905,
      0.09267041087150574,
      0.14036214351654053,
      0.30191177129745483,
      0.4041934311389923,
      0.37069061398506165,
      0.3136577606201172
    ],
    "19": [
      0.23902001976966858,
      0.355303555727005,
      0.37603145837783813,
      0.3614567220211029,
      0.2338244915008545,
      0.17332753539085388,
      0.39736098051071167,
      0.35097405314445496
    ],
    "21": [
      0.2727508544921875,
      0.238742858171463,
      0.3830376863479614,
      0.4280245900154114,
      0.3648158013820648,
      0.4511890411376953,
      0.417483389377594,
      0.3025016784667969
    ],
    "23": [
      0.30825120210647583,
      0.35555392503738403,
      0.3293670117855072,
      0.39872148633003235,
      0.2985186278820038,
      0.2932235896587372,
      0.20713958144187927,
      0.29905304312705994
    ],
    "26": [
      0.23099447786808014,
      0.4219360649585724,
      0.35485661029815674,
      0.2853749394416809,
      0.4204653799533844,
      0.3434561491012573,
      0.349637895822525,
      0.20061326026916504
    ],
    "28": [
      0.31266653537750244,
      0.3153603672981262,
      0.18684838712215424,
      0.4323486089706421,
      0.31036221981048584,
      0.15398667752742767,
      0.29531243443489075,
      0.3858746588230133
    ],
    "30": [
      0.2646256685256958,
      0.33886653184890747,
      0.39913395047187805,
      0.33498871326446533,
      0.24095268547534943,
      0.18140915036201477,
      0.3710358142852783,
      0.27146199345588684
    ],
    "33": [
      0.3074944019317627,
      0.2801949679851532,
      0.2734832167625427,
      0.4061931073665619,
      0.3349628448486328,
      0.2740708589553833,
      0.3323477804660797,
      0.38820603489875793
    ],
    "35": [
      0.2489745169878006,
      0.17726537585258484,
      0.18671920895576477,
      0.3199180066585541,
      0.30359163880348206,
      0.40201640129089355,
      0.2846420109272003,
      0.2941972315311432
    ]
  },
  "native_path": {
    "memory": "[16,T,8,128]",
    "query": "[B,S,32,128]",
    "gqa_group": 4,
    "output": "[B,S,4096] -> frozen native o_proj",
    "canonical_projection_used": false
  },
  "checkpoint": "/home/yezhe/伪查询/runs/p3e_a_receiver_native_headwise16_qwen3_4b_seed1234/formal512/reader/checkpoint_best.pt",
  "data": "/home/yezhe/伪查询/runs/p3e_a_receiver_native_headwise16_qwen3_4b_seed1234/cache/validation/index.json"
}