{
  "train": [
    {
      "epoch": 0,
      "step": 0,
      "query_source": "no_context",
      "memory_mode": "topk",
      "layer": 16,
      "alpha": 1.0,
      "memory_tokens": 64,
      "loss": 3.7882089614868164,
      "mse": 1.8957539796829224,
      "cosine_loss": 0.9999823570251465,
      "kl": 18.8539981842041,
      "patched_ce": 7.497586250305176,
      "teacher_ce": 2.6258296966552734
    },
    {
      "epoch": 0,
      "step": 1,
      "query_source": "no_context",
      "memory_mode": "topk",
      "layer": 16,
      "alpha": 1.0,
      "memory_tokens": 64,
      "loss": 3.4183499813079834,
      "mse": 2.679016590118408,
      "cosine_loss": 0.9152927398681641,
      "kl": 5.171921253204346,
      "patched_ce": 2.976787567138672,
      "teacher_ce": 0.41797658801078796
    }
  ],
  "eval_rows": [
    {
      "query_source": "no_context",
      "memory_mode": "topk",
      "layer": 16,
      "alpha": 1.0,
      "memory_tokens": 64,
      "teacher_ce": 2.6258296966552734,
      "no_context_ce": 6.850780963897705,
      "patched_ce": 3.309361457824707,
      "patched_kl": 17.27484703063965,
      "no_context_kl": 19.402379989624023,
      "patched_top1_match": 0.0,
      "no_context_top1_match": 0.0,
      "attn_mse": 1.3465828895568848
    },
    {
      "query_source": "no_context",
      "memory_mode": "topk",
      "layer": 16,
      "alpha": 1.0,
      "memory_tokens": 64,
      "teacher_ce": 0.41797658801078796,
      "no_context_ce": 5.424599647521973,
      "patched_ce": 4.434623718261719,
      "patched_kl": 4.783106327056885,
      "no_context_kl": 5.395748138427734,
      "patched_top1_match": 0.0,
      "no_context_top1_match": 0.0,
      "attn_mse": 2.1265151500701904
    }
  ],
  "summary": {
    "layer": 16,
    "alpha": 1.0,
    "memory_tokens": 64.0,
    "teacher_ce": 1.5219031423330307,
    "no_context_ce": 6.137690305709839,
    "patched_ce": 3.871992588043213,
    "patched_kl": 11.028976678848267,
    "no_context_kl": 12.399064064025879,
    "patched_top1_match": 0.0,
    "no_context_top1_match": 0.0,
    "attn_mse": 1.7365490198135376,
    "query_source": "no_context",
    "memory_mode": "topk",
    "cuda_peak_memory_bytes": 0
  }
}