[2026-09-06 18:03:35] START prepare
[2026-09-06 18:03:50] Prepared {'train': 1024, 'validation': 128, 'test': 128}; tokenizer and label continuation checks passed
[2026-09-06 18:03:51] DONE prepare
[2026-09-06 18:03:51] START cache_qwen
Loading weights:   0%|          | 0/398 [00:00<?, ?it/s]Loading weights:   0%|          | 1/398 [00:00<01:30,  4.36it/s]Loading weights:  39%|███▉      | 157/398 [00:00<00:00, 585.98it/s]Loading weights:  61%|██████    | 243/398 [00:00<00:00, 611.29it/s]Loading weights:  80%|████████  | 320/398 [00:00<00:00, 608.57it/s]Loading weights:  98%|█████████▊| 390/398 [00:00<00:00, 592.59it/s]Loading weights: 100%|██████████| 398/398 [00:00<00:00, 550.70it/s]
[2026-09-06 18:04:01] qwen cache train 1/1024
[2026-09-06 18:04:01] qwen cache train 2/1024
[2026-09-06 18:04:01] qwen cache train 3/1024
[2026-09-06 18:04:01] qwen cache train 4/1024
[2026-09-06 18:04:02] qwen cache train 5/1024
[2026-09-06 18:04:02] qwen cache train 6/1024
[2026-09-06 18:04:02] qwen cache train 7/1024
[2026-09-06 18:04:02] qwen cache train 8/1024
[2026-09-06 18:04:02] qwen cache train 9/1024
[2026-09-06 18:04:02] qwen cache train 10/1024
[2026-09-06 18:04:02] qwen cache train 11/1024
[2026-09-06 18:04:03] qwen cache train 12/1024
[2026-09-06 18:04:03] qwen cache train 13/1024
[2026-09-06 18:04:03] qwen cache train 14/1024
[2026-09-06 18:04:03] qwen cache train 15/1024
[2026-09-06 18:04:03] qwen cache train 16/1024
[2026-09-06 18:04:03] qwen cache train 17/1024
[2026-09-06 18:04:03] qwen cache train 18/1024
[2026-09-06 18:04:04] qwen cache train 19/1024
[2026-09-06 18:04:04] qwen cache train 20/1024
[2026-09-06 18:04:04] qwen cache train 21/1024
[2026-09-06 18:04:04] qwen cache train 22/1024
[2026-09-06 18:04:04] qwen cache train 23/1024
[2026-09-06 18:04:04] qwen cache train 24/1024
[2026-09-06 18:04:04] qwen cache train 25/1024
[2026-09-06 18:04:05] qwen cache train 26/1024
[2026-09-06 18:04:05] qwen cache train 27/1024
[2026-09-06 18:04:05] qwen cache train 28/1024
[2026-09-06 18:04:05] qwen cache train 29/1024
[2026-09-06 18:04:05] qwen cache train 30/1024
[2026-09-06 18:04:05] qwen cache train 31/1024
[2026-09-06 18:04:05] qwen cache train 32/1024
[2026-09-06 18:04:06] qwen cache train 33/1024
[2026-09-06 18:04:06] qwen cache train 34/1024
[2026-09-06 18:04:06] qwen cache train 35/1024
[2026-09-06 18:04:06] qwen cache train 36/1024
[2026-09-06 18:04:06] qwen cache train 37/1024
[2026-09-06 18:04:06] qwen cache train 38/1024
[2026-09-06 18:04:06] qwen cache train 39/1024
[2026-09-06 18:04:07] qwen cache train 40/1024
[2026-09-06 18:04:07] qwen cache train 41/1024
[2026-09-06 18:04:07] qwen cache train 42/1024
[2026-09-06 18:04:07] qwen cache train 43/1024
[2026-09-06 18:04:07] qwen cache train 44/1024
[2026-09-06 18:04:07] qwen cache train 45/1024
[2026-09-06 18:04:07] qwen cache train 46/1024
[2026-09-06 18:04:08] qwen cache train 47/1024
[2026-09-06 18:04:08] qwen cache train 48/1024
[2026-09-06 18:04:08] qwen cache train 49/1024
[2026-09-06 18:04:08] qwen cache train 50/1024
[2026-09-06 18:04:08] qwen cache train 51/1024
[2026-09-06 18:04:08] qwen cache train 52/1024
[2026-09-06 18:04:08] qwen cache train 53/1024
[2026-09-06 18:04:09] qwen cache train 54/1024
[2026-09-06 18:04:09] qwen cache train 55/1024
[2026-09-06 18:04:09] qwen cache train 56/1024
[2026-09-06 18:04:09] qwen cache train 57/1024
[2026-09-06 18:04:09] qwen cache train 58/1024
[2026-09-06 18:04:09] qwen cache train 59/1024
[2026-09-06 18:04:09] qwen cache train 60/1024
[2026-09-06 18:04:10] qwen cache train 61/1024
[2026-09-06 18:04:10] qwen cache train 62/1024
[2026-09-06 18:04:10] qwen cache train 63/1024
[2026-09-06 18:04:10] qwen cache train 64/1024
[2026-09-06 18:04:10] qwen cache train 65/1024
[2026-09-06 18:04:10] qwen cache train 66/1024
[2026-09-06 18:04:10] qwen cache train 67/1024
[2026-09-06 18:04:11] qwen cache train 68/1024
[2026-09-06 18:04:11] qwen cache train 69/1024
[2026-09-06 18:04:11] qwen cache train 70/1024
[2026-09-06 18:04:11] qwen cache train 71/1024
[2026-09-06 18:04:11] qwen cache train 72/1024
[2026-09-06 18:04:11] qwen cache train 73/1024
[2026-09-06 18:04:12] qwen cache train 74/1024
[2026-09-06 18:04:12] qwen cache train 75/1024
[2026-09-06 18:04:12] qwen cache train 76/1024
[2026-09-06 18:04:12] qwen cache train 77/1024
[2026-09-06 18:04:12] qwen cache train 78/1024
[2026-09-06 18:04:12] qwen cache train 79/1024
[2026-09-06 18:04:12] qwen cache train 80/1024
[2026-09-06 18:04:13] qwen cache train 81/1024
[2026-09-06 18:04:13] qwen cache train 82/1024
[2026-09-06 18:04:13] qwen cache train 83/1024
[2026-09-06 18:04:13] qwen cache train 84/1024
[2026-09-06 18:04:13] qwen cache train 85/1024
[2026-09-06 18:04:13] qwen cache train 86/1024
[2026-09-06 18:04:13] qwen cache train 87/1024
[2026-09-06 18:04:14] qwen cache train 88/1024
[2026-09-06 18:04:14] qwen cache train 89/1024
[2026-09-06 18:04:14] qwen cache train 90/1024
[2026-09-06 18:04:14] qwen cache train 91/1024
[2026-09-06 18:04:14] qwen cache train 92/1024
[2026-09-06 18:04:14] qwen cache train 93/1024
[2026-09-06 18:04:14] qwen cache train 94/1024
[2026-09-06 18:04:15] qwen cache train 95/1024
[2026-09-06 18:04:15] qwen cache train 96/1024
[2026-09-06 18:04:15] qwen cache train 97/1024
[2026-09-06 18:04:15] qwen cache train 98/1024
[2026-09-06 18:04:15] qwen cache train 99/1024
[2026-09-06 18:04:15] qwen cache train 100/1024
[2026-09-06 18:04:16] qwen cache train 101/1024
[2026-09-06 18:04:16] qwen cache train 102/1024
[2026-09-06 18:04:16] qwen cache train 103/1024
[2026-09-06 18:04:16] qwen cache train 104/1024
[2026-09-06 18:04:16] qwen cache train 105/1024
[2026-09-06 18:04:17] qwen cache train 106/1024
[2026-09-06 18:04:17] qwen cache train 107/1024
[2026-09-06 18:04:17] qwen cache train 108/1024
[2026-09-06 18:04:17] qwen cache train 109/1024
[2026-09-06 18:04:17] qwen cache train 110/1024
[2026-09-06 18:04:17] qwen cache train 111/1024
[2026-09-06 18:04:18] qwen cache train 112/1024
[2026-09-06 18:04:18] qwen cache train 113/1024
[2026-09-06 18:04:18] qwen cache train 114/1024
[2026-09-06 18:04:18] qwen cache train 115/1024
[2026-09-06 18:04:18] qwen cache train 116/1024
[2026-09-06 18:04:18] qwen cache train 117/1024
[2026-09-06 18:04:19] qwen cache train 118/1024
[2026-09-06 18:04:19] qwen cache train 119/1024
[2026-09-06 18:04:19] qwen cache train 120/1024
[2026-09-06 18:04:19] qwen cache train 121/1024
[2026-09-06 18:04:19] qwen cache train 122/1024
[2026-09-06 18:04:20] qwen cache train 123/1024
[2026-09-06 18:04:20] qwen cache train 124/1024
[2026-09-06 18:04:20] qwen cache train 125/1024
[2026-09-06 18:04:20] qwen cache train 126/1024
[2026-09-06 18:04:20] qwen cache train 127/1024
[2026-09-06 18:04:20] qwen cache train 128/1024
[2026-09-06 18:04:21] qwen cache train 129/1024
[2026-09-06 18:04:21] qwen cache train 130/1024
[2026-09-06 18:04:21] qwen cache train 131/1024
[2026-09-06 18:04:21] qwen cache train 132/1024
[2026-09-06 18:04:21] qwen cache train 133/1024
[2026-09-06 18:04:21] qwen cache train 134/1024
[2026-09-06 18:04:22] qwen cache train 135/1024
[2026-09-06 18:04:22] qwen cache train 136/1024
[2026-09-06 18:04:22] qwen cache train 137/1024
[2026-09-06 18:04:22] qwen cache train 138/1024
[2026-09-06 18:04:22] qwen cache train 139/1024
[2026-09-06 18:04:22] qwen cache train 140/1024
[2026-09-06 18:04:23] qwen cache train 141/1024
[2026-09-06 18:04:23] qwen cache train 142/1024
[2026-09-06 18:04:23] qwen cache train 143/1024
[2026-09-06 18:04:23] qwen cache train 144/1024
[2026-09-06 18:04:23] qwen cache train 145/1024
[2026-09-06 18:04:23] qwen cache train 146/1024
[2026-09-06 18:04:24] qwen cache train 147/1024
[2026-09-06 18:04:24] qwen cache train 148/1024
[2026-09-06 18:04:24] qwen cache train 149/1024
[2026-09-06 18:04:24] qwen cache train 150/1024
[2026-09-06 18:04:24] qwen cache train 151/1024
[2026-09-06 18:04:25] qwen cache train 152/1024
[2026-09-06 18:04:25] qwen cache train 153/1024
[2026-09-06 18:04:25] qwen cache train 154/1024
[2026-09-06 18:04:25] qwen cache train 155/1024
[2026-09-06 18:04:25] qwen cache train 156/1024
[2026-09-06 18:04:25] qwen cache train 157/1024
[2026-09-06 18:04:26] qwen cache train 158/1024
[2026-09-06 18:04:26] qwen cache train 159/1024
[2026-09-06 18:04:26] qwen cache train 160/1024
[2026-09-06 18:04:26] qwen cache train 161/1024
[2026-09-06 18:04:26] qwen cache train 162/1024
[2026-09-06 18:04:26] qwen cache train 163/1024
[2026-09-06 18:04:27] qwen cache train 164/1024
[2026-09-06 18:04:27] qwen cache train 165/1024
[2026-09-06 18:04:27] qwen cache train 166/1024
[2026-09-06 18:04:27] qwen cache train 167/1024
[2026-09-06 18:04:27] qwen cache train 168/1024
[2026-09-06 18:04:27] qwen cache train 169/1024
[2026-09-06 18:04:28] qwen cache train 170/1024
[2026-09-06 18:04:28] qwen cache train 171/1024
[2026-09-06 18:04:28] qwen cache train 172/1024
[2026-09-06 18:04:28] qwen cache train 173/1024
[2026-09-06 18:04:28] qwen cache train 174/1024
[2026-09-06 18:04:28] qwen cache train 175/1024
[2026-09-06 18:04:29] qwen cache train 176/1024
[2026-09-06 18:04:29] qwen cache train 177/1024
[2026-09-06 18:04:29] qwen cache train 178/1024
[2026-09-06 18:04:29] qwen cache train 179/1024
[2026-09-06 18:04:29] qwen cache train 180/1024
[2026-09-06 18:04:29] qwen cache train 181/1024
[2026-09-06 18:04:30] qwen cache train 182/1024
[2026-09-06 18:04:30] qwen cache train 183/1024
[2026-09-06 18:04:30] qwen cache train 184/1024
[2026-09-06 18:04:30] qwen cache train 185/1024
[2026-09-06 18:04:30] qwen cache train 186/1024
[2026-09-06 18:04:30] qwen cache train 187/1024
[2026-09-06 18:04:31] qwen cache train 188/1024
[2026-09-06 18:04:31] qwen cache train 189/1024
[2026-09-06 18:04:31] qwen cache train 190/1024
[2026-09-06 18:04:31] qwen cache train 191/1024
[2026-09-06 18:04:31] qwen cache train 192/1024
[2026-09-06 18:04:31] qwen cache train 193/1024
[2026-09-06 18:04:32] qwen cache train 194/1024
[2026-09-06 18:04:32] qwen cache train 195/1024
[2026-09-06 18:04:32] qwen cache train 196/1024
[2026-09-06 18:04:32] qwen cache train 197/1024
[2026-09-06 18:04:32] qwen cache train 198/1024
[2026-09-06 18:04:33] qwen cache train 199/1024
[2026-09-06 18:04:33] qwen cache train 200/1024
[2026-09-06 18:04:33] qwen cache train 201/1024
[2026-09-06 18:04:33] qwen cache train 202/1024
[2026-09-06 18:04:33] qwen cache train 203/1024
[2026-09-06 18:04:33] qwen cache train 204/1024
[2026-09-06 18:04:34] qwen cache train 205/1024
[2026-09-06 18:04:34] qwen cache train 206/1024
[2026-09-06 18:04:34] qwen cache train 207/1024
[2026-09-06 18:04:34] qwen cache train 208/1024
[2026-09-06 18:04:34] qwen cache train 209/1024
[2026-09-06 18:04:34] qwen cache train 210/1024
[2026-09-06 18:04:35] qwen cache train 211/1024
[2026-09-06 18:04:35] qwen cache train 212/1024
[2026-09-06 18:04:35] qwen cache train 213/1024
[2026-09-06 18:04:35] qwen cache train 214/1024
[2026-09-06 18:04:35] qwen cache train 215/1024
[2026-09-06 18:04:35] qwen cache train 216/1024
[2026-09-06 18:04:36] qwen cache train 217/1024
[2026-09-06 18:04:36] qwen cache train 218/1024
[2026-09-06 18:04:36] qwen cache train 219/1024
[2026-09-06 18:04:36] qwen cache train 220/1024
[2026-09-06 18:04:36] qwen cache train 221/1024
[2026-09-06 18:04:36] qwen cache train 222/1024
[2026-09-06 18:04:37] qwen cache train 223/1024
[2026-09-06 18:04:37] qwen cache train 224/1024
[2026-09-06 18:04:37] qwen cache train 225/1024
[2026-09-06 18:04:37] qwen cache train 226/1024
[2026-09-06 18:04:37] qwen cache train 227/1024
[2026-09-06 18:04:37] qwen cache train 228/1024
[2026-09-06 18:04:38] qwen cache train 229/1024
[2026-09-06 18:04:38] qwen cache train 230/1024
[2026-09-06 18:04:38] qwen cache train 231/1024
[2026-09-06 18:04:38] qwen cache train 232/1024
[2026-09-06 18:04:38] qwen cache train 233/1024
[2026-09-06 18:04:38] qwen cache train 234/1024
[2026-09-06 18:04:39] qwen cache train 235/1024
[2026-09-06 18:04:39] qwen cache train 236/1024
[2026-09-06 18:04:39] qwen cache train 237/1024
[2026-09-06 18:04:39] qwen cache train 238/1024
[2026-09-06 18:04:39] qwen cache train 239/1024
[2026-09-06 18:04:39] qwen cache train 240/1024
[2026-09-06 18:04:40] qwen cache train 241/1024
[2026-09-06 18:04:40] qwen cache train 242/1024
[2026-09-06 18:04:40] qwen cache train 243/1024
[2026-09-06 18:04:40] qwen cache train 244/1024
[2026-09-06 18:04:40] qwen cache train 245/1024
[2026-09-06 18:04:40] qwen cache train 246/1024
[2026-09-06 18:04:41] qwen cache train 247/1024
[2026-09-06 18:04:41] qwen cache train 248/1024
[2026-09-06 18:04:41] qwen cache train 249/1024
[2026-09-06 18:04:41] qwen cache train 250/1024
[2026-09-06 18:04:41] qwen cache train 251/1024
[2026-09-06 18:04:42] qwen cache train 252/1024
[2026-09-06 18:04:42] qwen cache train 253/1024
[2026-09-06 18:04:42] qwen cache train 254/1024
[2026-09-06 18:04:42] qwen cache train 255/1024
[2026-09-06 18:04:42] qwen cache train 256/1024
[2026-09-06 18:04:42] qwen cache train 257/1024
[2026-09-06 18:04:42] qwen cache train 258/1024
[2026-09-06 18:04:43] qwen cache train 259/1024
[2026-09-06 18:04:43] qwen cache train 260/1024
[2026-09-06 18:04:43] qwen cache train 261/1024
[2026-09-06 18:04:43] qwen cache train 262/1024
[2026-09-06 18:04:43] qwen cache train 263/1024
[2026-09-06 18:04:43] qwen cache train 264/1024
[2026-09-06 18:04:44] qwen cache train 265/1024
[2026-09-06 18:04:44] qwen cache train 266/1024
[2026-09-06 18:04:44] qwen cache train 267/1024
[2026-09-06 18:04:44] qwen cache train 268/1024
[2026-09-06 18:04:44] qwen cache train 269/1024
[2026-09-06 18:04:44] qwen cache train 270/1024
[2026-09-06 18:04:45] qwen cache train 271/1024
[2026-09-06 18:04:45] qwen cache train 272/1024
[2026-09-06 18:04:45] qwen cache train 273/1024
[2026-09-06 18:04:45] qwen cache train 274/1024
[2026-09-06 18:04:45] qwen cache train 275/1024
[2026-09-06 18:04:45] qwen cache train 276/1024
[2026-09-06 18:04:46] qwen cache train 277/1024
[2026-09-06 18:04:46] qwen cache train 278/1024
[2026-09-06 18:04:46] qwen cache train 279/1024
[2026-09-06 18:04:46] qwen cache train 280/1024
[2026-09-06 18:04:46] qwen cache train 281/1024
[2026-09-06 18:04:46] qwen cache train 282/1024
[2026-09-06 18:04:46] qwen cache train 283/1024
[2026-09-06 18:04:47] qwen cache train 284/1024
[2026-09-06 18:04:47] qwen cache train 285/1024
[2026-09-06 18:04:47] qwen cache train 286/1024
[2026-09-06 18:04:47] qwen cache train 287/1024
[2026-09-06 18:04:47] qwen cache train 288/1024
[2026-09-06 18:04:47] qwen cache train 289/1024
[2026-09-06 18:04:47] qwen cache train 290/1024
[2026-09-06 18:04:48] qwen cache train 291/1024
[2026-09-06 18:04:48] qwen cache train 292/1024
[2026-09-06 18:04:48] qwen cache train 293/1024
[2026-09-06 18:04:48] qwen cache train 294/1024
[2026-09-06 18:04:48] qwen cache train 295/1024
[2026-09-06 18:04:48] qwen cache train 296/1024
[2026-09-06 18:04:48] qwen cache train 297/1024
[2026-09-06 18:04:49] qwen cache train 298/1024
[2026-09-06 18:04:49] qwen cache train 299/1024
[2026-09-06 18:04:49] qwen cache train 300/1024
[2026-09-06 18:04:49] qwen cache train 301/1024
[2026-09-06 18:04:49] qwen cache train 302/1024
[2026-09-06 18:04:49] qwen cache train 303/1024
[2026-09-06 18:04:49] qwen cache train 304/1024
[2026-09-06 18:04:50] qwen cache train 305/1024
[2026-09-06 18:04:50] qwen cache train 306/1024
[2026-09-06 18:04:50] qwen cache train 307/1024
[2026-09-06 18:04:50] qwen cache train 308/1024
[2026-09-06 18:04:50] qwen cache train 309/1024
[2026-09-06 18:04:50] qwen cache train 310/1024
[2026-09-06 18:04:50] qwen cache train 311/1024
[2026-09-06 18:04:51] qwen cache train 312/1024
[2026-09-06 18:04:51] qwen cache train 313/1024
[2026-09-06 18:04:51] qwen cache train 314/1024
[2026-09-06 18:04:51] qwen cache train 315/1024
[2026-09-06 18:04:51] qwen cache train 316/1024
[2026-09-06 18:04:51] qwen cache train 317/1024
[2026-09-06 18:04:51] qwen cache train 318/1024
[2026-09-06 18:04:52] qwen cache train 319/1024
[2026-09-06 18:04:52] qwen cache train 320/1024
[2026-09-06 18:04:52] qwen cache train 321/1024
[2026-09-06 18:04:52] qwen cache train 322/1024
[2026-09-06 18:04:52] qwen cache train 323/1024
[2026-09-06 18:04:53] qwen cache train 324/1024
[2026-09-06 18:04:53] qwen cache train 325/1024
[2026-09-06 18:04:53] qwen cache train 326/1024
[2026-09-06 18:04:53] qwen cache train 327/1024
[2026-09-06 18:04:53] qwen cache train 328/1024
[2026-09-06 18:04:53] qwen cache train 329/1024
[2026-09-06 18:04:53] qwen cache train 330/1024
[2026-09-06 18:04:54] qwen cache train 331/1024
[2026-09-06 18:04:54] qwen cache train 332/1024
[2026-09-06 18:04:54] qwen cache train 333/1024
[2026-09-06 18:04:54] qwen cache train 334/1024
[2026-09-06 18:04:54] qwen cache train 335/1024
[2026-09-06 18:04:54] qwen cache train 336/1024
[2026-09-06 18:04:54] qwen cache train 337/1024
[2026-09-06 18:04:55] qwen cache train 338/1024
[2026-09-06 18:04:55] qwen cache train 339/1024
[2026-09-06 18:04:55] qwen cache train 340/1024
[2026-09-06 18:04:55] qwen cache train 341/1024
[2026-09-06 18:04:55] qwen cache train 342/1024
[2026-09-06 18:04:55] qwen cache train 343/1024
[2026-09-06 18:04:55] qwen cache train 344/1024
[2026-09-06 18:04:56] qwen cache train 345/1024
[2026-09-06 18:04:56] qwen cache train 346/1024
[2026-09-06 18:04:56] qwen cache train 347/1024
[2026-09-06 18:04:56] qwen cache train 348/1024
[2026-09-06 18:04:56] qwen cache train 349/1024
[2026-09-06 18:04:56] qwen cache train 350/1024
[2026-09-06 18:04:57] qwen cache train 351/1024
[2026-09-06 18:04:57] qwen cache train 352/1024
[2026-09-06 18:04:57] qwen cache train 353/1024
[2026-09-06 18:04:57] qwen cache train 354/1024
[2026-09-06 18:04:57] qwen cache train 355/1024
[2026-09-06 18:04:57] qwen cache train 356/1024
[2026-09-06 18:04:57] qwen cache train 357/1024
[2026-09-06 18:04:57] qwen cache train 358/1024
[2026-09-06 18:04:58] qwen cache train 359/1024
[2026-09-06 18:04:58] qwen cache train 360/1024
[2026-09-06 18:04:58] qwen cache train 361/1024
[2026-09-06 18:04:58] qwen cache train 362/1024
[2026-09-06 18:04:58] qwen cache train 363/1024
[2026-09-06 18:04:58] qwen cache train 364/1024
[2026-09-06 18:04:59] qwen cache train 365/1024
[2026-09-06 18:04:59] qwen cache train 366/1024
[2026-09-06 18:04:59] qwen cache train 367/1024
[2026-09-06 18:04:59] qwen cache train 368/1024
[2026-09-06 18:04:59] qwen cache train 369/1024
[2026-09-06 18:04:59] qwen cache train 370/1024
[2026-09-06 18:05:00] qwen cache train 371/1024
[2026-09-06 18:05:00] qwen cache train 372/1024
[2026-09-06 18:05:00] qwen cache train 373/1024
[2026-09-06 18:05:00] qwen cache train 374/1024
[2026-09-06 18:05:00] qwen cache train 375/1024
[2026-09-06 18:05:00] qwen cache train 376/1024
[2026-09-06 18:05:00] qwen cache train 377/1024
[2026-09-06 18:05:00] qwen cache train 378/1024
[2026-09-06 18:05:01] qwen cache train 379/1024
[2026-09-06 18:05:01] qwen cache train 380/1024
[2026-09-06 18:05:01] qwen cache train 381/1024
[2026-09-06 18:05:01] qwen cache train 382/1024
[2026-09-06 18:05:01] qwen cache train 383/1024
[2026-09-06 18:05:01] qwen cache train 384/1024
[2026-09-06 18:05:02] qwen cache train 385/1024
[2026-09-06 18:05:02] qwen cache train 386/1024
[2026-09-06 18:05:02] qwen cache train 387/1024
[2026-09-06 18:05:02] qwen cache train 388/1024
[2026-09-06 18:05:02] qwen cache train 389/1024
[2026-09-06 18:05:02] qwen cache train 390/1024
[2026-09-06 18:05:02] qwen cache train 391/1024
[2026-09-06 18:05:03] qwen cache train 392/1024
[2026-09-06 18:05:03] qwen cache train 393/1024
[2026-09-06 18:05:03] qwen cache train 394/1024
[2026-09-06 18:05:03] qwen cache train 395/1024
[2026-09-06 18:05:03] qwen cache train 396/1024
[2026-09-06 18:05:03] qwen cache train 397/1024
[2026-09-06 18:05:04] qwen cache train 398/1024
[2026-09-06 18:05:04] qwen cache train 399/1024
[2026-09-06 18:05:04] qwen cache train 400/1024
[2026-09-06 18:05:04] qwen cache train 401/1024
[2026-09-06 18:05:04] qwen cache train 402/1024
[2026-09-06 18:05:04] qwen cache train 403/1024
[2026-09-06 18:05:04] qwen cache train 404/1024
[2026-09-06 18:05:05] qwen cache train 405/1024
[2026-09-06 18:05:05] qwen cache train 406/1024
[2026-09-06 18:05:05] qwen cache train 407/1024
[2026-09-06 18:05:05] qwen cache train 408/1024
[2026-09-06 18:05:05] qwen cache train 409/1024
[2026-09-06 18:05:05] qwen cache train 410/1024
[2026-09-06 18:05:05] qwen cache train 411/1024
[2026-09-06 18:05:06] qwen cache train 412/1024
[2026-09-06 18:05:06] qwen cache train 413/1024
[2026-09-06 18:05:06] qwen cache train 414/1024
[2026-09-06 18:05:06] qwen cache train 415/1024
[2026-09-06 18:05:06] qwen cache train 416/1024
[2026-09-06 18:05:06] qwen cache train 417/1024
[2026-09-06 18:05:06] qwen cache train 418/1024
[2026-09-06 18:05:07] qwen cache train 419/1024
[2026-09-06 18:05:07] qwen cache train 420/1024
[2026-09-06 18:05:07] qwen cache train 421/1024
[2026-09-06 18:05:07] qwen cache train 422/1024
[2026-09-06 18:05:07] qwen cache train 423/1024
[2026-09-06 18:05:07] qwen cache train 424/1024
[2026-09-06 18:05:07] qwen cache train 425/1024
[2026-09-06 18:05:08] qwen cache train 426/1024
[2026-09-06 18:05:08] qwen cache train 427/1024
[2026-09-06 18:05:08] qwen cache train 428/1024
[2026-09-06 18:05:08] qwen cache train 429/1024
[2026-09-06 18:05:08] qwen cache train 430/1024
[2026-09-06 18:05:08] qwen cache train 431/1024
[2026-09-06 18:05:08] qwen cache train 432/1024
[2026-09-06 18:05:09] qwen cache train 433/1024
[2026-09-06 18:05:09] qwen cache train 434/1024
[2026-09-06 18:05:09] qwen cache train 435/1024
[2026-09-06 18:05:09] qwen cache train 436/1024
[2026-09-06 18:05:09] qwen cache train 437/1024
[2026-09-06 18:05:09] qwen cache train 438/1024
[2026-09-06 18:05:09] qwen cache train 439/1024
[2026-09-06 18:05:10] qwen cache train 440/1024
[2026-09-06 18:05:10] qwen cache train 441/1024
[2026-09-06 18:05:10] qwen cache train 442/1024
[2026-09-06 18:05:10] qwen cache train 443/1024
[2026-09-06 18:05:10] qwen cache train 444/1024
[2026-09-06 18:05:10] qwen cache train 445/1024
[2026-09-06 18:05:10] qwen cache train 446/1024
[2026-09-06 18:05:11] qwen cache train 447/1024
[2026-09-06 18:05:11] qwen cache train 448/1024
[2026-09-06 18:05:11] qwen cache train 449/1024
[2026-09-06 18:05:11] qwen cache train 450/1024
[2026-09-06 18:05:11] qwen cache train 451/1024
[2026-09-06 18:05:11] qwen cache train 452/1024
[2026-09-06 18:05:11] qwen cache train 453/1024
[2026-09-06 18:05:12] qwen cache train 454/1024
[2026-09-06 18:05:12] qwen cache train 455/1024
[2026-09-06 18:05:12] qwen cache train 456/1024
[2026-09-06 18:05:12] qwen cache train 457/1024
[2026-09-06 18:05:12] qwen cache train 458/1024
[2026-09-06 18:05:12] qwen cache train 459/1024
[2026-09-06 18:05:12] qwen cache train 460/1024
[2026-09-06 18:05:13] qwen cache train 461/1024
[2026-09-06 18:05:13] qwen cache train 462/1024
[2026-09-06 18:05:13] qwen cache train 463/1024
[2026-09-06 18:05:13] qwen cache train 464/1024
[2026-09-06 18:05:13] qwen cache train 465/1024
[2026-09-06 18:05:13] qwen cache train 466/1024
[2026-09-06 18:05:14] qwen cache train 467/1024
[2026-09-06 18:05:14] qwen cache train 468/1024
[2026-09-06 18:05:14] qwen cache train 469/1024
[2026-09-06 18:05:14] qwen cache train 470/1024
[2026-09-06 18:05:14] qwen cache train 471/1024
[2026-09-06 18:05:14] qwen cache train 472/1024
[2026-09-06 18:05:14] qwen cache train 473/1024
[2026-09-06 18:05:15] qwen cache train 474/1024
[2026-09-06 18:05:15] qwen cache train 475/1024
[2026-09-06 18:05:15] qwen cache train 476/1024
[2026-09-06 18:05:15] qwen cache train 477/1024
[2026-09-06 18:05:15] qwen cache train 478/1024
[2026-09-06 18:05:15] qwen cache train 479/1024
[2026-09-06 18:05:15] qwen cache train 480/1024
[2026-09-06 18:05:16] qwen cache train 481/1024
[2026-09-06 18:05:16] qwen cache train 482/1024
[2026-09-06 18:05:16] qwen cache train 483/1024
[2026-09-06 18:05:16] qwen cache train 484/1024
[2026-09-06 18:05:16] qwen cache train 485/1024
[2026-09-06 18:05:16] qwen cache train 486/1024
[2026-09-06 18:05:16] qwen cache train 487/1024
[2026-09-06 18:05:17] qwen cache train 488/1024
[2026-09-06 18:05:17] qwen cache train 489/1024
[2026-09-06 18:05:17] qwen cache train 490/1024
[2026-09-06 18:05:17] qwen cache train 491/1024
[2026-09-06 18:05:17] qwen cache train 492/1024
[2026-09-06 18:05:17] qwen cache train 493/1024
[2026-09-06 18:05:18] qwen cache train 494/1024
[2026-09-06 18:05:18] qwen cache train 495/1024
[2026-09-06 18:05:18] qwen cache train 496/1024
[2026-09-06 18:05:18] qwen cache train 497/1024
[2026-09-06 18:05:18] qwen cache train 498/1024
[2026-09-06 18:05:19] qwen cache train 499/1024
[2026-09-06 18:05:19] qwen cache train 500/1024
[2026-09-06 18:05:19] qwen cache train 501/1024
[2026-09-06 18:05:19] qwen cache train 502/1024
[2026-09-06 18:05:19] qwen cache train 503/1024
[2026-09-06 18:05:20] qwen cache train 504/1024
[2026-09-06 18:05:20] qwen cache train 505/1024
[2026-09-06 18:05:20] qwen cache train 506/1024
[2026-09-06 18:05:20] qwen cache train 507/1024
[2026-09-06 18:05:20] qwen cache train 508/1024
[2026-09-06 18:05:20] qwen cache train 509/1024
[2026-09-06 18:05:21] qwen cache train 510/1024
[2026-09-06 18:05:21] qwen cache train 511/1024
[2026-09-06 18:05:21] qwen cache train 512/1024
[2026-09-06 18:05:21] qwen cache train 513/1024
[2026-09-06 18:05:21] qwen cache train 514/1024
[2026-09-06 18:05:21] qwen cache train 515/1024
[2026-09-06 18:05:21] qwen cache train 516/1024
[2026-09-06 18:05:22] qwen cache train 517/1024
[2026-09-06 18:05:22] qwen cache train 518/1024
[2026-09-06 18:05:22] qwen cache train 519/1024
[2026-09-06 18:05:22] qwen cache train 520/1024
[2026-09-06 18:05:22] qwen cache train 521/1024
[2026-09-06 18:05:22] qwen cache train 522/1024
[2026-09-06 18:05:22] qwen cache train 523/1024
[2026-09-06 18:05:23] qwen cache train 524/1024
[2026-09-06 18:05:23] qwen cache train 525/1024
[2026-09-06 18:05:23] qwen cache train 526/1024
[2026-09-06 18:05:23] qwen cache train 527/1024
[2026-09-06 18:05:24] qwen cache train 528/1024
[2026-09-06 18:05:24] qwen cache train 529/1024
[2026-09-06 18:05:24] qwen cache train 530/1024
[2026-09-06 18:05:24] qwen cache train 531/1024
[2026-09-06 18:05:24] qwen cache train 532/1024
[2026-09-06 18:05:24] qwen cache train 533/1024
[2026-09-06 18:05:25] qwen cache train 534/1024
[2026-09-06 18:05:25] qwen cache train 535/1024
[2026-09-06 18:05:25] qwen cache train 536/1024
[2026-09-06 18:05:25] qwen cache train 537/1024
[2026-09-06 18:05:25] qwen cache train 538/1024
[2026-09-06 18:05:25] qwen cache train 539/1024
[2026-09-06 18:05:25] qwen cache train 540/1024
[2026-09-06 18:05:26] qwen cache train 541/1024
[2026-09-06 18:05:26] qwen cache train 542/1024
[2026-09-06 18:05:26] qwen cache train 543/1024
[2026-09-06 18:05:26] qwen cache train 544/1024
[2026-09-06 18:05:26] qwen cache train 545/1024
[2026-09-06 18:05:26] qwen cache train 546/1024
[2026-09-06 18:05:27] qwen cache train 547/1024
[2026-09-06 18:05:27] qwen cache train 548/1024
[2026-09-06 18:05:27] qwen cache train 549/1024
[2026-09-06 18:05:27] qwen cache train 550/1024
[2026-09-06 18:05:27] qwen cache train 551/1024
[2026-09-06 18:05:27] qwen cache train 552/1024
[2026-09-06 18:05:27] qwen cache train 553/1024
[2026-09-06 18:05:28] qwen cache train 554/1024
[2026-09-06 18:05:28] qwen cache train 555/1024
[2026-09-06 18:05:28] qwen cache train 556/1024
[2026-09-06 18:05:28] qwen cache train 557/1024
[2026-09-06 18:05:28] qwen cache train 558/1024
[2026-09-06 18:05:28] qwen cache train 559/1024
[2026-09-06 18:05:28] qwen cache train 560/1024
[2026-09-06 18:05:29] qwen cache train 561/1024
[2026-09-06 18:05:29] qwen cache train 562/1024
[2026-09-06 18:05:29] qwen cache train 563/1024
[2026-09-06 18:05:29] qwen cache train 564/1024
[2026-09-06 18:05:29] qwen cache train 565/1024
[2026-09-06 18:05:29] qwen cache train 566/1024
[2026-09-06 18:05:29] qwen cache train 567/1024
[2026-09-06 18:05:30] qwen cache train 568/1024
[2026-09-06 18:05:30] qwen cache train 569/1024
[2026-09-06 18:05:30] qwen cache train 570/1024
[2026-09-06 18:05:30] qwen cache train 571/1024
[2026-09-06 18:05:30] qwen cache train 572/1024
[2026-09-06 18:05:30] qwen cache train 573/1024
[2026-09-06 18:05:31] qwen cache train 574/1024
[2026-09-06 18:05:31] qwen cache train 575/1024
[2026-09-06 18:05:31] qwen cache train 576/1024
[2026-09-06 18:05:31] qwen cache train 577/1024
[2026-09-06 18:05:31] qwen cache train 578/1024
[2026-09-06 18:05:31] qwen cache train 579/1024
[2026-09-06 18:05:31] qwen cache train 580/1024
[2026-09-06 18:05:31] qwen cache train 581/1024
[2026-09-06 18:05:32] qwen cache train 582/1024
[2026-09-06 18:05:32] qwen cache train 583/1024
[2026-09-06 18:05:32] qwen cache train 584/1024
[2026-09-06 18:05:32] qwen cache train 585/1024
[2026-09-06 18:05:32] qwen cache train 586/1024
[2026-09-06 18:05:32] qwen cache train 587/1024
[2026-09-06 18:05:32] qwen cache train 588/1024
[2026-09-06 18:05:33] qwen cache train 589/1024
[2026-09-06 18:05:33] qwen cache train 590/1024
[2026-09-06 18:05:33] qwen cache train 591/1024
[2026-09-06 18:05:33] qwen cache train 592/1024
[2026-09-06 18:05:33] qwen cache train 593/1024
[2026-09-06 18:05:33] qwen cache train 594/1024
[2026-09-06 18:05:33] qwen cache train 595/1024
[2026-09-06 18:05:34] qwen cache train 596/1024
[2026-09-06 18:05:34] qwen cache train 597/1024
[2026-09-06 18:05:34] qwen cache train 598/1024
[2026-09-06 18:05:34] qwen cache train 599/1024
[2026-09-06 18:05:34] qwen cache train 600/1024
[2026-09-06 18:05:34] qwen cache train 601/1024
[2026-09-06 18:05:35] qwen cache train 602/1024
[2026-09-06 18:05:35] qwen cache train 603/1024
[2026-09-06 18:05:35] qwen cache train 604/1024
[2026-09-06 18:05:35] qwen cache train 605/1024
[2026-09-06 18:05:35] qwen cache train 606/1024
[2026-09-06 18:05:35] qwen cache train 607/1024
[2026-09-06 18:05:35] qwen cache train 608/1024
[2026-09-06 18:05:36] qwen cache train 609/1024
[2026-09-06 18:05:36] qwen cache train 610/1024
[2026-09-06 18:05:36] qwen cache train 611/1024
[2026-09-06 18:05:36] qwen cache train 612/1024
[2026-09-06 18:05:36] qwen cache train 613/1024
[2026-09-06 18:05:36] qwen cache train 614/1024
[2026-09-06 18:05:36] qwen cache train 615/1024
[2026-09-06 18:05:37] qwen cache train 616/1024
[2026-09-06 18:05:37] qwen cache train 617/1024
[2026-09-06 18:05:37] qwen cache train 618/1024
[2026-09-06 18:05:37] qwen cache train 619/1024
[2026-09-06 18:05:37] qwen cache train 620/1024
[2026-09-06 18:05:37] qwen cache train 621/1024
[2026-09-06 18:05:37] qwen cache train 622/1024
[2026-09-06 18:05:38] qwen cache train 623/1024
[2026-09-06 18:05:38] qwen cache train 624/1024
[2026-09-06 18:05:38] qwen cache train 625/1024
[2026-09-06 18:05:38] qwen cache train 626/1024
[2026-09-06 18:05:38] qwen cache train 627/1024
[2026-09-06 18:05:38] qwen cache train 628/1024
[2026-09-06 18:05:38] qwen cache train 629/1024
[2026-09-06 18:05:38] qwen cache train 630/1024
[2026-09-06 18:05:39] qwen cache train 631/1024
[2026-09-06 18:05:39] qwen cache train 632/1024
[2026-09-06 18:05:39] qwen cache train 633/1024
[2026-09-06 18:05:39] qwen cache train 634/1024
[2026-09-06 18:05:39] qwen cache train 635/1024
[2026-09-06 18:05:39] qwen cache train 636/1024
[2026-09-06 18:05:39] qwen cache train 637/1024
[2026-09-06 18:05:40] qwen cache train 638/1024
[2026-09-06 18:05:40] qwen cache train 639/1024
[2026-09-06 18:05:40] qwen cache train 640/1024
[2026-09-06 18:05:40] qwen cache train 641/1024
[2026-09-06 18:05:40] qwen cache train 642/1024
[2026-09-06 18:05:40] qwen cache train 643/1024
[2026-09-06 18:05:40] qwen cache train 644/1024
[2026-09-06 18:05:41] qwen cache train 645/1024
[2026-09-06 18:05:41] qwen cache train 646/1024
[2026-09-06 18:05:41] qwen cache train 647/1024
[2026-09-06 18:05:41] qwen cache train 648/1024
[2026-09-06 18:05:41] qwen cache train 649/1024
[2026-09-06 18:05:41] qwen cache train 650/1024
[2026-09-06 18:05:42] qwen cache train 651/1024
[2026-09-06 18:05:42] qwen cache train 652/1024
[2026-09-06 18:05:42] qwen cache train 653/1024
[2026-09-06 18:05:42] qwen cache train 654/1024
[2026-09-06 18:05:42] qwen cache train 655/1024
[2026-09-06 18:05:42] qwen cache train 656/1024
[2026-09-06 18:05:42] qwen cache train 657/1024
[2026-09-06 18:05:43] qwen cache train 658/1024
[2026-09-06 18:05:43] qwen cache train 659/1024
[2026-09-06 18:05:43] qwen cache train 660/1024
[2026-09-06 18:05:43] qwen cache train 661/1024
[2026-09-06 18:05:43] qwen cache train 662/1024
[2026-09-06 18:05:44] qwen cache train 663/1024
[2026-09-06 18:05:44] qwen cache train 664/1024
[2026-09-06 18:05:44] qwen cache train 665/1024
[2026-09-06 18:05:44] qwen cache train 666/1024
[2026-09-06 18:05:44] qwen cache train 667/1024
[2026-09-06 18:05:44] qwen cache train 668/1024
[2026-09-06 18:05:44] qwen cache train 669/1024
[2026-09-06 18:05:45] qwen cache train 670/1024
[2026-09-06 18:05:45] qwen cache train 671/1024
[2026-09-06 18:05:45] qwen cache train 672/1024
[2026-09-06 18:05:45] qwen cache train 673/1024
[2026-09-06 18:05:45] qwen cache train 674/1024
[2026-09-06 18:05:45] qwen cache train 675/1024
[2026-09-06 18:05:45] qwen cache train 676/1024
[2026-09-06 18:05:46] qwen cache train 677/1024
[2026-09-06 18:05:46] qwen cache train 678/1024
[2026-09-06 18:05:46] qwen cache train 679/1024
[2026-09-06 18:05:46] qwen cache train 680/1024
[2026-09-06 18:05:46] qwen cache train 681/1024
[2026-09-06 18:05:46] qwen cache train 682/1024
[2026-09-06 18:05:46] qwen cache train 683/1024
[2026-09-06 18:05:47] qwen cache train 684/1024
[2026-09-06 18:05:47] qwen cache train 685/1024
[2026-09-06 18:05:47] qwen cache train 686/1024
[2026-09-06 18:05:47] qwen cache train 687/1024
[2026-09-06 18:05:47] qwen cache train 688/1024
[2026-09-06 18:05:47] qwen cache train 689/1024
[2026-09-06 18:05:48] qwen cache train 690/1024
[2026-09-06 18:05:48] qwen cache train 691/1024
[2026-09-06 18:05:48] qwen cache train 692/1024
[2026-09-06 18:05:48] qwen cache train 693/1024
[2026-09-06 18:05:48] qwen cache train 694/1024
[2026-09-06 18:05:48] qwen cache train 695/1024
[2026-09-06 18:05:48] qwen cache train 696/1024
[2026-09-06 18:05:49] qwen cache train 697/1024
[2026-09-06 18:05:49] qwen cache train 698/1024
[2026-09-06 18:05:49] qwen cache train 699/1024
[2026-09-06 18:05:49] qwen cache train 700/1024
[2026-09-06 18:05:49] qwen cache train 701/1024
[2026-09-06 18:05:49] qwen cache train 702/1024
[2026-09-06 18:05:49] qwen cache train 703/1024
[2026-09-06 18:05:49] qwen cache train 704/1024
[2026-09-06 18:05:50] qwen cache train 705/1024
[2026-09-06 18:05:50] qwen cache train 706/1024
[2026-09-06 18:05:50] qwen cache train 707/1024
[2026-09-06 18:05:50] qwen cache train 708/1024
[2026-09-06 18:05:50] qwen cache train 709/1024
[2026-09-06 18:05:50] qwen cache train 710/1024
[2026-09-06 18:05:51] qwen cache train 711/1024
[2026-09-06 18:05:51] qwen cache train 712/1024
[2026-09-06 18:05:51] qwen cache train 713/1024
[2026-09-06 18:05:51] qwen cache train 714/1024
[2026-09-06 18:05:51] qwen cache train 715/1024
[2026-09-06 18:05:51] qwen cache train 716/1024
[2026-09-06 18:05:51] qwen cache train 717/1024
[2026-09-06 18:05:52] qwen cache train 718/1024
[2026-09-06 18:05:52] qwen cache train 719/1024
[2026-09-06 18:05:52] qwen cache train 720/1024
[2026-09-06 18:05:52] qwen cache train 721/1024
[2026-09-06 18:05:52] qwen cache train 722/1024
[2026-09-06 18:05:52] qwen cache train 723/1024
[2026-09-06 18:05:53] qwen cache train 724/1024
[2026-09-06 18:05:53] qwen cache train 725/1024
[2026-09-06 18:05:53] qwen cache train 726/1024
[2026-09-06 18:05:53] qwen cache train 727/1024
[2026-09-06 18:05:53] qwen cache train 728/1024
[2026-09-06 18:05:53] qwen cache train 729/1024
[2026-09-06 18:05:53] qwen cache train 730/1024
[2026-09-06 18:05:54] qwen cache train 731/1024
[2026-09-06 18:05:54] qwen cache train 732/1024
[2026-09-06 18:05:54] qwen cache train 733/1024
[2026-09-06 18:05:54] qwen cache train 734/1024
[2026-09-06 18:05:54] qwen cache train 735/1024
[2026-09-06 18:05:54] qwen cache train 736/1024
[2026-09-06 18:05:54] qwen cache train 737/1024
[2026-09-06 18:05:55] qwen cache train 738/1024
[2026-09-06 18:05:55] qwen cache train 739/1024
[2026-09-06 18:05:55] qwen cache train 740/1024
[2026-09-06 18:05:55] qwen cache train 741/1024
[2026-09-06 18:05:55] qwen cache train 742/1024
[2026-09-06 18:05:55] qwen cache train 743/1024
[2026-09-06 18:05:55] qwen cache train 744/1024
[2026-09-06 18:05:56] qwen cache train 745/1024
[2026-09-06 18:05:56] qwen cache train 746/1024
[2026-09-06 18:05:56] qwen cache train 747/1024
[2026-09-06 18:05:56] qwen cache train 748/1024
[2026-09-06 18:05:56] qwen cache train 749/1024
[2026-09-06 18:05:56] qwen cache train 750/1024
[2026-09-06 18:05:56] qwen cache train 751/1024
[2026-09-06 18:05:57] qwen cache train 752/1024
[2026-09-06 18:05:57] qwen cache train 753/1024
[2026-09-06 18:05:57] qwen cache train 754/1024
[2026-09-06 18:05:57] qwen cache train 755/1024
[2026-09-06 18:05:57] qwen cache train 756/1024
[2026-09-06 18:05:57] qwen cache train 757/1024
[2026-09-06 18:05:57] qwen cache train 758/1024
[2026-09-06 18:05:58] qwen cache train 759/1024
[2026-09-06 18:05:58] qwen cache train 760/1024
[2026-09-06 18:05:58] qwen cache train 761/1024
[2026-09-06 18:05:58] qwen cache train 762/1024
[2026-09-06 18:05:58] qwen cache train 763/1024
[2026-09-06 18:05:58] qwen cache train 764/1024
[2026-09-06 18:05:58] qwen cache train 765/1024
[2026-09-06 18:05:59] qwen cache train 766/1024
[2026-09-06 18:05:59] qwen cache train 767/1024
[2026-09-06 18:05:59] qwen cache train 768/1024
[2026-09-06 18:05:59] qwen cache train 769/1024
[2026-09-06 18:05:59] qwen cache train 770/1024
[2026-09-06 18:05:59] qwen cache train 771/1024
[2026-09-06 18:05:59] qwen cache train 772/1024
[2026-09-06 18:06:00] qwen cache train 773/1024
[2026-09-06 18:06:00] qwen cache train 774/1024
[2026-09-06 18:06:00] qwen cache train 775/1024
[2026-09-06 18:06:00] qwen cache train 776/1024
[2026-09-06 18:06:00] qwen cache train 777/1024
[2026-09-06 18:06:00] qwen cache train 778/1024
[2026-09-06 18:06:01] qwen cache train 779/1024
[2026-09-06 18:06:01] qwen cache train 780/1024
[2026-09-06 18:06:01] qwen cache train 781/1024
[2026-09-06 18:06:01] qwen cache train 782/1024
[2026-09-06 18:06:01] qwen cache train 783/1024
[2026-09-06 18:06:01] qwen cache train 784/1024
[2026-09-06 18:06:01] qwen cache train 785/1024
[2026-09-06 18:06:02] qwen cache train 786/1024
[2026-09-06 18:06:02] qwen cache train 787/1024
[2026-09-06 18:06:02] qwen cache train 788/1024
[2026-09-06 18:06:02] qwen cache train 789/1024
[2026-09-06 18:06:02] qwen cache train 790/1024
[2026-09-06 18:06:02] qwen cache train 791/1024
[2026-09-06 18:06:03] qwen cache train 792/1024
[2026-09-06 18:06:03] qwen cache train 793/1024
[2026-09-06 18:06:03] qwen cache train 794/1024
[2026-09-06 18:06:03] qwen cache train 795/1024
[2026-09-06 18:06:03] qwen cache train 796/1024
[2026-09-06 18:06:03] qwen cache train 797/1024
[2026-09-06 18:06:04] qwen cache train 798/1024
[2026-09-06 18:06:04] qwen cache train 799/1024
[2026-09-06 18:06:04] qwen cache train 800/1024
[2026-09-06 18:06:04] qwen cache train 801/1024
[2026-09-06 18:06:04] qwen cache train 802/1024
[2026-09-06 18:06:04] qwen cache train 803/1024
[2026-09-06 18:06:04] qwen cache train 804/1024
[2026-09-06 18:06:05] qwen cache train 805/1024
[2026-09-06 18:06:05] qwen cache train 806/1024
[2026-09-06 18:06:05] qwen cache train 807/1024
[2026-09-06 18:06:05] qwen cache train 808/1024
[2026-09-06 18:06:05] qwen cache train 809/1024
[2026-09-06 18:06:05] qwen cache train 810/1024
[2026-09-06 18:06:05] qwen cache train 811/1024
[2026-09-06 18:06:06] qwen cache train 812/1024
[2026-09-06 18:06:06] qwen cache train 813/1024
[2026-09-06 18:06:06] qwen cache train 814/1024
[2026-09-06 18:06:06] qwen cache train 815/1024
[2026-09-06 18:06:06] qwen cache train 816/1024
[2026-09-06 18:06:06] qwen cache train 817/1024
[2026-09-06 18:06:07] qwen cache train 818/1024
[2026-09-06 18:06:07] qwen cache train 819/1024
[2026-09-06 18:06:07] qwen cache train 820/1024
[2026-09-06 18:06:07] qwen cache train 821/1024
[2026-09-06 18:06:07] qwen cache train 822/1024
[2026-09-06 18:06:07] qwen cache train 823/1024
[2026-09-06 18:06:07] qwen cache train 824/1024
[2026-09-06 18:06:08] qwen cache train 825/1024
[2026-09-06 18:06:08] qwen cache train 826/1024
[2026-09-06 18:06:08] qwen cache train 827/1024
[2026-09-06 18:06:08] qwen cache train 828/1024
[2026-09-06 18:06:08] qwen cache train 829/1024
[2026-09-06 18:06:08] qwen cache train 830/1024
[2026-09-06 18:06:08] qwen cache train 831/1024
[2026-09-06 18:06:09] qwen cache train 832/1024
[2026-09-06 18:06:09] qwen cache train 833/1024
[2026-09-06 18:06:09] qwen cache train 834/1024
[2026-09-06 18:06:09] qwen cache train 835/1024
[2026-09-06 18:06:09] qwen cache train 836/1024
[2026-09-06 18:06:09] qwen cache train 837/1024
[2026-09-06 18:06:09] qwen cache train 838/1024
[2026-09-06 18:06:10] qwen cache train 839/1024
[2026-09-06 18:06:10] qwen cache train 840/1024
[2026-09-06 18:06:10] qwen cache train 841/1024
[2026-09-06 18:06:10] qwen cache train 842/1024
[2026-09-06 18:06:10] qwen cache train 843/1024
[2026-09-06 18:06:10] qwen cache train 844/1024
[2026-09-06 18:06:10] qwen cache train 845/1024
[2026-09-06 18:06:11] qwen cache train 846/1024
[2026-09-06 18:06:11] qwen cache train 847/1024
[2026-09-06 18:06:11] qwen cache train 848/1024
[2026-09-06 18:06:11] qwen cache train 849/1024
[2026-09-06 18:06:11] qwen cache train 850/1024
[2026-09-06 18:06:11] qwen cache train 851/1024
[2026-09-06 18:06:12] qwen cache train 852/1024
[2026-09-06 18:06:12] qwen cache train 853/1024
[2026-09-06 18:06:12] qwen cache train 854/1024
[2026-09-06 18:06:12] qwen cache train 855/1024
[2026-09-06 18:06:12] qwen cache train 856/1024
[2026-09-06 18:06:12] qwen cache train 857/1024
[2026-09-06 18:06:12] qwen cache train 858/1024
[2026-09-06 18:06:13] qwen cache train 859/1024
[2026-09-06 18:06:13] qwen cache train 860/1024
[2026-09-06 18:06:13] qwen cache train 861/1024
[2026-09-06 18:06:13] qwen cache train 862/1024
[2026-09-06 18:06:13] qwen cache train 863/1024
[2026-09-06 18:06:13] qwen cache train 864/1024
[2026-09-06 18:06:13] qwen cache train 865/1024
[2026-09-06 18:06:14] qwen cache train 866/1024
[2026-09-06 18:06:14] qwen cache train 867/1024
[2026-09-06 18:06:14] qwen cache train 868/1024
[2026-09-06 18:06:14] qwen cache train 869/1024
[2026-09-06 18:06:14] qwen cache train 870/1024
[2026-09-06 18:06:14] qwen cache train 871/1024
[2026-09-06 18:06:14] qwen cache train 872/1024
[2026-09-06 18:06:15] qwen cache train 873/1024
[2026-09-06 18:06:15] qwen cache train 874/1024
[2026-09-06 18:06:15] qwen cache train 875/1024
[2026-09-06 18:06:15] qwen cache train 876/1024
[2026-09-06 18:06:15] qwen cache train 877/1024
[2026-09-06 18:06:15] qwen cache train 878/1024
[2026-09-06 18:06:15] qwen cache train 879/1024
[2026-09-06 18:06:16] qwen cache train 880/1024
[2026-09-06 18:06:16] qwen cache train 881/1024
[2026-09-06 18:06:16] qwen cache train 882/1024
[2026-09-06 18:06:16] qwen cache train 883/1024
[2026-09-06 18:06:16] qwen cache train 884/1024
[2026-09-06 18:06:16] qwen cache train 885/1024
[2026-09-06 18:06:16] qwen cache train 886/1024
[2026-09-06 18:06:17] qwen cache train 887/1024
[2026-09-06 18:06:17] qwen cache train 888/1024
[2026-09-06 18:06:17] qwen cache train 889/1024
[2026-09-06 18:06:17] qwen cache train 890/1024
[2026-09-06 18:06:17] qwen cache train 891/1024
[2026-09-06 18:06:17] qwen cache train 892/1024
[2026-09-06 18:06:18] qwen cache train 893/1024
[2026-09-06 18:06:18] qwen cache train 894/1024
[2026-09-06 18:06:18] qwen cache train 895/1024
[2026-09-06 18:06:18] qwen cache train 896/1024
[2026-09-06 18:06:18] qwen cache train 897/1024
[2026-09-06 18:06:18] qwen cache train 898/1024
[2026-09-06 18:06:18] qwen cache train 899/1024
[2026-09-06 18:06:19] qwen cache train 900/1024
[2026-09-06 18:06:19] qwen cache train 901/1024
[2026-09-06 18:06:19] qwen cache train 902/1024
[2026-09-06 18:06:19] qwen cache train 903/1024
[2026-09-06 18:06:19] qwen cache train 904/1024
[2026-09-06 18:06:19] qwen cache train 905/1024
[2026-09-06 18:06:20] qwen cache train 906/1024
[2026-09-06 18:06:20] qwen cache train 907/1024
[2026-09-06 18:06:20] qwen cache train 908/1024
[2026-09-06 18:06:20] qwen cache train 909/1024
[2026-09-06 18:06:20] qwen cache train 910/1024
[2026-09-06 18:06:20] qwen cache train 911/1024
[2026-09-06 18:06:20] qwen cache train 912/1024
[2026-09-06 18:06:21] qwen cache train 913/1024
[2026-09-06 18:06:21] qwen cache train 914/1024
[2026-09-06 18:06:21] qwen cache train 915/1024
[2026-09-06 18:06:21] qwen cache train 916/1024
[2026-09-06 18:06:21] qwen cache train 917/1024
[2026-09-06 18:06:21] qwen cache train 918/1024
[2026-09-06 18:06:21] qwen cache train 919/1024
[2026-09-06 18:06:21] qwen cache train 920/1024
[2026-09-06 18:06:22] qwen cache train 921/1024
[2026-09-06 18:06:22] qwen cache train 922/1024
[2026-09-06 18:06:22] qwen cache train 923/1024
[2026-09-06 18:06:22] qwen cache train 924/1024
[2026-09-06 18:06:22] qwen cache train 925/1024
[2026-09-06 18:06:22] qwen cache train 926/1024
[2026-09-06 18:06:23] qwen cache train 927/1024
[2026-09-06 18:06:23] qwen cache train 928/1024
[2026-09-06 18:06:23] qwen cache train 929/1024
[2026-09-06 18:06:23] qwen cache train 930/1024
[2026-09-06 18:06:23] qwen cache train 931/1024
[2026-09-06 18:06:24] qwen cache train 932/1024
[2026-09-06 18:06:24] qwen cache train 933/1024
[2026-09-06 18:06:24] qwen cache train 934/1024
[2026-09-06 18:06:24] qwen cache train 935/1024
[2026-09-06 18:06:24] qwen cache train 936/1024
[2026-09-06 18:06:24] qwen cache train 937/1024
[2026-09-06 18:06:24] qwen cache train 938/1024
[2026-09-06 18:06:25] qwen cache train 939/1024
[2026-09-06 18:06:25] qwen cache train 940/1024
[2026-09-06 18:06:25] qwen cache train 941/1024
[2026-09-06 18:06:25] qwen cache train 942/1024
[2026-09-06 18:06:25] qwen cache train 943/1024
[2026-09-06 18:06:25] qwen cache train 944/1024
[2026-09-06 18:06:26] qwen cache train 945/1024
[2026-09-06 18:06:26] qwen cache train 946/1024
[2026-09-06 18:06:26] qwen cache train 947/1024
[2026-09-06 18:06:26] qwen cache train 948/1024
[2026-09-06 18:06:26] qwen cache train 949/1024
[2026-09-06 18:06:26] qwen cache train 950/1024
[2026-09-06 18:06:27] qwen cache train 951/1024
[2026-09-06 18:06:27] qwen cache train 952/1024
[2026-09-06 18:06:27] qwen cache train 953/1024
[2026-09-06 18:06:27] qwen cache train 954/1024
[2026-09-06 18:06:27] qwen cache train 955/1024
[2026-09-06 18:06:27] qwen cache train 956/1024
[2026-09-06 18:06:27] qwen cache train 957/1024
[2026-09-06 18:06:28] qwen cache train 958/1024
[2026-09-06 18:06:28] qwen cache train 959/1024
[2026-09-06 18:06:28] qwen cache train 960/1024
[2026-09-06 18:06:28] qwen cache train 961/1024
[2026-09-06 18:06:28] qwen cache train 962/1024
[2026-09-06 18:06:28] qwen cache train 963/1024
[2026-09-06 18:06:28] qwen cache train 964/1024
[2026-09-06 18:06:29] qwen cache train 965/1024
[2026-09-06 18:06:29] qwen cache train 966/1024
[2026-09-06 18:06:29] qwen cache train 967/1024
[2026-09-06 18:06:29] qwen cache train 968/1024
[2026-09-06 18:06:29] qwen cache train 969/1024
[2026-09-06 18:06:29] qwen cache train 970/1024
[2026-09-06 18:06:29] qwen cache train 971/1024
[2026-09-06 18:06:30] qwen cache train 972/1024
[2026-09-06 18:06:30] qwen cache train 973/1024
[2026-09-06 18:06:30] qwen cache train 974/1024
[2026-09-06 18:06:30] qwen cache train 975/1024
[2026-09-06 18:06:30] qwen cache train 976/1024
[2026-09-06 18:06:30] qwen cache train 977/1024
[2026-09-06 18:06:31] qwen cache train 978/1024
[2026-09-06 18:06:31] qwen cache train 979/1024
[2026-09-06 18:06:31] qwen cache train 980/1024
[2026-09-06 18:06:31] qwen cache train 981/1024
[2026-09-06 18:06:31] qwen cache train 982/1024
[2026-09-06 18:06:31] qwen cache train 983/1024
[2026-09-06 18:06:32] qwen cache train 984/1024
[2026-09-06 18:06:32] qwen cache train 985/1024
[2026-09-06 18:06:32] qwen cache train 986/1024
[2026-09-06 18:06:32] qwen cache train 987/1024
[2026-09-06 18:06:32] qwen cache train 988/1024
[2026-09-06 18:06:32] qwen cache train 989/1024
[2026-09-06 18:06:32] qwen cache train 990/1024
[2026-09-06 18:06:33] qwen cache train 991/1024
[2026-09-06 18:06:33] qwen cache train 992/1024
[2026-09-06 18:06:33] qwen cache train 993/1024
[2026-09-06 18:06:33] qwen cache train 994/1024
[2026-09-06 18:06:33] qwen cache train 995/1024
[2026-09-06 18:06:33] qwen cache train 996/1024
[2026-09-06 18:06:33] qwen cache train 997/1024
[2026-09-06 18:06:34] qwen cache train 998/1024
[2026-09-06 18:06:34] qwen cache train 999/1024
[2026-09-06 18:06:34] qwen cache train 1000/1024
[2026-09-06 18:06:34] qwen cache train 1001/1024
[2026-09-06 18:06:34] qwen cache train 1002/1024
[2026-09-06 18:06:34] qwen cache train 1003/1024
[2026-09-06 18:06:34] qwen cache train 1004/1024
[2026-09-06 18:06:35] qwen cache train 1005/1024
[2026-09-06 18:06:35] qwen cache train 1006/1024
[2026-09-06 18:06:35] qwen cache train 1007/1024
[2026-09-06 18:06:35] qwen cache train 1008/1024
[2026-09-06 18:06:35] qwen cache train 1009/1024
[2026-09-06 18:06:35] qwen cache train 1010/1024
[2026-09-06 18:06:36] qwen cache train 1011/1024
[2026-09-06 18:06:36] qwen cache train 1012/1024
[2026-09-06 18:06:36] qwen cache train 1013/1024
[2026-09-06 18:06:36] qwen cache train 1014/1024
[2026-09-06 18:06:36] qwen cache train 1015/1024
[2026-09-06 18:06:36] qwen cache train 1016/1024
[2026-09-06 18:06:36] qwen cache train 1017/1024
[2026-09-06 18:06:37] qwen cache train 1018/1024
[2026-09-06 18:06:37] qwen cache train 1019/1024
[2026-09-06 18:06:37] qwen cache train 1020/1024
[2026-09-06 18:06:37] qwen cache train 1021/1024
[2026-09-06 18:06:37] qwen cache train 1022/1024
[2026-09-06 18:06:37] qwen cache train 1023/1024
[2026-09-06 18:06:37] qwen cache train 1024/1024
[2026-09-06 18:06:38] qwen cache validation 1/128
[2026-09-06 18:06:38] qwen cache validation 2/128
[2026-09-06 18:06:38] qwen cache validation 3/128
[2026-09-06 18:06:39] qwen cache validation 4/128
[2026-09-06 18:06:39] qwen cache validation 5/128
[2026-09-06 18:06:39] qwen cache validation 6/128
[2026-09-06 18:06:39] qwen cache validation 7/128
[2026-09-06 18:06:39] qwen cache validation 8/128
[2026-09-06 18:06:39] qwen cache validation 9/128
[2026-09-06 18:06:40] qwen cache validation 10/128
[2026-09-06 18:06:40] qwen cache validation 11/128
[2026-09-06 18:06:40] qwen cache validation 12/128
[2026-09-06 18:06:40] qwen cache validation 13/128
[2026-09-06 18:06:40] qwen cache validation 14/128
[2026-09-06 18:06:40] qwen cache validation 15/128
[2026-09-06 18:06:40] qwen cache validation 16/128
[2026-09-06 18:06:41] qwen cache validation 17/128
[2026-09-06 18:06:41] qwen cache validation 18/128
[2026-09-06 18:06:41] qwen cache validation 19/128
[2026-09-06 18:06:41] qwen cache validation 20/128
[2026-09-06 18:06:41] qwen cache validation 21/128
[2026-09-06 18:06:41] qwen cache validation 22/128
[2026-09-06 18:06:41] qwen cache validation 23/128
[2026-09-06 18:06:42] qwen cache validation 24/128
[2026-09-06 18:06:42] qwen cache validation 25/128
[2026-09-06 18:06:42] qwen cache validation 26/128
[2026-09-06 18:06:42] qwen cache validation 27/128
[2026-09-06 18:06:42] qwen cache validation 28/128
[2026-09-06 18:06:42] qwen cache validation 29/128
[2026-09-06 18:06:42] qwen cache validation 30/128
[2026-09-06 18:06:43] qwen cache validation 31/128
[2026-09-06 18:06:43] qwen cache validation 32/128
[2026-09-06 18:06:43] qwen cache validation 33/128
[2026-09-06 18:06:43] qwen cache validation 34/128
[2026-09-06 18:06:43] qwen cache validation 35/128
[2026-09-06 18:06:43] qwen cache validation 36/128
[2026-09-06 18:06:44] qwen cache validation 37/128
[2026-09-06 18:06:44] qwen cache validation 38/128
[2026-09-06 18:06:44] qwen cache validation 39/128
[2026-09-06 18:06:44] qwen cache validation 40/128
[2026-09-06 18:06:44] qwen cache validation 41/128
[2026-09-06 18:06:44] qwen cache validation 42/128
[2026-09-06 18:06:45] qwen cache validation 43/128
[2026-09-06 18:06:45] qwen cache validation 44/128
[2026-09-06 18:06:45] qwen cache validation 45/128
[2026-09-06 18:06:45] qwen cache validation 46/128
[2026-09-06 18:06:45] qwen cache validation 47/128
[2026-09-06 18:06:45] qwen cache validation 48/128
[2026-09-06 18:06:46] qwen cache validation 49/128
[2026-09-06 18:06:46] qwen cache validation 50/128
[2026-09-06 18:06:46] qwen cache validation 51/128
[2026-09-06 18:06:46] qwen cache validation 52/128
[2026-09-06 18:06:46] qwen cache validation 53/128
[2026-09-06 18:06:46] qwen cache validation 54/128
[2026-09-06 18:06:46] qwen cache validation 55/128
[2026-09-06 18:06:47] qwen cache validation 56/128
[2026-09-06 18:06:47] qwen cache validation 57/128
[2026-09-06 18:06:47] qwen cache validation 58/128
[2026-09-06 18:06:47] qwen cache validation 59/128
[2026-09-06 18:06:47] qwen cache validation 60/128
[2026-09-06 18:06:47] qwen cache validation 61/128
[2026-09-06 18:06:47] qwen cache validation 62/128
[2026-09-06 18:06:48] qwen cache validation 63/128
[2026-09-06 18:06:48] qwen cache validation 64/128
[2026-09-06 18:06:48] qwen cache validation 65/128
[2026-09-06 18:06:48] qwen cache validation 66/128
[2026-09-06 18:06:48] qwen cache validation 67/128
[2026-09-06 18:06:48] qwen cache validation 68/128
[2026-09-06 18:06:49] qwen cache validation 69/128
[2026-09-06 18:06:49] qwen cache validation 70/128
[2026-09-06 18:06:49] qwen cache validation 71/128
[2026-09-06 18:06:49] qwen cache validation 72/128
[2026-09-06 18:06:49] qwen cache validation 73/128
[2026-09-06 18:06:49] qwen cache validation 74/128
[2026-09-06 18:06:49] qwen cache validation 75/128
[2026-09-06 18:06:49] qwen cache validation 76/128
[2026-09-06 18:06:50] qwen cache validation 77/128
[2026-09-06 18:06:50] qwen cache validation 78/128
[2026-09-06 18:06:50] qwen cache validation 79/128
[2026-09-06 18:06:50] qwen cache validation 80/128
[2026-09-06 18:06:50] qwen cache validation 81/128
[2026-09-06 18:06:50] qwen cache validation 82/128
[2026-09-06 18:06:51] qwen cache validation 83/128
[2026-09-06 18:06:51] qwen cache validation 84/128
[2026-09-06 18:06:51] qwen cache validation 85/128
[2026-09-06 18:06:51] qwen cache validation 86/128
[2026-09-06 18:06:51] qwen cache validation 87/128
[2026-09-06 18:06:51] qwen cache validation 88/128
[2026-09-06 18:06:51] qwen cache validation 89/128
[2026-09-06 18:06:52] qwen cache validation 90/128
[2026-09-06 18:06:52] qwen cache validation 91/128
[2026-09-06 18:06:52] qwen cache validation 92/128
[2026-09-06 18:06:52] qwen cache validation 93/128
[2026-09-06 18:06:52] qwen cache validation 94/128
[2026-09-06 18:06:52] qwen cache validation 95/128
[2026-09-06 18:06:52] qwen cache validation 96/128
[2026-09-06 18:06:53] qwen cache validation 97/128
[2026-09-06 18:06:53] qwen cache validation 98/128
[2026-09-06 18:06:53] qwen cache validation 99/128
[2026-09-06 18:06:53] qwen cache validation 100/128
[2026-09-06 18:06:53] qwen cache validation 101/128
[2026-09-06 18:06:53] qwen cache validation 102/128
[2026-09-06 18:06:53] qwen cache validation 103/128
[2026-09-06 18:06:54] qwen cache validation 104/128
[2026-09-06 18:06:54] qwen cache validation 105/128
[2026-09-06 18:06:54] qwen cache validation 106/128
[2026-09-06 18:06:54] qwen cache validation 107/128
[2026-09-06 18:06:54] qwen cache validation 108/128
[2026-09-06 18:06:54] qwen cache validation 109/128
[2026-09-06 18:06:55] qwen cache validation 110/128
[2026-09-06 18:06:55] qwen cache validation 111/128
[2026-09-06 18:06:55] qwen cache validation 112/128
[2026-09-06 18:06:55] qwen cache validation 113/128
[2026-09-06 18:06:55] qwen cache validation 114/128
[2026-09-06 18:06:55] qwen cache validation 115/128
[2026-09-06 18:06:55] qwen cache validation 116/128
[2026-09-06 18:06:55] qwen cache validation 117/128
[2026-09-06 18:06:56] qwen cache validation 118/128
[2026-09-06 18:06:56] qwen cache validation 119/128
[2026-09-06 18:06:56] qwen cache validation 120/128
[2026-09-06 18:06:56] qwen cache validation 121/128
[2026-09-06 18:06:56] qwen cache validation 122/128
[2026-09-06 18:06:56] qwen cache validation 123/128
[2026-09-06 18:06:57] qwen cache validation 124/128
[2026-09-06 18:06:57] qwen cache validation 125/128
[2026-09-06 18:06:57] qwen cache validation 126/128
[2026-09-06 18:06:57] qwen cache validation 127/128
[2026-09-06 18:06:57] qwen cache validation 128/128
[2026-09-06 18:06:57] qwen cache test 1/128
[2026-09-06 18:06:57] qwen cache test 2/128
[2026-09-06 18:06:57] qwen cache test 3/128
[2026-09-06 18:06:58] qwen cache test 4/128
[2026-09-06 18:06:58] qwen cache test 5/128
[2026-09-06 18:06:58] qwen cache test 6/128
[2026-09-06 18:06:58] qwen cache test 7/128
[2026-09-06 18:06:58] qwen cache test 8/128
[2026-09-06 18:06:58] qwen cache test 9/128
[2026-09-06 18:06:58] qwen cache test 10/128
[2026-09-06 18:06:59] qwen cache test 11/128
[2026-09-06 18:06:59] qwen cache test 12/128
[2026-09-06 18:06:59] qwen cache test 13/128
[2026-09-06 18:06:59] qwen cache test 14/128
[2026-09-06 18:06:59] qwen cache test 15/128
[2026-09-06 18:06:59] qwen cache test 16/128
[2026-09-06 18:06:59] qwen cache test 17/128
[2026-09-06 18:07:00] qwen cache test 18/128
[2026-09-06 18:07:00] qwen cache test 19/128
[2026-09-06 18:07:00] qwen cache test 20/128
[2026-09-06 18:07:00] qwen cache test 21/128
[2026-09-06 18:07:00] qwen cache test 22/128
[2026-09-06 18:07:00] qwen cache test 23/128
[2026-09-06 18:07:00] qwen cache test 24/128
[2026-09-06 18:07:01] qwen cache test 25/128
[2026-09-06 18:07:01] qwen cache test 26/128
[2026-09-06 18:07:01] qwen cache test 27/128
[2026-09-06 18:07:01] qwen cache test 28/128
[2026-09-06 18:07:01] qwen cache test 29/128
[2026-09-06 18:07:01] qwen cache test 30/128
[2026-09-06 18:07:01] qwen cache test 31/128
[2026-09-06 18:07:02] qwen cache test 32/128
[2026-09-06 18:07:02] qwen cache test 33/128
[2026-09-06 18:07:02] qwen cache test 34/128
[2026-09-06 18:07:02] qwen cache test 35/128
[2026-09-06 18:07:02] qwen cache test 36/128
[2026-09-06 18:07:02] qwen cache test 37/128
[2026-09-06 18:07:02] qwen cache test 38/128
[2026-09-06 18:07:03] qwen cache test 39/128
[2026-09-06 18:07:03] qwen cache test 40/128
[2026-09-06 18:07:03] qwen cache test 41/128
[2026-09-06 18:07:03] qwen cache test 42/128
[2026-09-06 18:07:03] qwen cache test 43/128
[2026-09-06 18:07:03] qwen cache test 44/128
[2026-09-06 18:07:03] qwen cache test 45/128
[2026-09-06 18:07:04] qwen cache test 46/128
[2026-09-06 18:07:04] qwen cache test 47/128
[2026-09-06 18:07:04] qwen cache test 48/128
[2026-09-06 18:07:04] qwen cache test 49/128
[2026-09-06 18:07:04] qwen cache test 50/128
[2026-09-06 18:07:04] qwen cache test 51/128
[2026-09-06 18:07:04] qwen cache test 52/128
[2026-09-06 18:07:05] qwen cache test 53/128
[2026-09-06 18:07:05] qwen cache test 54/128
[2026-09-06 18:07:05] qwen cache test 55/128
[2026-09-06 18:07:05] qwen cache test 56/128
[2026-09-06 18:07:05] qwen cache test 57/128
[2026-09-06 18:07:05] qwen cache test 58/128
[2026-09-06 18:07:05] qwen cache test 59/128
[2026-09-06 18:07:06] qwen cache test 60/128
[2026-09-06 18:07:06] qwen cache test 61/128
[2026-09-06 18:07:06] qwen cache test 62/128
[2026-09-06 18:07:06] qwen cache test 63/128
[2026-09-06 18:07:06] qwen cache test 64/128
[2026-09-06 18:07:06] qwen cache test 65/128
[2026-09-06 18:07:06] qwen cache test 66/128
[2026-09-06 18:07:06] qwen cache test 67/128
[2026-09-06 18:07:07] qwen cache test 68/128
[2026-09-06 18:07:07] qwen cache test 69/128
[2026-09-06 18:07:07] qwen cache test 70/128
[2026-09-06 18:07:07] qwen cache test 71/128
[2026-09-06 18:07:07] qwen cache test 72/128
[2026-09-06 18:07:07] qwen cache test 73/128
[2026-09-06 18:07:07] qwen cache test 74/128
[2026-09-06 18:07:08] qwen cache test 75/128
[2026-09-06 18:07:08] qwen cache test 76/128
[2026-09-06 18:07:08] qwen cache test 77/128
[2026-09-06 18:07:08] qwen cache test 78/128
[2026-09-06 18:07:08] qwen cache test 79/128
[2026-09-06 18:07:08] qwen cache test 80/128
[2026-09-06 18:07:09] qwen cache test 81/128
[2026-09-06 18:07:09] qwen cache test 82/128
[2026-09-06 18:07:09] qwen cache test 83/128
[2026-09-06 18:07:09] qwen cache test 84/128
[2026-09-06 18:07:09] qwen cache test 85/128
[2026-09-06 18:07:09] qwen cache test 86/128
[2026-09-06 18:07:10] qwen cache test 87/128
[2026-09-06 18:07:10] qwen cache test 88/128
[2026-09-06 18:07:10] qwen cache test 89/128
[2026-09-06 18:07:10] qwen cache test 90/128
[2026-09-06 18:07:10] qwen cache test 91/128
[2026-09-06 18:07:10] qwen cache test 92/128
[2026-09-06 18:07:10] qwen cache test 93/128
[2026-09-06 18:07:11] qwen cache test 94/128
[2026-09-06 18:07:11] qwen cache test 95/128
[2026-09-06 18:07:11] qwen cache test 96/128
[2026-09-06 18:07:11] qwen cache test 97/128
[2026-09-06 18:07:11] qwen cache test 98/128
[2026-09-06 18:07:11] qwen cache test 99/128
[2026-09-06 18:07:11] qwen cache test 100/128
[2026-09-06 18:07:12] qwen cache test 101/128
[2026-09-06 18:07:12] qwen cache test 102/128
[2026-09-06 18:07:12] qwen cache test 103/128
[2026-09-06 18:07:12] qwen cache test 104/128
[2026-09-06 18:07:12] qwen cache test 105/128
[2026-09-06 18:07:12] qwen cache test 106/128
[2026-09-06 18:07:12] qwen cache test 107/128
[2026-09-06 18:07:13] qwen cache test 108/128
[2026-09-06 18:07:13] qwen cache test 109/128
[2026-09-06 18:07:13] qwen cache test 110/128
[2026-09-06 18:07:13] qwen cache test 111/128
[2026-09-06 18:07:13] qwen cache test 112/128
[2026-09-06 18:07:13] qwen cache test 113/128
[2026-09-06 18:07:14] qwen cache test 114/128
[2026-09-06 18:07:14] qwen cache test 115/128
[2026-09-06 18:07:14] qwen cache test 116/128
[2026-09-06 18:07:14] qwen cache test 117/128
[2026-09-06 18:07:14] qwen cache test 118/128
[2026-09-06 18:07:14] qwen cache test 119/128
[2026-09-06 18:07:14] qwen cache test 120/128
[2026-09-06 18:07:15] qwen cache test 121/128
[2026-09-06 18:07:15] qwen cache test 122/128
[2026-09-06 18:07:15] qwen cache test 123/128
[2026-09-06 18:07:15] qwen cache test 124/128
[2026-09-06 18:07:15] qwen cache test 125/128
[2026-09-06 18:07:15] qwen cache test 126/128
[2026-09-06 18:07:16] qwen cache test 127/128
[2026-09-06 18:07:16] qwen cache test 128/128
[2026-09-06 18:07:17] DONE cache_qwen
[2026-09-06 18:07:17] START cache_llama
Loading weights:   0%|          | 0/254 [00:00<?, ?it/s]Loading weights:   0%|          | 1/254 [00:00<00:59,  4.28it/s]Loading weights:  51%|█████     | 129/254 [00:00<00:00, 483.47it/s]Loading weights:  80%|███████▉  | 203/254 [00:00<00:00, 483.49it/s]Loading weights: 100%|██████████| 254/254 [00:00<00:00, 438.99it/s]
[2026-09-06 18:07:26] llama cache train 1/1024
[2026-09-06 18:07:26] llama cache train 2/1024
[2026-09-06 18:07:26] llama cache train 3/1024
[2026-09-06 18:07:26] llama cache train 4/1024
[2026-09-06 18:07:26] llama cache train 5/1024
[2026-09-06 18:07:26] llama cache train 6/1024
[2026-09-06 18:07:27] llama cache train 7/1024
[2026-09-06 18:07:27] llama cache train 8/1024
[2026-09-06 18:07:27] llama cache train 9/1024
[2026-09-06 18:07:27] llama cache train 10/1024
[2026-09-06 18:07:27] llama cache train 11/1024
[2026-09-06 18:07:27] llama cache train 12/1024
[2026-09-06 18:07:27] llama cache train 13/1024
[2026-09-06 18:07:27] llama cache train 14/1024
[2026-09-06 18:07:27] llama cache train 15/1024
[2026-09-06 18:07:27] llama cache train 16/1024
[2026-09-06 18:07:28] llama cache train 17/1024
[2026-09-06 18:07:28] llama cache train 18/1024
[2026-09-06 18:07:28] llama cache train 19/1024
[2026-09-06 18:07:28] llama cache train 20/1024
[2026-09-06 18:07:28] llama cache train 21/1024
[2026-09-06 18:07:28] llama cache train 22/1024
[2026-09-06 18:07:28] llama cache train 23/1024
[2026-09-06 18:07:28] llama cache train 24/1024
[2026-09-06 18:07:28] llama cache train 25/1024
[2026-09-06 18:07:28] llama cache train 26/1024
[2026-09-06 18:07:29] llama cache train 27/1024
[2026-09-06 18:07:29] llama cache train 28/1024
[2026-09-06 18:07:29] llama cache train 29/1024
[2026-09-06 18:07:29] llama cache train 30/1024
[2026-09-06 18:07:29] llama cache train 31/1024
[2026-09-06 18:07:29] llama cache train 32/1024
[2026-09-06 18:07:29] llama cache train 33/1024
[2026-09-06 18:07:29] llama cache train 34/1024
[2026-09-06 18:07:29] llama cache train 35/1024
[2026-09-06 18:07:29] llama cache train 36/1024
[2026-09-06 18:07:30] llama cache train 37/1024
[2026-09-06 18:07:30] llama cache train 38/1024
[2026-09-06 18:07:30] llama cache train 39/1024
[2026-09-06 18:07:30] llama cache train 40/1024
[2026-09-06 18:07:30] llama cache train 41/1024
[2026-09-06 18:07:30] llama cache train 42/1024
[2026-09-06 18:07:30] llama cache train 43/1024
[2026-09-06 18:07:30] llama cache train 44/1024
[2026-09-06 18:07:30] llama cache train 45/1024
[2026-09-06 18:07:30] llama cache train 46/1024
[2026-09-06 18:07:31] llama cache train 47/1024
[2026-09-06 18:07:31] llama cache train 48/1024
[2026-09-06 18:07:31] llama cache train 49/1024
[2026-09-06 18:07:31] llama cache train 50/1024
[2026-09-06 18:07:31] llama cache train 51/1024
[2026-09-06 18:07:31] llama cache train 52/1024
[2026-09-06 18:07:31] llama cache train 53/1024
[2026-09-06 18:07:31] llama cache train 54/1024
[2026-09-06 18:07:31] llama cache train 55/1024
[2026-09-06 18:07:31] llama cache train 56/1024
[2026-09-06 18:07:32] llama cache train 57/1024
[2026-09-06 18:07:32] llama cache train 58/1024
[2026-09-06 18:07:32] llama cache train 59/1024
[2026-09-06 18:07:32] llama cache train 60/1024
[2026-09-06 18:07:32] llama cache train 61/1024
[2026-09-06 18:07:32] llama cache train 62/1024
[2026-09-06 18:07:32] llama cache train 63/1024
[2026-09-06 18:07:32] llama cache train 64/1024
[2026-09-06 18:07:32] llama cache train 65/1024
[2026-09-06 18:07:32] llama cache train 66/1024
[2026-09-06 18:07:33] llama cache train 67/1024
[2026-09-06 18:07:33] llama cache train 68/1024
[2026-09-06 18:07:33] llama cache train 69/1024
[2026-09-06 18:07:33] llama cache train 70/1024
[2026-09-06 18:07:33] llama cache train 71/1024
[2026-09-06 18:07:33] llama cache train 72/1024
[2026-09-06 18:07:33] llama cache train 73/1024
[2026-09-06 18:07:33] llama cache train 74/1024
[2026-09-06 18:07:33] llama cache train 75/1024
[2026-09-06 18:07:33] llama cache train 76/1024
[2026-09-06 18:07:34] llama cache train 77/1024
[2026-09-06 18:07:34] llama cache train 78/1024
[2026-09-06 18:07:34] llama cache train 79/1024
[2026-09-06 18:07:34] llama cache train 80/1024
[2026-09-06 18:07:34] llama cache train 81/1024
[2026-09-06 18:07:34] llama cache train 82/1024
[2026-09-06 18:07:34] llama cache train 83/1024
[2026-09-06 18:07:34] llama cache train 84/1024
[2026-09-06 18:07:34] llama cache train 85/1024
[2026-09-06 18:07:34] llama cache train 86/1024
[2026-09-06 18:07:35] llama cache train 87/1024
[2026-09-06 18:07:35] llama cache train 88/1024
[2026-09-06 18:07:35] llama cache train 89/1024
[2026-09-06 18:07:35] llama cache train 90/1024
[2026-09-06 18:07:35] llama cache train 91/1024
[2026-09-06 18:07:35] llama cache train 92/1024
[2026-09-06 18:07:35] llama cache train 93/1024
[2026-09-06 18:07:35] llama cache train 94/1024
[2026-09-06 18:07:35] llama cache train 95/1024
[2026-09-06 18:07:35] llama cache train 96/1024
[2026-09-06 18:07:36] llama cache train 97/1024
[2026-09-06 18:07:36] llama cache train 98/1024
[2026-09-06 18:07:36] llama cache train 99/1024
[2026-09-06 18:07:36] llama cache train 100/1024
[2026-09-06 18:07:36] llama cache train 101/1024
[2026-09-06 18:07:36] llama cache train 102/1024
[2026-09-06 18:07:36] llama cache train 103/1024
[2026-09-06 18:07:36] llama cache train 104/1024
[2026-09-06 18:07:37] llama cache train 105/1024
[2026-09-06 18:07:37] llama cache train 106/1024
[2026-09-06 18:07:37] llama cache train 107/1024
[2026-09-06 18:07:37] llama cache train 108/1024
[2026-09-06 18:07:37] llama cache train 109/1024
[2026-09-06 18:07:37] llama cache train 110/1024
[2026-09-06 18:07:37] llama cache train 111/1024
[2026-09-06 18:07:37] llama cache train 112/1024
[2026-09-06 18:07:37] llama cache train 113/1024
[2026-09-06 18:07:37] llama cache train 114/1024
[2026-09-06 18:07:38] llama cache train 115/1024
[2026-09-06 18:07:38] llama cache train 116/1024
[2026-09-06 18:07:38] llama cache train 117/1024
[2026-09-06 18:07:38] llama cache train 118/1024
[2026-09-06 18:07:38] llama cache train 119/1024
[2026-09-06 18:07:38] llama cache train 120/1024
[2026-09-06 18:07:38] llama cache train 121/1024
[2026-09-06 18:07:38] llama cache train 122/1024
[2026-09-06 18:07:38] llama cache train 123/1024
[2026-09-06 18:07:38] llama cache train 124/1024
[2026-09-06 18:07:39] llama cache train 125/1024
[2026-09-06 18:07:39] llama cache train 126/1024
[2026-09-06 18:07:39] llama cache train 127/1024
[2026-09-06 18:07:39] llama cache train 128/1024
[2026-09-06 18:07:39] llama cache train 129/1024
[2026-09-06 18:07:39] llama cache train 130/1024
[2026-09-06 18:07:39] llama cache train 131/1024
[2026-09-06 18:07:39] llama cache train 132/1024
[2026-09-06 18:07:39] llama cache train 133/1024
[2026-09-06 18:07:39] llama cache train 134/1024
[2026-09-06 18:07:40] llama cache train 135/1024
[2026-09-06 18:07:40] llama cache train 136/1024
[2026-09-06 18:07:40] llama cache train 137/1024
[2026-09-06 18:07:40] llama cache train 138/1024
[2026-09-06 18:07:40] llama cache train 139/1024
[2026-09-06 18:07:40] llama cache train 140/1024
[2026-09-06 18:07:40] llama cache train 141/1024
[2026-09-06 18:07:40] llama cache train 142/1024
[2026-09-06 18:07:40] llama cache train 143/1024
[2026-09-06 18:07:40] llama cache train 144/1024
[2026-09-06 18:07:41] llama cache train 145/1024
[2026-09-06 18:07:41] llama cache train 146/1024
[2026-09-06 18:07:41] llama cache train 147/1024
[2026-09-06 18:07:41] llama cache train 148/1024
[2026-09-06 18:07:41] llama cache train 149/1024
[2026-09-06 18:07:41] llama cache train 150/1024
[2026-09-06 18:07:41] llama cache train 151/1024
[2026-09-06 18:07:41] llama cache train 152/1024
[2026-09-06 18:07:41] llama cache train 153/1024
[2026-09-06 18:07:42] llama cache train 154/1024
[2026-09-06 18:07:42] llama cache train 155/1024
[2026-09-06 18:07:42] llama cache train 156/1024
[2026-09-06 18:07:42] llama cache train 157/1024
[2026-09-06 18:07:42] llama cache train 158/1024
[2026-09-06 18:07:42] llama cache train 159/1024
[2026-09-06 18:07:42] llama cache train 160/1024
[2026-09-06 18:07:42] llama cache train 161/1024
[2026-09-06 18:07:42] llama cache train 162/1024
[2026-09-06 18:07:43] llama cache train 163/1024
[2026-09-06 18:07:43] llama cache train 164/1024
[2026-09-06 18:07:43] llama cache train 165/1024
[2026-09-06 18:07:43] llama cache train 166/1024
[2026-09-06 18:07:43] llama cache train 167/1024
[2026-09-06 18:07:43] llama cache train 168/1024
[2026-09-06 18:07:43] llama cache train 169/1024
[2026-09-06 18:07:43] llama cache train 170/1024
[2026-09-06 18:07:43] llama cache train 171/1024
[2026-09-06 18:07:43] llama cache train 172/1024
[2026-09-06 18:07:43] llama cache train 173/1024
[2026-09-06 18:07:44] llama cache train 174/1024
[2026-09-06 18:07:44] llama cache train 175/1024
[2026-09-06 18:07:44] llama cache train 176/1024
[2026-09-06 18:07:44] llama cache train 177/1024
[2026-09-06 18:07:44] llama cache train 178/1024
[2026-09-06 18:07:44] llama cache train 179/1024
[2026-09-06 18:07:44] llama cache train 180/1024
[2026-09-06 18:07:44] llama cache train 181/1024
[2026-09-06 18:07:44] llama cache train 182/1024
[2026-09-06 18:07:44] llama cache train 183/1024
[2026-09-06 18:07:45] llama cache train 184/1024
[2026-09-06 18:07:45] llama cache train 185/1024
[2026-09-06 18:07:45] llama cache train 186/1024
[2026-09-06 18:07:45] llama cache train 187/1024
[2026-09-06 18:07:45] llama cache train 188/1024
[2026-09-06 18:07:45] llama cache train 189/1024
[2026-09-06 18:07:45] llama cache train 190/1024
[2026-09-06 18:07:45] llama cache train 191/1024
[2026-09-06 18:07:45] llama cache train 192/1024
[2026-09-06 18:07:45] llama cache train 193/1024
[2026-09-06 18:07:46] llama cache train 194/1024
[2026-09-06 18:07:46] llama cache train 195/1024
[2026-09-06 18:07:46] llama cache train 196/1024
[2026-09-06 18:07:46] llama cache train 197/1024
[2026-09-06 18:07:46] llama cache train 198/1024
[2026-09-06 18:07:46] llama cache train 199/1024
[2026-09-06 18:07:46] llama cache train 200/1024
[2026-09-06 18:07:46] llama cache train 201/1024
[2026-09-06 18:07:46] llama cache train 202/1024
[2026-09-06 18:07:46] llama cache train 203/1024
[2026-09-06 18:07:47] llama cache train 204/1024
[2026-09-06 18:07:47] llama cache train 205/1024
[2026-09-06 18:07:47] llama cache train 206/1024
[2026-09-06 18:07:47] llama cache train 207/1024
[2026-09-06 18:07:47] llama cache train 208/1024
[2026-09-06 18:07:47] llama cache train 209/1024
[2026-09-06 18:07:47] llama cache train 210/1024
[2026-09-06 18:07:47] llama cache train 211/1024
[2026-09-06 18:07:47] llama cache train 212/1024
[2026-09-06 18:07:47] llama cache train 213/1024
[2026-09-06 18:07:47] llama cache train 214/1024
[2026-09-06 18:07:48] llama cache train 215/1024
[2026-09-06 18:07:48] llama cache train 216/1024
[2026-09-06 18:07:48] llama cache train 217/1024
[2026-09-06 18:07:48] llama cache train 218/1024
[2026-09-06 18:07:48] llama cache train 219/1024
[2026-09-06 18:07:48] llama cache train 220/1024
[2026-09-06 18:07:48] llama cache train 221/1024
[2026-09-06 18:07:48] llama cache train 222/1024
[2026-09-06 18:07:48] llama cache train 223/1024
[2026-09-06 18:07:48] llama cache train 224/1024
[2026-09-06 18:07:48] llama cache train 225/1024
[2026-09-06 18:07:49] llama cache train 226/1024
[2026-09-06 18:07:49] llama cache train 227/1024
[2026-09-06 18:07:49] llama cache train 228/1024
[2026-09-06 18:07:49] llama cache train 229/1024
[2026-09-06 18:07:49] llama cache train 230/1024
[2026-09-06 18:07:49] llama cache train 231/1024
[2026-09-06 18:07:49] llama cache train 232/1024
[2026-09-06 18:07:49] llama cache train 233/1024
[2026-09-06 18:07:49] llama cache train 234/1024
[2026-09-06 18:07:49] llama cache train 235/1024
[2026-09-06 18:07:50] llama cache train 236/1024
[2026-09-06 18:07:50] llama cache train 237/1024
[2026-09-06 18:07:50] llama cache train 238/1024
[2026-09-06 18:07:50] llama cache train 239/1024
[2026-09-06 18:07:50] llama cache train 240/1024
[2026-09-06 18:07:50] llama cache train 241/1024
[2026-09-06 18:07:50] llama cache train 242/1024
[2026-09-06 18:07:50] llama cache train 243/1024
[2026-09-06 18:07:50] llama cache train 244/1024
[2026-09-06 18:07:50] llama cache train 245/1024
[2026-09-06 18:07:51] llama cache train 246/1024
[2026-09-06 18:07:51] llama cache train 247/1024
[2026-09-06 18:07:51] llama cache train 248/1024
[2026-09-06 18:07:51] llama cache train 249/1024
[2026-09-06 18:07:51] llama cache train 250/1024
[2026-09-06 18:07:51] llama cache train 251/1024
[2026-09-06 18:07:51] llama cache train 252/1024
[2026-09-06 18:07:51] llama cache train 253/1024
[2026-09-06 18:07:51] llama cache train 254/1024
[2026-09-06 18:07:51] llama cache train 255/1024
[2026-09-06 18:07:52] llama cache train 256/1024
[2026-09-06 18:07:52] llama cache train 257/1024
[2026-09-06 18:07:52] llama cache train 258/1024
[2026-09-06 18:07:52] llama cache train 259/1024
[2026-09-06 18:07:52] llama cache train 260/1024
[2026-09-06 18:07:52] llama cache train 261/1024
[2026-09-06 18:07:52] llama cache train 262/1024
[2026-09-06 18:07:52] llama cache train 263/1024
[2026-09-06 18:07:52] llama cache train 264/1024
[2026-09-06 18:07:52] llama cache train 265/1024
[2026-09-06 18:07:52] llama cache train 266/1024
[2026-09-06 18:07:53] llama cache train 267/1024
[2026-09-06 18:07:53] llama cache train 268/1024
[2026-09-06 18:07:53] llama cache train 269/1024
[2026-09-06 18:07:53] llama cache train 270/1024
[2026-09-06 18:07:53] llama cache train 271/1024
[2026-09-06 18:07:53] llama cache train 272/1024
[2026-09-06 18:07:53] llama cache train 273/1024
[2026-09-06 18:07:53] llama cache train 274/1024
[2026-09-06 18:07:53] llama cache train 275/1024
[2026-09-06 18:07:53] llama cache train 276/1024
[2026-09-06 18:07:53] llama cache train 277/1024
[2026-09-06 18:07:54] llama cache train 278/1024
[2026-09-06 18:07:54] llama cache train 279/1024
[2026-09-06 18:07:54] llama cache train 280/1024
[2026-09-06 18:07:54] llama cache train 281/1024
[2026-09-06 18:07:54] llama cache train 282/1024
[2026-09-06 18:07:54] llama cache train 283/1024
[2026-09-06 18:07:54] llama cache train 284/1024
[2026-09-06 18:07:54] llama cache train 285/1024
[2026-09-06 18:07:54] llama cache train 286/1024
[2026-09-06 18:07:54] llama cache train 287/1024
[2026-09-06 18:07:55] llama cache train 288/1024
[2026-09-06 18:07:55] llama cache train 289/1024
[2026-09-06 18:07:55] llama cache train 290/1024
[2026-09-06 18:07:55] llama cache train 291/1024
[2026-09-06 18:07:55] llama cache train 292/1024
[2026-09-06 18:07:55] llama cache train 293/1024
[2026-09-06 18:07:55] llama cache train 294/1024
[2026-09-06 18:07:55] llama cache train 295/1024
[2026-09-06 18:07:55] llama cache train 296/1024
[2026-09-06 18:07:55] llama cache train 297/1024
[2026-09-06 18:07:55] llama cache train 298/1024
[2026-09-06 18:07:56] llama cache train 299/1024
[2026-09-06 18:07:56] llama cache train 300/1024
[2026-09-06 18:07:56] llama cache train 301/1024
[2026-09-06 18:07:56] llama cache train 302/1024
[2026-09-06 18:07:56] llama cache train 303/1024
[2026-09-06 18:07:56] llama cache train 304/1024
[2026-09-06 18:07:56] llama cache train 305/1024
[2026-09-06 18:07:56] llama cache train 306/1024
[2026-09-06 18:07:56] llama cache train 307/1024
[2026-09-06 18:07:56] llama cache train 308/1024
[2026-09-06 18:07:57] llama cache train 309/1024
[2026-09-06 18:07:57] llama cache train 310/1024
[2026-09-06 18:07:57] llama cache train 311/1024
[2026-09-06 18:07:57] llama cache train 312/1024
[2026-09-06 18:07:57] llama cache train 313/1024
[2026-09-06 18:07:57] llama cache train 314/1024
[2026-09-06 18:07:57] llama cache train 315/1024
[2026-09-06 18:07:57] llama cache train 316/1024
[2026-09-06 18:07:57] llama cache train 317/1024
[2026-09-06 18:07:57] llama cache train 318/1024
[2026-09-06 18:07:58] llama cache train 319/1024
[2026-09-06 18:07:58] llama cache train 320/1024
[2026-09-06 18:07:58] llama cache train 321/1024
[2026-09-06 18:07:58] llama cache train 322/1024
[2026-09-06 18:07:58] llama cache train 323/1024
[2026-09-06 18:07:58] llama cache train 324/1024
[2026-09-06 18:07:58] llama cache train 325/1024
[2026-09-06 18:07:58] llama cache train 326/1024
[2026-09-06 18:07:59] llama cache train 327/1024
[2026-09-06 18:07:59] llama cache train 328/1024
[2026-09-06 18:07:59] llama cache train 329/1024
[2026-09-06 18:07:59] llama cache train 330/1024
[2026-09-06 18:07:59] llama cache train 331/1024
[2026-09-06 18:07:59] llama cache train 332/1024
[2026-09-06 18:07:59] llama cache train 333/1024
[2026-09-06 18:07:59] llama cache train 334/1024
[2026-09-06 18:07:59] llama cache train 335/1024
[2026-09-06 18:07:59] llama cache train 336/1024
[2026-09-06 18:08:00] llama cache train 337/1024
[2026-09-06 18:08:00] llama cache train 338/1024
[2026-09-06 18:08:00] llama cache train 339/1024
[2026-09-06 18:08:00] llama cache train 340/1024
[2026-09-06 18:08:00] llama cache train 341/1024
[2026-09-06 18:08:00] llama cache train 342/1024
[2026-09-06 18:08:00] llama cache train 343/1024
[2026-09-06 18:08:00] llama cache train 344/1024
[2026-09-06 18:08:00] llama cache train 345/1024
[2026-09-06 18:08:00] llama cache train 346/1024
[2026-09-06 18:08:01] llama cache train 347/1024
[2026-09-06 18:08:01] llama cache train 348/1024
[2026-09-06 18:08:01] llama cache train 349/1024
[2026-09-06 18:08:01] llama cache train 350/1024
[2026-09-06 18:08:01] llama cache train 351/1024
[2026-09-06 18:08:01] llama cache train 352/1024
[2026-09-06 18:08:01] llama cache train 353/1024
[2026-09-06 18:08:01] llama cache train 354/1024
[2026-09-06 18:08:01] llama cache train 355/1024
[2026-09-06 18:08:01] llama cache train 356/1024
[2026-09-06 18:08:02] llama cache train 357/1024
[2026-09-06 18:08:02] llama cache train 358/1024
[2026-09-06 18:08:02] llama cache train 359/1024
[2026-09-06 18:08:02] llama cache train 360/1024
[2026-09-06 18:08:02] llama cache train 361/1024
[2026-09-06 18:08:02] llama cache train 362/1024
[2026-09-06 18:08:02] llama cache train 363/1024
[2026-09-06 18:08:02] llama cache train 364/1024
[2026-09-06 18:08:02] llama cache train 365/1024
[2026-09-06 18:08:03] llama cache train 366/1024
[2026-09-06 18:08:03] llama cache train 367/1024
[2026-09-06 18:08:03] llama cache train 368/1024
[2026-09-06 18:08:03] llama cache train 369/1024
[2026-09-06 18:08:03] llama cache train 370/1024
[2026-09-06 18:08:03] llama cache train 371/1024
[2026-09-06 18:08:03] llama cache train 372/1024
[2026-09-06 18:08:03] llama cache train 373/1024
[2026-09-06 18:08:03] llama cache train 374/1024
[2026-09-06 18:08:03] llama cache train 375/1024
[2026-09-06 18:08:04] llama cache train 376/1024
[2026-09-06 18:08:04] llama cache train 377/1024
[2026-09-06 18:08:04] llama cache train 378/1024
[2026-09-06 18:08:04] llama cache train 379/1024
[2026-09-06 18:08:04] llama cache train 380/1024
[2026-09-06 18:08:04] llama cache train 381/1024
[2026-09-06 18:08:04] llama cache train 382/1024
[2026-09-06 18:08:04] llama cache train 383/1024
[2026-09-06 18:08:04] llama cache train 384/1024
[2026-09-06 18:08:05] llama cache train 385/1024
[2026-09-06 18:08:05] llama cache train 386/1024
[2026-09-06 18:08:05] llama cache train 387/1024
[2026-09-06 18:08:05] llama cache train 388/1024
[2026-09-06 18:08:05] llama cache train 389/1024
[2026-09-06 18:08:05] llama cache train 390/1024
[2026-09-06 18:08:05] llama cache train 391/1024
[2026-09-06 18:08:05] llama cache train 392/1024
[2026-09-06 18:08:06] llama cache train 393/1024
[2026-09-06 18:08:06] llama cache train 394/1024
[2026-09-06 18:08:06] llama cache train 395/1024
[2026-09-06 18:08:06] llama cache train 396/1024
[2026-09-06 18:08:06] llama cache train 397/1024
[2026-09-06 18:08:06] llama cache train 398/1024
[2026-09-06 18:08:06] llama cache train 399/1024
[2026-09-06 18:08:06] llama cache train 400/1024
[2026-09-06 18:08:06] llama cache train 401/1024
[2026-09-06 18:08:06] llama cache train 402/1024
[2026-09-06 18:08:07] llama cache train 403/1024
[2026-09-06 18:08:07] llama cache train 404/1024
[2026-09-06 18:08:07] llama cache train 405/1024
[2026-09-06 18:08:07] llama cache train 406/1024
[2026-09-06 18:08:07] llama cache train 407/1024
[2026-09-06 18:08:07] llama cache train 408/1024
[2026-09-06 18:08:07] llama cache train 409/1024
[2026-09-06 18:08:07] llama cache train 410/1024
[2026-09-06 18:08:07] llama cache train 411/1024
[2026-09-06 18:08:07] llama cache train 412/1024
[2026-09-06 18:08:07] llama cache train 413/1024
[2026-09-06 18:08:08] llama cache train 414/1024
[2026-09-06 18:08:08] llama cache train 415/1024
[2026-09-06 18:08:08] llama cache train 416/1024
[2026-09-06 18:08:08] llama cache train 417/1024
[2026-09-06 18:08:08] llama cache train 418/1024
[2026-09-06 18:08:08] llama cache train 419/1024
[2026-09-06 18:08:08] llama cache train 420/1024
[2026-09-06 18:08:08] llama cache train 421/1024
[2026-09-06 18:08:08] llama cache train 422/1024
[2026-09-06 18:08:09] llama cache train 423/1024
[2026-09-06 18:08:09] llama cache train 424/1024
[2026-09-06 18:08:09] llama cache train 425/1024
[2026-09-06 18:08:09] llama cache train 426/1024
[2026-09-06 18:08:09] llama cache train 427/1024
[2026-09-06 18:08:09] llama cache train 428/1024
[2026-09-06 18:08:09] llama cache train 429/1024
[2026-09-06 18:08:09] llama cache train 430/1024
[2026-09-06 18:08:09] llama cache train 431/1024
[2026-09-06 18:08:09] llama cache train 432/1024
[2026-09-06 18:08:10] llama cache train 433/1024
[2026-09-06 18:08:10] llama cache train 434/1024
[2026-09-06 18:08:10] llama cache train 435/1024
[2026-09-06 18:08:10] llama cache train 436/1024
[2026-09-06 18:08:10] llama cache train 437/1024
[2026-09-06 18:08:10] llama cache train 438/1024
[2026-09-06 18:08:10] llama cache train 439/1024
[2026-09-06 18:08:10] llama cache train 440/1024
[2026-09-06 18:08:10] llama cache train 441/1024
[2026-09-06 18:08:10] llama cache train 442/1024
[2026-09-06 18:08:11] llama cache train 443/1024
[2026-09-06 18:08:11] llama cache train 444/1024
[2026-09-06 18:08:11] llama cache train 445/1024
[2026-09-06 18:08:11] llama cache train 446/1024
[2026-09-06 18:08:11] llama cache train 447/1024
[2026-09-06 18:08:11] llama cache train 448/1024
[2026-09-06 18:08:11] llama cache train 449/1024
[2026-09-06 18:08:11] llama cache train 450/1024
[2026-09-06 18:08:11] llama cache train 451/1024
[2026-09-06 18:08:11] llama cache train 452/1024
[2026-09-06 18:08:12] llama cache train 453/1024
[2026-09-06 18:08:12] llama cache train 454/1024
[2026-09-06 18:08:12] llama cache train 455/1024
[2026-09-06 18:08:12] llama cache train 456/1024
[2026-09-06 18:08:12] llama cache train 457/1024
[2026-09-06 18:08:12] llama cache train 458/1024
[2026-09-06 18:08:12] llama cache train 459/1024
[2026-09-06 18:08:12] llama cache train 460/1024
[2026-09-06 18:08:12] llama cache train 461/1024
[2026-09-06 18:08:13] llama cache train 462/1024
[2026-09-06 18:08:13] llama cache train 463/1024
[2026-09-06 18:08:13] llama cache train 464/1024
[2026-09-06 18:08:13] llama cache train 465/1024
[2026-09-06 18:08:13] llama cache train 466/1024
[2026-09-06 18:08:13] llama cache train 467/1024
[2026-09-06 18:08:13] llama cache train 468/1024
[2026-09-06 18:08:13] llama cache train 469/1024
[2026-09-06 18:08:13] llama cache train 470/1024
[2026-09-06 18:08:13] llama cache train 471/1024
[2026-09-06 18:08:14] llama cache train 472/1024
[2026-09-06 18:08:14] llama cache train 473/1024
[2026-09-06 18:08:14] llama cache train 474/1024
[2026-09-06 18:08:14] llama cache train 475/1024
[2026-09-06 18:08:14] llama cache train 476/1024
[2026-09-06 18:08:14] llama cache train 477/1024
[2026-09-06 18:08:14] llama cache train 478/1024
[2026-09-06 18:08:14] llama cache train 479/1024
[2026-09-06 18:08:14] llama cache train 480/1024
[2026-09-06 18:08:14] llama cache train 481/1024
[2026-09-06 18:08:15] llama cache train 482/1024
[2026-09-06 18:08:15] llama cache train 483/1024
[2026-09-06 18:08:15] llama cache train 484/1024
[2026-09-06 18:08:15] llama cache train 485/1024
[2026-09-06 18:08:15] llama cache train 486/1024
[2026-09-06 18:08:15] llama cache train 487/1024
[2026-09-06 18:08:15] llama cache train 488/1024
[2026-09-06 18:08:15] llama cache train 489/1024
[2026-09-06 18:08:15] llama cache train 490/1024
[2026-09-06 18:08:16] llama cache train 491/1024
[2026-09-06 18:08:16] llama cache train 492/1024
[2026-09-06 18:08:16] llama cache train 493/1024
[2026-09-06 18:08:16] llama cache train 494/1024
[2026-09-06 18:08:16] llama cache train 495/1024
[2026-09-06 18:08:16] llama cache train 496/1024
[2026-09-06 18:08:16] llama cache train 497/1024
[2026-09-06 18:08:16] llama cache train 498/1024
[2026-09-06 18:08:17] llama cache train 499/1024
[2026-09-06 18:08:17] llama cache train 500/1024
[2026-09-06 18:08:17] llama cache train 501/1024
[2026-09-06 18:08:17] llama cache train 502/1024
[2026-09-06 18:08:17] llama cache train 503/1024
[2026-09-06 18:08:17] llama cache train 504/1024
[2026-09-06 18:08:17] llama cache train 505/1024
[2026-09-06 18:08:17] llama cache train 506/1024
[2026-09-06 18:08:18] llama cache train 507/1024
[2026-09-06 18:08:18] llama cache train 508/1024
[2026-09-06 18:08:18] llama cache train 509/1024
[2026-09-06 18:08:18] llama cache train 510/1024
[2026-09-06 18:08:18] llama cache train 511/1024
[2026-09-06 18:08:18] llama cache train 512/1024
[2026-09-06 18:08:18] llama cache train 513/1024
[2026-09-06 18:08:18] llama cache train 514/1024
[2026-09-06 18:08:18] llama cache train 515/1024
[2026-09-06 18:08:19] llama cache train 516/1024
[2026-09-06 18:08:19] llama cache train 517/1024
[2026-09-06 18:08:19] llama cache train 518/1024
[2026-09-06 18:08:19] llama cache train 519/1024
[2026-09-06 18:08:19] llama cache train 520/1024
[2026-09-06 18:08:19] llama cache train 521/1024
[2026-09-06 18:08:19] llama cache train 522/1024
[2026-09-06 18:08:19] llama cache train 523/1024
[2026-09-06 18:08:19] llama cache train 524/1024
[2026-09-06 18:08:20] llama cache train 525/1024
[2026-09-06 18:08:20] llama cache train 526/1024
[2026-09-06 18:08:20] llama cache train 527/1024
[2026-09-06 18:08:20] llama cache train 528/1024
[2026-09-06 18:08:20] llama cache train 529/1024
[2026-09-06 18:08:20] llama cache train 530/1024
[2026-09-06 18:08:20] llama cache train 531/1024
[2026-09-06 18:08:20] llama cache train 532/1024
[2026-09-06 18:08:20] llama cache train 533/1024
[2026-09-06 18:08:21] llama cache train 534/1024
[2026-09-06 18:08:21] llama cache train 535/1024
[2026-09-06 18:08:21] llama cache train 536/1024
[2026-09-06 18:08:21] llama cache train 537/1024
[2026-09-06 18:08:21] llama cache train 538/1024
[2026-09-06 18:08:21] llama cache train 539/1024
[2026-09-06 18:08:21] llama cache train 540/1024
[2026-09-06 18:08:21] llama cache train 541/1024
[2026-09-06 18:08:21] llama cache train 542/1024
[2026-09-06 18:08:22] llama cache train 543/1024
[2026-09-06 18:08:22] llama cache train 544/1024
[2026-09-06 18:08:22] llama cache train 545/1024
[2026-09-06 18:08:22] llama cache train 546/1024
[2026-09-06 18:08:22] llama cache train 547/1024
[2026-09-06 18:08:22] llama cache train 548/1024
[2026-09-06 18:08:22] llama cache train 549/1024
[2026-09-06 18:08:22] llama cache train 550/1024
[2026-09-06 18:08:22] llama cache train 551/1024
[2026-09-06 18:08:22] llama cache train 552/1024
[2026-09-06 18:08:23] llama cache train 553/1024
[2026-09-06 18:08:23] llama cache train 554/1024
[2026-09-06 18:08:23] llama cache train 555/1024
[2026-09-06 18:08:23] llama cache train 556/1024
[2026-09-06 18:08:23] llama cache train 557/1024
[2026-09-06 18:08:23] llama cache train 558/1024
[2026-09-06 18:08:23] llama cache train 559/1024
[2026-09-06 18:08:23] llama cache train 560/1024
[2026-09-06 18:08:23] llama cache train 561/1024
[2026-09-06 18:08:23] llama cache train 562/1024
[2026-09-06 18:08:24] llama cache train 563/1024
[2026-09-06 18:08:24] llama cache train 564/1024
[2026-09-06 18:08:24] llama cache train 565/1024
[2026-09-06 18:08:24] llama cache train 566/1024
[2026-09-06 18:08:24] llama cache train 567/1024
[2026-09-06 18:08:24] llama cache train 568/1024
[2026-09-06 18:08:24] llama cache train 569/1024
[2026-09-06 18:08:24] llama cache train 570/1024
[2026-09-06 18:08:24] llama cache train 571/1024
[2026-09-06 18:08:25] llama cache train 572/1024
[2026-09-06 18:08:25] llama cache train 573/1024
[2026-09-06 18:08:25] llama cache train 574/1024
[2026-09-06 18:08:25] llama cache train 575/1024
[2026-09-06 18:08:25] llama cache train 576/1024
[2026-09-06 18:08:25] llama cache train 577/1024
[2026-09-06 18:08:25] llama cache train 578/1024
[2026-09-06 18:08:25] llama cache train 579/1024
[2026-09-06 18:08:25] llama cache train 580/1024
[2026-09-06 18:08:25] llama cache train 581/1024
[2026-09-06 18:08:26] llama cache train 582/1024
[2026-09-06 18:08:26] llama cache train 583/1024
[2026-09-06 18:08:26] llama cache train 584/1024
[2026-09-06 18:08:26] llama cache train 585/1024
[2026-09-06 18:08:26] llama cache train 586/1024
[2026-09-06 18:08:26] llama cache train 587/1024
[2026-09-06 18:08:26] llama cache train 588/1024
[2026-09-06 18:08:26] llama cache train 589/1024
[2026-09-06 18:08:26] llama cache train 590/1024
[2026-09-06 18:08:26] llama cache train 591/1024
[2026-09-06 18:08:27] llama cache train 592/1024
[2026-09-06 18:08:27] llama cache train 593/1024
[2026-09-06 18:08:27] llama cache train 594/1024
[2026-09-06 18:08:27] llama cache train 595/1024
[2026-09-06 18:08:27] llama cache train 596/1024
[2026-09-06 18:08:27] llama cache train 597/1024
[2026-09-06 18:08:27] llama cache train 598/1024
[2026-09-06 18:08:27] llama cache train 599/1024
[2026-09-06 18:08:28] llama cache train 600/1024
[2026-09-06 18:08:28] llama cache train 601/1024
[2026-09-06 18:08:28] llama cache train 602/1024
[2026-09-06 18:08:28] llama cache train 603/1024
[2026-09-06 18:08:28] llama cache train 604/1024
[2026-09-06 18:08:28] llama cache train 605/1024
[2026-09-06 18:08:28] llama cache train 606/1024
[2026-09-06 18:08:28] llama cache train 607/1024
[2026-09-06 18:08:28] llama cache train 608/1024
[2026-09-06 18:08:28] llama cache train 609/1024
[2026-09-06 18:08:29] llama cache train 610/1024
[2026-09-06 18:08:29] llama cache train 611/1024
[2026-09-06 18:08:29] llama cache train 612/1024
[2026-09-06 18:08:29] llama cache train 613/1024
[2026-09-06 18:08:29] llama cache train 614/1024
[2026-09-06 18:08:29] llama cache train 615/1024
[2026-09-06 18:08:29] llama cache train 616/1024
[2026-09-06 18:08:29] llama cache train 617/1024
[2026-09-06 18:08:29] llama cache train 618/1024
[2026-09-06 18:08:30] llama cache train 619/1024
[2026-09-06 18:08:30] llama cache train 620/1024
[2026-09-06 18:08:30] llama cache train 621/1024
[2026-09-06 18:08:30] llama cache train 622/1024
[2026-09-06 18:08:30] llama cache train 623/1024
[2026-09-06 18:08:30] llama cache train 624/1024
[2026-09-06 18:08:30] llama cache train 625/1024
[2026-09-06 18:08:30] llama cache train 626/1024
[2026-09-06 18:08:30] llama cache train 627/1024
[2026-09-06 18:08:30] llama cache train 628/1024
[2026-09-06 18:08:31] llama cache train 629/1024
[2026-09-06 18:08:31] llama cache train 630/1024
[2026-09-06 18:08:31] llama cache train 631/1024
[2026-09-06 18:08:31] llama cache train 632/1024
[2026-09-06 18:08:31] llama cache train 633/1024
[2026-09-06 18:08:31] llama cache train 634/1024
[2026-09-06 18:08:31] llama cache train 635/1024
[2026-09-06 18:08:31] llama cache train 636/1024
[2026-09-06 18:08:31] llama cache train 637/1024
[2026-09-06 18:08:31] llama cache train 638/1024
[2026-09-06 18:08:32] llama cache train 639/1024
[2026-09-06 18:08:32] llama cache train 640/1024
[2026-09-06 18:08:32] llama cache train 641/1024
[2026-09-06 18:08:32] llama cache train 642/1024
[2026-09-06 18:08:32] llama cache train 643/1024
[2026-09-06 18:08:32] llama cache train 644/1024
[2026-09-06 18:08:32] llama cache train 645/1024
[2026-09-06 18:08:32] llama cache train 646/1024
[2026-09-06 18:08:32] llama cache train 647/1024
[2026-09-06 18:08:33] llama cache train 648/1024
[2026-09-06 18:08:33] llama cache train 649/1024
[2026-09-06 18:08:33] llama cache train 650/1024
[2026-09-06 18:08:33] llama cache train 651/1024
[2026-09-06 18:08:33] llama cache train 652/1024
[2026-09-06 18:08:33] llama cache train 653/1024
[2026-09-06 18:08:33] llama cache train 654/1024
[2026-09-06 18:08:33] llama cache train 655/1024
[2026-09-06 18:08:34] llama cache train 656/1024
[2026-09-06 18:08:34] llama cache train 657/1024
[2026-09-06 18:08:34] llama cache train 658/1024
[2026-09-06 18:08:34] llama cache train 659/1024
[2026-09-06 18:08:34] llama cache train 660/1024
[2026-09-06 18:08:34] llama cache train 661/1024
[2026-09-06 18:08:34] llama cache train 662/1024
[2026-09-06 18:08:35] llama cache train 663/1024
[2026-09-06 18:08:35] llama cache train 664/1024
[2026-09-06 18:08:35] llama cache train 665/1024
[2026-09-06 18:08:35] llama cache train 666/1024
[2026-09-06 18:08:35] llama cache train 667/1024
[2026-09-06 18:08:35] llama cache train 668/1024
[2026-09-06 18:08:35] llama cache train 669/1024
[2026-09-06 18:08:35] llama cache train 670/1024
[2026-09-06 18:08:35] llama cache train 671/1024
[2026-09-06 18:08:36] llama cache train 672/1024
[2026-09-06 18:08:36] llama cache train 673/1024
[2026-09-06 18:08:36] llama cache train 674/1024
[2026-09-06 18:08:36] llama cache train 675/1024
[2026-09-06 18:08:36] llama cache train 676/1024
[2026-09-06 18:08:36] llama cache train 677/1024
[2026-09-06 18:08:36] llama cache train 678/1024
[2026-09-06 18:08:36] llama cache train 679/1024
[2026-09-06 18:08:36] llama cache train 680/1024
[2026-09-06 18:08:37] llama cache train 681/1024
[2026-09-06 18:08:37] llama cache train 682/1024
[2026-09-06 18:08:37] llama cache train 683/1024
[2026-09-06 18:08:37] llama cache train 684/1024
[2026-09-06 18:08:37] llama cache train 685/1024
[2026-09-06 18:08:37] llama cache train 686/1024
[2026-09-06 18:08:37] llama cache train 687/1024
[2026-09-06 18:08:37] llama cache train 688/1024
[2026-09-06 18:08:37] llama cache train 689/1024
[2026-09-06 18:08:38] llama cache train 690/1024
[2026-09-06 18:08:38] llama cache train 691/1024
[2026-09-06 18:08:38] llama cache train 692/1024
[2026-09-06 18:08:38] llama cache train 693/1024
[2026-09-06 18:08:38] llama cache train 694/1024
[2026-09-06 18:08:38] llama cache train 695/1024
[2026-09-06 18:08:38] llama cache train 696/1024
[2026-09-06 18:08:38] llama cache train 697/1024
[2026-09-06 18:08:38] llama cache train 698/1024
[2026-09-06 18:08:38] llama cache train 699/1024
[2026-09-06 18:08:39] llama cache train 700/1024
[2026-09-06 18:08:39] llama cache train 701/1024
[2026-09-06 18:08:39] llama cache train 702/1024
[2026-09-06 18:08:39] llama cache train 703/1024
[2026-09-06 18:08:39] llama cache train 704/1024
[2026-09-06 18:08:39] llama cache train 705/1024
[2026-09-06 18:08:39] llama cache train 706/1024
[2026-09-06 18:08:39] llama cache train 707/1024
[2026-09-06 18:08:39] llama cache train 708/1024
[2026-09-06 18:08:40] llama cache train 709/1024
[2026-09-06 18:08:40] llama cache train 710/1024
[2026-09-06 18:08:40] llama cache train 711/1024
[2026-09-06 18:08:40] llama cache train 712/1024
[2026-09-06 18:08:40] llama cache train 713/1024
[2026-09-06 18:08:40] llama cache train 714/1024
[2026-09-06 18:08:40] llama cache train 715/1024
[2026-09-06 18:08:40] llama cache train 716/1024
[2026-09-06 18:08:40] llama cache train 717/1024
[2026-09-06 18:08:41] llama cache train 718/1024
[2026-09-06 18:08:41] llama cache train 719/1024
[2026-09-06 18:08:41] llama cache train 720/1024
[2026-09-06 18:08:41] llama cache train 721/1024
[2026-09-06 18:08:41] llama cache train 722/1024
[2026-09-06 18:08:41] llama cache train 723/1024
[2026-09-06 18:08:41] llama cache train 724/1024
[2026-09-06 18:08:41] llama cache train 725/1024
[2026-09-06 18:08:41] llama cache train 726/1024
[2026-09-06 18:08:42] llama cache train 727/1024
[2026-09-06 18:08:42] llama cache train 728/1024
[2026-09-06 18:08:42] llama cache train 729/1024
[2026-09-06 18:08:42] llama cache train 730/1024
[2026-09-06 18:08:42] llama cache train 731/1024
[2026-09-06 18:08:42] llama cache train 732/1024
[2026-09-06 18:08:42] llama cache train 733/1024
[2026-09-06 18:08:42] llama cache train 734/1024
[2026-09-06 18:08:42] llama cache train 735/1024
[2026-09-06 18:08:43] llama cache train 736/1024
[2026-09-06 18:08:43] llama cache train 737/1024
[2026-09-06 18:08:43] llama cache train 738/1024
[2026-09-06 18:08:43] llama cache train 739/1024
[2026-09-06 18:08:43] llama cache train 740/1024
[2026-09-06 18:08:43] llama cache train 741/1024
[2026-09-06 18:08:43] llama cache train 742/1024
[2026-09-06 18:08:43] llama cache train 743/1024
[2026-09-06 18:08:43] llama cache train 744/1024
[2026-09-06 18:08:44] llama cache train 745/1024
[2026-09-06 18:08:44] llama cache train 746/1024
[2026-09-06 18:08:44] llama cache train 747/1024
[2026-09-06 18:08:44] llama cache train 748/1024
[2026-09-06 18:08:44] llama cache train 749/1024
[2026-09-06 18:08:44] llama cache train 750/1024
[2026-09-06 18:08:44] llama cache train 751/1024
[2026-09-06 18:08:44] llama cache train 752/1024
[2026-09-06 18:08:45] llama cache train 753/1024
[2026-09-06 18:08:45] llama cache train 754/1024
[2026-09-06 18:08:45] llama cache train 755/1024
[2026-09-06 18:08:45] llama cache train 756/1024
[2026-09-06 18:08:45] llama cache train 757/1024
[2026-09-06 18:08:45] llama cache train 758/1024
[2026-09-06 18:08:45] llama cache train 759/1024
[2026-09-06 18:08:46] llama cache train 760/1024
[2026-09-06 18:08:46] llama cache train 761/1024
[2026-09-06 18:08:46] llama cache train 762/1024
[2026-09-06 18:08:46] llama cache train 763/1024
[2026-09-06 18:08:46] llama cache train 764/1024
[2026-09-06 18:08:46] llama cache train 765/1024
[2026-09-06 18:08:46] llama cache train 766/1024
[2026-09-06 18:08:46] llama cache train 767/1024
[2026-09-06 18:08:46] llama cache train 768/1024
[2026-09-06 18:08:47] llama cache train 769/1024
[2026-09-06 18:08:47] llama cache train 770/1024
[2026-09-06 18:08:47] llama cache train 771/1024
[2026-09-06 18:08:47] llama cache train 772/1024
[2026-09-06 18:08:47] llama cache train 773/1024
[2026-09-06 18:08:47] llama cache train 774/1024
[2026-09-06 18:08:47] llama cache train 775/1024
[2026-09-06 18:08:48] llama cache train 776/1024
[2026-09-06 18:08:48] llama cache train 777/1024
[2026-09-06 18:08:48] llama cache train 778/1024
[2026-09-06 18:08:48] llama cache train 779/1024
[2026-09-06 18:08:48] llama cache train 780/1024
[2026-09-06 18:08:48] llama cache train 781/1024
[2026-09-06 18:08:48] llama cache train 782/1024
[2026-09-06 18:08:48] llama cache train 783/1024
[2026-09-06 18:08:49] llama cache train 784/1024
[2026-09-06 18:08:49] llama cache train 785/1024
[2026-09-06 18:08:49] llama cache train 786/1024
[2026-09-06 18:08:49] llama cache train 787/1024
[2026-09-06 18:08:49] llama cache train 788/1024
[2026-09-06 18:08:49] llama cache train 789/1024
[2026-09-06 18:08:49] llama cache train 790/1024
[2026-09-06 18:08:49] llama cache train 791/1024
[2026-09-06 18:08:50] llama cache train 792/1024
[2026-09-06 18:08:50] llama cache train 793/1024
[2026-09-06 18:08:50] llama cache train 794/1024
[2026-09-06 18:08:50] llama cache train 795/1024
[2026-09-06 18:08:50] llama cache train 796/1024
[2026-09-06 18:08:50] llama cache train 797/1024
[2026-09-06 18:08:50] llama cache train 798/1024
[2026-09-06 18:08:50] llama cache train 799/1024
[2026-09-06 18:08:51] llama cache train 800/1024
[2026-09-06 18:08:51] llama cache train 801/1024
[2026-09-06 18:08:51] llama cache train 802/1024
[2026-09-06 18:08:51] llama cache train 803/1024
[2026-09-06 18:08:51] llama cache train 804/1024
[2026-09-06 18:08:51] llama cache train 805/1024
[2026-09-06 18:08:51] llama cache train 806/1024
[2026-09-06 18:08:51] llama cache train 807/1024
[2026-09-06 18:08:52] llama cache train 808/1024
[2026-09-06 18:08:52] llama cache train 809/1024
[2026-09-06 18:08:52] llama cache train 810/1024
[2026-09-06 18:08:52] llama cache train 811/1024
[2026-09-06 18:08:52] llama cache train 812/1024
[2026-09-06 18:08:52] llama cache train 813/1024
[2026-09-06 18:08:52] llama cache train 814/1024
[2026-09-06 18:08:52] llama cache train 815/1024
[2026-09-06 18:08:53] llama cache train 816/1024
[2026-09-06 18:08:53] llama cache train 817/1024
[2026-09-06 18:08:53] llama cache train 818/1024
[2026-09-06 18:08:53] llama cache train 819/1024
[2026-09-06 18:08:53] llama cache train 820/1024
[2026-09-06 18:08:53] llama cache train 821/1024
[2026-09-06 18:08:53] llama cache train 822/1024
[2026-09-06 18:08:53] llama cache train 823/1024
[2026-09-06 18:08:54] llama cache train 824/1024
[2026-09-06 18:08:54] llama cache train 825/1024
[2026-09-06 18:08:54] llama cache train 826/1024
[2026-09-06 18:08:54] llama cache train 827/1024
[2026-09-06 18:08:54] llama cache train 828/1024
[2026-09-06 18:08:54] llama cache train 829/1024
[2026-09-06 18:08:54] llama cache train 830/1024
[2026-09-06 18:08:54] llama cache train 831/1024
[2026-09-06 18:08:54] llama cache train 832/1024
[2026-09-06 18:08:54] llama cache train 833/1024
[2026-09-06 18:08:55] llama cache train 834/1024
[2026-09-06 18:08:55] llama cache train 835/1024
[2026-09-06 18:08:55] llama cache train 836/1024
[2026-09-06 18:08:55] llama cache train 837/1024
[2026-09-06 18:08:55] llama cache train 838/1024
[2026-09-06 18:08:55] llama cache train 839/1024
[2026-09-06 18:08:55] llama cache train 840/1024
[2026-09-06 18:08:55] llama cache train 841/1024
[2026-09-06 18:08:55] llama cache train 842/1024
[2026-09-06 18:08:56] llama cache train 843/1024
[2026-09-06 18:08:56] llama cache train 844/1024
[2026-09-06 18:08:56] llama cache train 845/1024
[2026-09-06 18:08:56] llama cache train 846/1024
[2026-09-06 18:08:56] llama cache train 847/1024
[2026-09-06 18:08:56] llama cache train 848/1024
[2026-09-06 18:08:56] llama cache train 849/1024
[2026-09-06 18:08:57] llama cache train 850/1024
[2026-09-06 18:08:57] llama cache train 851/1024
[2026-09-06 18:08:57] llama cache train 852/1024
[2026-09-06 18:08:57] llama cache train 853/1024
[2026-09-06 18:08:57] llama cache train 854/1024
[2026-09-06 18:08:57] llama cache train 855/1024
[2026-09-06 18:08:57] llama cache train 856/1024
[2026-09-06 18:08:57] llama cache train 857/1024
[2026-09-06 18:08:57] llama cache train 858/1024
[2026-09-06 18:08:58] llama cache train 859/1024
[2026-09-06 18:08:58] llama cache train 860/1024
[2026-09-06 18:08:58] llama cache train 861/1024
[2026-09-06 18:08:58] llama cache train 862/1024
[2026-09-06 18:08:58] llama cache train 863/1024
[2026-09-06 18:08:58] llama cache train 864/1024
[2026-09-06 18:08:58] llama cache train 865/1024
[2026-09-06 18:08:58] llama cache train 866/1024
[2026-09-06 18:08:59] llama cache train 867/1024
[2026-09-06 18:08:59] llama cache train 868/1024
[2026-09-06 18:08:59] llama cache train 869/1024
[2026-09-06 18:08:59] llama cache train 870/1024
[2026-09-06 18:08:59] llama cache train 871/1024
[2026-09-06 18:08:59] llama cache train 872/1024
[2026-09-06 18:08:59] llama cache train 873/1024
[2026-09-06 18:08:59] llama cache train 874/1024
[2026-09-06 18:09:00] llama cache train 875/1024
[2026-09-06 18:09:00] llama cache train 876/1024
[2026-09-06 18:09:00] llama cache train 877/1024
[2026-09-06 18:09:00] llama cache train 878/1024
[2026-09-06 18:09:00] llama cache train 879/1024
[2026-09-06 18:09:00] llama cache train 880/1024
[2026-09-06 18:09:00] llama cache train 881/1024
[2026-09-06 18:09:00] llama cache train 882/1024
[2026-09-06 18:09:00] llama cache train 883/1024
[2026-09-06 18:09:00] llama cache train 884/1024
[2026-09-06 18:09:01] llama cache train 885/1024
[2026-09-06 18:09:01] llama cache train 886/1024
[2026-09-06 18:09:01] llama cache train 887/1024
[2026-09-06 18:09:01] llama cache train 888/1024
[2026-09-06 18:09:01] llama cache train 889/1024
[2026-09-06 18:09:01] llama cache train 890/1024
[2026-09-06 18:09:01] llama cache train 891/1024
[2026-09-06 18:09:02] llama cache train 892/1024
[2026-09-06 18:09:02] llama cache train 893/1024
[2026-09-06 18:09:02] llama cache train 894/1024
[2026-09-06 18:09:02] llama cache train 895/1024
[2026-09-06 18:09:02] llama cache train 896/1024
[2026-09-06 18:09:02] llama cache train 897/1024
[2026-09-06 18:09:02] llama cache train 898/1024
[2026-09-06 18:09:02] llama cache train 899/1024
[2026-09-06 18:09:02] llama cache train 900/1024
[2026-09-06 18:09:02] llama cache train 901/1024
[2026-09-06 18:09:03] llama cache train 902/1024
[2026-09-06 18:09:03] llama cache train 903/1024
[2026-09-06 18:09:03] llama cache train 904/1024
[2026-09-06 18:09:03] llama cache train 905/1024
[2026-09-06 18:09:03] llama cache train 906/1024
[2026-09-06 18:09:03] llama cache train 907/1024
[2026-09-06 18:09:03] llama cache train 908/1024
[2026-09-06 18:09:03] llama cache train 909/1024
[2026-09-06 18:09:03] llama cache train 910/1024
[2026-09-06 18:09:04] llama cache train 911/1024
[2026-09-06 18:09:04] llama cache train 912/1024
[2026-09-06 18:09:04] llama cache train 913/1024
[2026-09-06 18:09:04] llama cache train 914/1024
[2026-09-06 18:09:04] llama cache train 915/1024
[2026-09-06 18:09:04] llama cache train 916/1024
[2026-09-06 18:09:04] llama cache train 917/1024
[2026-09-06 18:09:04] llama cache train 918/1024
[2026-09-06 18:09:05] llama cache train 919/1024
[2026-09-06 18:09:05] llama cache train 920/1024
[2026-09-06 18:09:05] llama cache train 921/1024
[2026-09-06 18:09:05] llama cache train 922/1024
[2026-09-06 18:09:05] llama cache train 923/1024
[2026-09-06 18:09:05] llama cache train 924/1024
[2026-09-06 18:09:05] llama cache train 925/1024
[2026-09-06 18:09:05] llama cache train 926/1024
[2026-09-06 18:09:05] llama cache train 927/1024
[2026-09-06 18:09:06] llama cache train 928/1024
[2026-09-06 18:09:06] llama cache train 929/1024
[2026-09-06 18:09:06] llama cache train 930/1024
[2026-09-06 18:09:06] llama cache train 931/1024
[2026-09-06 18:09:06] llama cache train 932/1024
[2026-09-06 18:09:06] llama cache train 933/1024
[2026-09-06 18:09:06] llama cache train 934/1024
[2026-09-06 18:09:06] llama cache train 935/1024
[2026-09-06 18:09:07] llama cache train 936/1024
[2026-09-06 18:09:07] llama cache train 937/1024
[2026-09-06 18:09:07] llama cache train 938/1024
[2026-09-06 18:09:07] llama cache train 939/1024
[2026-09-06 18:09:07] llama cache train 940/1024
[2026-09-06 18:09:07] llama cache train 941/1024
[2026-09-06 18:09:07] llama cache train 942/1024
[2026-09-06 18:09:07] llama cache train 943/1024
[2026-09-06 18:09:08] llama cache train 944/1024
[2026-09-06 18:09:08] llama cache train 945/1024
[2026-09-06 18:09:08] llama cache train 946/1024
[2026-09-06 18:09:08] llama cache train 947/1024
[2026-09-06 18:09:08] llama cache train 948/1024
[2026-09-06 18:09:08] llama cache train 949/1024
[2026-09-06 18:09:08] llama cache train 950/1024
[2026-09-06 18:09:08] llama cache train 951/1024
[2026-09-06 18:09:08] llama cache train 952/1024
[2026-09-06 18:09:09] llama cache train 953/1024
[2026-09-06 18:09:09] llama cache train 954/1024
[2026-09-06 18:09:09] llama cache train 955/1024
[2026-09-06 18:09:09] llama cache train 956/1024
[2026-09-06 18:09:09] llama cache train 957/1024
[2026-09-06 18:09:09] llama cache train 958/1024
[2026-09-06 18:09:09] llama cache train 959/1024
[2026-09-06 18:09:09] llama cache train 960/1024
[2026-09-06 18:09:09] llama cache train 961/1024
[2026-09-06 18:09:10] llama cache train 962/1024
[2026-09-06 18:09:10] llama cache train 963/1024
[2026-09-06 18:09:10] llama cache train 964/1024
[2026-09-06 18:09:10] llama cache train 965/1024
[2026-09-06 18:09:10] llama cache train 966/1024
[2026-09-06 18:09:10] llama cache train 967/1024
[2026-09-06 18:09:10] llama cache train 968/1024
[2026-09-06 18:09:10] llama cache train 969/1024
[2026-09-06 18:09:10] llama cache train 970/1024
[2026-09-06 18:09:11] llama cache train 971/1024
[2026-09-06 18:09:11] llama cache train 972/1024
[2026-09-06 18:09:11] llama cache train 973/1024
[2026-09-06 18:09:11] llama cache train 974/1024
[2026-09-06 18:09:11] llama cache train 975/1024
[2026-09-06 18:09:11] llama cache train 976/1024
[2026-09-06 18:09:11] llama cache train 977/1024
[2026-09-06 18:09:11] llama cache train 978/1024
[2026-09-06 18:09:11] llama cache train 979/1024
[2026-09-06 18:09:12] llama cache train 980/1024
[2026-09-06 18:09:12] llama cache train 981/1024
[2026-09-06 18:09:12] llama cache train 982/1024
[2026-09-06 18:09:12] llama cache train 983/1024
[2026-09-06 18:09:12] llama cache train 984/1024
[2026-09-06 18:09:12] llama cache train 985/1024
[2026-09-06 18:09:12] llama cache train 986/1024
[2026-09-06 18:09:12] llama cache train 987/1024
[2026-09-06 18:09:13] llama cache train 988/1024
[2026-09-06 18:09:13] llama cache train 989/1024
[2026-09-06 18:09:13] llama cache train 990/1024
[2026-09-06 18:09:13] llama cache train 991/1024
[2026-09-06 18:09:13] llama cache train 992/1024
[2026-09-06 18:09:13] llama cache train 993/1024
[2026-09-06 18:09:13] llama cache train 994/1024
[2026-09-06 18:09:13] llama cache train 995/1024
[2026-09-06 18:09:14] llama cache train 996/1024
[2026-09-06 18:09:14] llama cache train 997/1024
[2026-09-06 18:09:14] llama cache train 998/1024
[2026-09-06 18:09:14] llama cache train 999/1024
[2026-09-06 18:09:14] llama cache train 1000/1024
[2026-09-06 18:09:14] llama cache train 1001/1024
[2026-09-06 18:09:14] llama cache train 1002/1024
[2026-09-06 18:09:14] llama cache train 1003/1024
[2026-09-06 18:09:14] llama cache train 1004/1024
[2026-09-06 18:09:14] llama cache train 1005/1024
[2026-09-06 18:09:15] llama cache train 1006/1024
[2026-09-06 18:09:15] llama cache train 1007/1024
[2026-09-06 18:09:15] llama cache train 1008/1024
[2026-09-06 18:09:15] llama cache train 1009/1024
[2026-09-06 18:09:15] llama cache train 1010/1024
[2026-09-06 18:09:15] llama cache train 1011/1024
[2026-09-06 18:09:15] llama cache train 1012/1024
[2026-09-06 18:09:15] llama cache train 1013/1024
[2026-09-06 18:09:15] llama cache train 1014/1024
[2026-09-06 18:09:16] llama cache train 1015/1024
[2026-09-06 18:09:16] llama cache train 1016/1024
[2026-09-06 18:09:16] llama cache train 1017/1024
[2026-09-06 18:09:16] llama cache train 1018/1024
[2026-09-06 18:09:16] llama cache train 1019/1024
[2026-09-06 18:09:16] llama cache train 1020/1024
[2026-09-06 18:09:16] llama cache train 1021/1024
[2026-09-06 18:09:16] llama cache train 1022/1024
[2026-09-06 18:09:16] llama cache train 1023/1024
[2026-09-06 18:09:17] llama cache train 1024/1024
[2026-09-06 18:09:17] llama cache validation 1/128
[2026-09-06 18:09:17] llama cache validation 2/128
[2026-09-06 18:09:17] llama cache validation 3/128
[2026-09-06 18:09:18] llama cache validation 4/128
[2026-09-06 18:09:18] llama cache validation 5/128
[2026-09-06 18:09:18] llama cache validation 6/128
[2026-09-06 18:09:18] llama cache validation 7/128
[2026-09-06 18:09:18] llama cache validation 8/128
[2026-09-06 18:09:18] llama cache validation 9/128
[2026-09-06 18:09:18] llama cache validation 10/128
[2026-09-06 18:09:18] llama cache validation 11/128
[2026-09-06 18:09:19] llama cache validation 12/128
[2026-09-06 18:09:19] llama cache validation 13/128
[2026-09-06 18:09:19] llama cache validation 14/128
[2026-09-06 18:09:19] llama cache validation 15/128
[2026-09-06 18:09:19] llama cache validation 16/128
[2026-09-06 18:09:19] llama cache validation 17/128
[2026-09-06 18:09:19] llama cache validation 18/128
[2026-09-06 18:09:19] llama cache validation 19/128
[2026-09-06 18:09:20] llama cache validation 20/128
[2026-09-06 18:09:20] llama cache validation 21/128
[2026-09-06 18:09:20] llama cache validation 22/128
[2026-09-06 18:09:20] llama cache validation 23/128
[2026-09-06 18:09:20] llama cache validation 24/128
[2026-09-06 18:09:20] llama cache validation 25/128
[2026-09-06 18:09:20] llama cache validation 26/128
[2026-09-06 18:09:20] llama cache validation 27/128
[2026-09-06 18:09:20] llama cache validation 28/128
[2026-09-06 18:09:21] llama cache validation 29/128
[2026-09-06 18:09:21] llama cache validation 30/128
[2026-09-06 18:09:21] llama cache validation 31/128
[2026-09-06 18:09:21] llama cache validation 32/128
[2026-09-06 18:09:21] llama cache validation 33/128
[2026-09-06 18:09:21] llama cache validation 34/128
[2026-09-06 18:09:21] llama cache validation 35/128
[2026-09-06 18:09:21] llama cache validation 36/128
[2026-09-06 18:09:22] llama cache validation 37/128
[2026-09-06 18:09:22] llama cache validation 38/128
[2026-09-06 18:09:22] llama cache validation 39/128
[2026-09-06 18:09:22] llama cache validation 40/128
[2026-09-06 18:09:22] llama cache validation 41/128
[2026-09-06 18:09:22] llama cache validation 42/128
[2026-09-06 18:09:22] llama cache validation 43/128
[2026-09-06 18:09:22] llama cache validation 44/128
[2026-09-06 18:09:22] llama cache validation 45/128
[2026-09-06 18:09:23] llama cache validation 46/128
[2026-09-06 18:09:23] llama cache validation 47/128
[2026-09-06 18:09:23] llama cache validation 48/128
[2026-09-06 18:09:23] llama cache validation 49/128
[2026-09-06 18:09:23] llama cache validation 50/128
[2026-09-06 18:09:23] llama cache validation 51/128
[2026-09-06 18:09:23] llama cache validation 52/128
[2026-09-06 18:09:23] llama cache validation 53/128
[2026-09-06 18:09:24] llama cache validation 54/128
[2026-09-06 18:09:24] llama cache validation 55/128
[2026-09-06 18:09:24] llama cache validation 56/128
[2026-09-06 18:09:24] llama cache validation 57/128
[2026-09-06 18:09:24] llama cache validation 58/128
[2026-09-06 18:09:24] llama cache validation 59/128
[2026-09-06 18:09:24] llama cache validation 60/128
[2026-09-06 18:09:24] llama cache validation 61/128
[2026-09-06 18:09:25] llama cache validation 62/128
[2026-09-06 18:09:25] llama cache validation 63/128
[2026-09-06 18:09:25] llama cache validation 64/128
[2026-09-06 18:09:25] llama cache validation 65/128
[2026-09-06 18:09:25] llama cache validation 66/128
[2026-09-06 18:09:25] llama cache validation 67/128
[2026-09-06 18:09:25] llama cache validation 68/128
[2026-09-06 18:09:25] llama cache validation 69/128
[2026-09-06 18:09:25] llama cache validation 70/128
[2026-09-06 18:09:26] llama cache validation 71/128
[2026-09-06 18:09:26] llama cache validation 72/128
[2026-09-06 18:09:26] llama cache validation 73/128
[2026-09-06 18:09:26] llama cache validation 74/128
[2026-09-06 18:09:26] llama cache validation 75/128
[2026-09-06 18:09:26] llama cache validation 76/128
[2026-09-06 18:09:26] llama cache validation 77/128
[2026-09-06 18:09:26] llama cache validation 78/128
[2026-09-06 18:09:26] llama cache validation 79/128
[2026-09-06 18:09:27] llama cache validation 80/128
[2026-09-06 18:09:27] llama cache validation 81/128
[2026-09-06 18:09:27] llama cache validation 82/128
[2026-09-06 18:09:27] llama cache validation 83/128
[2026-09-06 18:09:27] llama cache validation 84/128
[2026-09-06 18:09:27] llama cache validation 85/128
[2026-09-06 18:09:27] llama cache validation 86/128
[2026-09-06 18:09:27] llama cache validation 87/128
[2026-09-06 18:09:28] llama cache validation 88/128
[2026-09-06 18:09:28] llama cache validation 89/128
[2026-09-06 18:09:28] llama cache validation 90/128
[2026-09-06 18:09:28] llama cache validation 91/128
[2026-09-06 18:09:28] llama cache validation 92/128
[2026-09-06 18:09:28] llama cache validation 93/128
[2026-09-06 18:09:28] llama cache validation 94/128
[2026-09-06 18:09:29] llama cache validation 95/128
[2026-09-06 18:09:29] llama cache validation 96/128
[2026-09-06 18:09:29] llama cache validation 97/128
[2026-09-06 18:09:29] llama cache validation 98/128
[2026-09-06 18:09:29] llama cache validation 99/128
[2026-09-06 18:09:29] llama cache validation 100/128
[2026-09-06 18:09:29] llama cache validation 101/128
[2026-09-06 18:09:29] llama cache validation 102/128
[2026-09-06 18:09:30] llama cache validation 103/128
[2026-09-06 18:09:30] llama cache validation 104/128
[2026-09-06 18:09:30] llama cache validation 105/128
[2026-09-06 18:09:30] llama cache validation 106/128
[2026-09-06 18:09:30] llama cache validation 107/128
[2026-09-06 18:09:30] llama cache validation 108/128
[2026-09-06 18:09:30] llama cache validation 109/128
[2026-09-06 18:09:30] llama cache validation 110/128
[2026-09-06 18:09:30] llama cache validation 111/128
[2026-09-06 18:09:31] llama cache validation 112/128
[2026-09-06 18:09:31] llama cache validation 113/128
[2026-09-06 18:09:31] llama cache validation 114/128
[2026-09-06 18:09:31] llama cache validation 115/128
[2026-09-06 18:09:31] llama cache validation 116/128
[2026-09-06 18:09:32] llama cache validation 117/128
[2026-09-06 18:09:32] llama cache validation 118/128
[2026-09-06 18:09:32] llama cache validation 119/128
[2026-09-06 18:09:32] llama cache validation 120/128
[2026-09-06 18:09:32] llama cache validation 121/128
[2026-09-06 18:09:32] llama cache validation 122/128
[2026-09-06 18:09:33] llama cache validation 123/128
[2026-09-06 18:09:33] llama cache validation 124/128
[2026-09-06 18:09:33] llama cache validation 125/128
[2026-09-06 18:09:33] llama cache validation 126/128
[2026-09-06 18:09:33] llama cache validation 127/128
[2026-09-06 18:09:33] llama cache validation 128/128
[2026-09-06 18:09:33] llama cache test 1/128
[2026-09-06 18:09:33] llama cache test 2/128
[2026-09-06 18:09:33] llama cache test 3/128
[2026-09-06 18:09:34] llama cache test 4/128
[2026-09-06 18:09:34] llama cache test 5/128
[2026-09-06 18:09:34] llama cache test 6/128
[2026-09-06 18:09:34] llama cache test 7/128
[2026-09-06 18:09:34] llama cache test 8/128
[2026-09-06 18:09:34] llama cache test 9/128
[2026-09-06 18:09:34] llama cache test 10/128
[2026-09-06 18:09:34] llama cache test 11/128
[2026-09-06 18:09:34] llama cache test 12/128
[2026-09-06 18:09:34] llama cache test 13/128
[2026-09-06 18:09:35] llama cache test 14/128
[2026-09-06 18:09:35] llama cache test 15/128
[2026-09-06 18:09:35] llama cache test 16/128
[2026-09-06 18:09:35] llama cache test 17/128
[2026-09-06 18:09:35] llama cache test 18/128
[2026-09-06 18:09:35] llama cache test 19/128
[2026-09-06 18:09:35] llama cache test 20/128
[2026-09-06 18:09:35] llama cache test 21/128
[2026-09-06 18:09:36] llama cache test 22/128
[2026-09-06 18:09:36] llama cache test 23/128
[2026-09-06 18:09:36] llama cache test 24/128
[2026-09-06 18:09:36] llama cache test 25/128
[2026-09-06 18:09:36] llama cache test 26/128
[2026-09-06 18:09:36] llama cache test 27/128
[2026-09-06 18:09:36] llama cache test 28/128
[2026-09-06 18:09:36] llama cache test 29/128
[2026-09-06 18:09:37] llama cache test 30/128
[2026-09-06 18:09:37] llama cache test 31/128
[2026-09-06 18:09:37] llama cache test 32/128
[2026-09-06 18:09:37] llama cache test 33/128
[2026-09-06 18:09:37] llama cache test 34/128
[2026-09-06 18:09:37] llama cache test 35/128
[2026-09-06 18:09:37] llama cache test 36/128
[2026-09-06 18:09:37] llama cache test 37/128
[2026-09-06 18:09:38] llama cache test 38/128
[2026-09-06 18:09:38] llama cache test 39/128
[2026-09-06 18:09:38] llama cache test 40/128
[2026-09-06 18:09:38] llama cache test 41/128
[2026-09-06 18:09:38] llama cache test 42/128
[2026-09-06 18:09:38] llama cache test 43/128
[2026-09-06 18:09:38] llama cache test 44/128
[2026-09-06 18:09:38] llama cache test 45/128
[2026-09-06 18:09:38] llama cache test 46/128
[2026-09-06 18:09:39] llama cache test 47/128
[2026-09-06 18:09:39] llama cache test 48/128
[2026-09-06 18:09:39] llama cache test 49/128
[2026-09-06 18:09:39] llama cache test 50/128
[2026-09-06 18:09:39] llama cache test 51/128
[2026-09-06 18:09:39] llama cache test 52/128
[2026-09-06 18:09:39] llama cache test 53/128
[2026-09-06 18:09:39] llama cache test 54/128
[2026-09-06 18:09:39] llama cache test 55/128
[2026-09-06 18:09:39] llama cache test 56/128
[2026-09-06 18:09:40] llama cache test 57/128
[2026-09-06 18:09:40] llama cache test 58/128
[2026-09-06 18:09:40] llama cache test 59/128
[2026-09-06 18:09:40] llama cache test 60/128
[2026-09-06 18:09:40] llama cache test 61/128
[2026-09-06 18:09:40] llama cache test 62/128
[2026-09-06 18:09:40] llama cache test 63/128
[2026-09-06 18:09:40] llama cache test 64/128
[2026-09-06 18:09:40] llama cache test 65/128
[2026-09-06 18:09:41] llama cache test 66/128
[2026-09-06 18:09:41] llama cache test 67/128
[2026-09-06 18:09:41] llama cache test 68/128
[2026-09-06 18:09:41] llama cache test 69/128
[2026-09-06 18:09:41] llama cache test 70/128
[2026-09-06 18:09:41] llama cache test 71/128
[2026-09-06 18:09:41] llama cache test 72/128
[2026-09-06 18:09:41] llama cache test 73/128
[2026-09-06 18:09:42] llama cache test 74/128
[2026-09-06 18:09:42] llama cache test 75/128
[2026-09-06 18:09:42] llama cache test 76/128
[2026-09-06 18:09:42] llama cache test 77/128
[2026-09-06 18:09:42] llama cache test 78/128
[2026-09-06 18:09:42] llama cache test 79/128
[2026-09-06 18:09:42] llama cache test 80/128
[2026-09-06 18:09:42] llama cache test 81/128
[2026-09-06 18:09:43] llama cache test 82/128
[2026-09-06 18:09:43] llama cache test 83/128
[2026-09-06 18:09:43] llama cache test 84/128
[2026-09-06 18:09:43] llama cache test 85/128
[2026-09-06 18:09:43] llama cache test 86/128
[2026-09-06 18:09:43] llama cache test 87/128
[2026-09-06 18:09:43] llama cache test 88/128
[2026-09-06 18:09:43] llama cache test 89/128
[2026-09-06 18:09:44] llama cache test 90/128
[2026-09-06 18:09:44] llama cache test 91/128
[2026-09-06 18:09:44] llama cache test 92/128
[2026-09-06 18:09:44] llama cache test 93/128
[2026-09-06 18:09:44] llama cache test 94/128
[2026-09-06 18:09:44] llama cache test 95/128
[2026-09-06 18:09:44] llama cache test 96/128
[2026-09-06 18:09:44] llama cache test 97/128
[2026-09-06 18:09:44] llama cache test 98/128
[2026-09-06 18:09:45] llama cache test 99/128
[2026-09-06 18:09:45] llama cache test 100/128
[2026-09-06 18:09:45] llama cache test 101/128
[2026-09-06 18:09:45] llama cache test 102/128
[2026-09-06 18:09:45] llama cache test 103/128
[2026-09-06 18:09:45] llama cache test 104/128
[2026-09-06 18:09:45] llama cache test 105/128
[2026-09-06 18:09:45] llama cache test 106/128
[2026-09-06 18:09:46] llama cache test 107/128
[2026-09-06 18:09:46] llama cache test 108/128
[2026-09-06 18:09:46] llama cache test 109/128
[2026-09-06 18:09:46] llama cache test 110/128
[2026-09-06 18:09:46] llama cache test 111/128
[2026-09-06 18:09:46] llama cache test 112/128
[2026-09-06 18:09:46] llama cache test 113/128
[2026-09-06 18:09:46] llama cache test 114/128
[2026-09-06 18:09:47] llama cache test 115/128
[2026-09-06 18:09:47] llama cache test 116/128
[2026-09-06 18:09:47] llama cache test 117/128
[2026-09-06 18:09:47] llama cache test 118/128
[2026-09-06 18:09:47] llama cache test 119/128
[2026-09-06 18:09:47] llama cache test 120/128
[2026-09-06 18:09:47] llama cache test 121/128
[2026-09-06 18:09:47] llama cache test 122/128
[2026-09-06 18:09:47] llama cache test 123/128
[2026-09-06 18:09:48] llama cache test 124/128
[2026-09-06 18:09:48] llama cache test 125/128
[2026-09-06 18:09:48] llama cache test 126/128
[2026-09-06 18:09:48] llama cache test 127/128
[2026-09-06 18:09:48] llama cache test 128/128
[2026-09-06 18:09:49] DONE cache_llama
[2026-09-06 18:09:49] START train_qwen
Loading weights:   0%|          | 0/398 [00:00<?, ?it/s]Loading weights:   0%|          | 1/398 [00:00<01:31,  4.33it/s]Loading weights:  37%|███▋      | 148/398 [00:00<00:00, 562.41it/s]Loading weights:  59%|█████▉    | 234/398 [00:00<00:00, 549.09it/s]Loading weights:  77%|███████▋  | 306/398 [00:00<00:00, 555.51it/s]Loading weights:  93%|█████████▎| 372/398 [00:00<00:00, 549.95it/s]Loading weights: 100%|██████████| 398/398 [00:00<00:00, 508.28it/s]
[2026-09-06 18:10:21] qwen/overfit16 step=16/512 loss=3.860377
[2026-09-06 18:10:43] qwen/overfit16 step=32/512 loss=4.178528
[2026-09-06 18:11:05] qwen/overfit16 step=48/512 loss=3.823949
[2026-09-06 18:11:28] qwen/overfit16 step=64/512 loss=2.859426
[2026-09-06 18:11:29] qwen/overfit16 validation step=64 KL=3.641451 best=3.641451
[2026-09-06 18:11:52] qwen/overfit16 step=80/512 loss=3.149557
[2026-09-06 18:12:13] qwen/overfit16 step=96/512 loss=2.817409
[2026-09-06 18:12:34] qwen/overfit16 step=112/512 loss=2.873317
[2026-09-06 18:12:54] qwen/overfit16 step=128/512 loss=2.954698
[2026-09-06 18:12:55] qwen/overfit16 validation step=128 KL=3.262114 best=3.262114
[2026-09-06 18:13:16] qwen/overfit16 step=144/512 loss=3.239539
[2026-09-06 18:13:37] qwen/overfit16 step=160/512 loss=3.421766
[2026-09-06 18:14:00] qwen/overfit16 step=176/512 loss=3.275265
[2026-09-06 18:14:24] qwen/overfit16 step=192/512 loss=2.681149
[2026-09-06 18:14:25] qwen/overfit16 validation step=192 KL=2.819370 best=2.819370
[2026-09-06 18:14:46] qwen/overfit16 step=208/512 loss=3.658860
[2026-09-06 18:15:07] qwen/overfit16 step=224/512 loss=2.731734
[2026-09-06 18:15:28] qwen/overfit16 step=240/512 loss=2.238268
[2026-09-06 18:15:48] qwen/overfit16 step=256/512 loss=2.504991
[2026-09-06 18:15:49] qwen/overfit16 validation step=256 KL=2.307195 best=2.307195
[2026-09-06 18:16:11] qwen/overfit16 step=272/512 loss=1.730225
[2026-09-06 18:16:31] qwen/overfit16 step=288/512 loss=1.783347
[2026-09-06 18:16:52] qwen/overfit16 step=304/512 loss=1.694326
[2026-09-06 18:17:13] qwen/overfit16 step=320/512 loss=1.460531
[2026-09-06 18:17:14] qwen/overfit16 validation step=320 KL=1.851766 best=1.851766
[2026-09-06 18:17:36] qwen/overfit16 step=336/512 loss=2.577989
[2026-09-06 18:17:58] qwen/overfit16 step=352/512 loss=1.394054
[2026-09-06 18:18:21] qwen/overfit16 step=368/512 loss=1.559697
[2026-09-06 18:18:43] qwen/overfit16 step=384/512 loss=2.049571
[2026-09-06 18:18:45] qwen/overfit16 validation step=384 KL=1.517200 best=1.517200
[2026-09-06 18:19:07] qwen/overfit16 step=400/512 loss=1.990809
[2026-09-06 18:19:29] qwen/overfit16 step=416/512 loss=1.453321
[2026-09-06 18:19:49] qwen/overfit16 step=432/512 loss=1.652732
[2026-09-06 18:20:11] qwen/overfit16 step=448/512 loss=1.009906
[2026-09-06 18:20:12] qwen/overfit16 validation step=448 KL=1.227549 best=1.227549
[2026-09-06 18:20:35] qwen/overfit16 step=464/512 loss=0.629454
[2026-09-06 18:20:57] qwen/overfit16 step=480/512 loss=0.837770
[2026-09-06 18:21:20] qwen/overfit16 step=496/512 loss=1.045387
[2026-09-06 18:21:42] qwen/overfit16 step=512/512 loss=0.921413
[2026-09-06 18:21:44] qwen/overfit16 validation step=512 KL=0.981287 best=0.981287
[2026-09-06 18:22:28] qwen/repeat128 step=16/512 loss=4.428327
[2026-09-06 18:22:51] qwen/repeat128 step=32/512 loss=3.530790
[2026-09-06 18:23:12] qwen/repeat128 step=48/512 loss=3.768860
[2026-09-06 18:23:32] qwen/repeat128 step=64/512 loss=4.025960
[2026-09-06 18:23:43] qwen/repeat128 validation step=64 KL=4.668547 best=4.668547
[2026-09-06 18:24:04] qwen/repeat128 step=80/512 loss=4.583799
[2026-09-06 18:24:26] qwen/repeat128 step=96/512 loss=4.022251
[2026-09-06 18:24:49] qwen/repeat128 step=112/512 loss=4.651131
[2026-09-06 18:25:10] qwen/repeat128 step=128/512 loss=4.097852
[2026-09-06 18:25:20] qwen/repeat128 validation step=128 KL=4.559530 best=4.559530
[2026-09-06 18:25:41] qwen/repeat128 step=144/512 loss=4.004069
[2026-09-06 18:26:02] qwen/repeat128 step=160/512 loss=4.825290
[2026-09-06 18:26:23] qwen/repeat128 step=176/512 loss=3.927224
[2026-09-06 18:26:43] qwen/repeat128 step=192/512 loss=3.871300
[2026-09-06 18:26:53] qwen/repeat128 validation step=192 KL=4.457714 best=4.457714
[2026-09-06 18:27:13] qwen/repeat128 step=208/512 loss=3.649828
[2026-09-06 18:27:34] qwen/repeat128 step=224/512 loss=2.927466
[2026-09-06 18:27:55] qwen/repeat128 step=240/512 loss=4.753456
[2026-09-06 18:28:17] qwen/repeat128 step=256/512 loss=4.007834
[2026-09-06 18:28:28] qwen/repeat128 validation step=256 KL=4.309981 best=4.309981
[2026-09-06 18:28:50] qwen/repeat128 step=272/512 loss=3.317661
[2026-09-06 18:29:13] qwen/repeat128 step=288/512 loss=2.406665
[2026-09-06 18:29:35] qwen/repeat128 step=304/512 loss=5.295849
[2026-09-06 18:29:57] qwen/repeat128 step=320/512 loss=4.005096
[2026-09-06 18:30:06] qwen/repeat128 validation step=320 KL=4.136541 best=4.136541
[2026-09-06 18:30:26] qwen/repeat128 step=336/512 loss=2.978569
[2026-09-06 18:30:47] qwen/repeat128 step=352/512 loss=3.220076
[2026-09-06 18:31:07] qwen/repeat128 step=368/512 loss=3.003992
[2026-09-06 18:31:28] qwen/repeat128 step=384/512 loss=3.046445
[2026-09-06 18:31:37] qwen/repeat128 validation step=384 KL=3.933257 best=3.933257
[2026-09-06 18:32:00] qwen/repeat128 step=400/512 loss=3.306649
[2026-09-06 18:32:23] qwen/repeat128 step=416/512 loss=2.942397
[2026-09-06 18:32:45] qwen/repeat128 step=432/512 loss=2.958316
[2026-09-06 18:33:07] qwen/repeat128 step=448/512 loss=2.493870
[2026-09-06 18:33:17] qwen/repeat128 validation step=448 KL=3.709307 best=3.709307
[2026-09-06 18:33:40] qwen/repeat128 step=464/512 loss=2.804799
[2026-09-06 18:34:03] qwen/repeat128 step=480/512 loss=2.319282
[2026-09-06 18:34:25] qwen/repeat128 step=496/512 loss=2.669438
[2026-09-06 18:34:47] qwen/repeat128 step=512/512 loss=2.869869
[2026-09-06 18:34:58] qwen/repeat128 validation step=512 KL=3.434496 best=3.434496
[2026-09-06 18:35:49] qwen/diverse1024 step=16/512 loss=5.161424
[2026-09-06 18:36:10] qwen/diverse1024 step=32/512 loss=4.962789
[2026-09-06 18:36:30] qwen/diverse1024 step=48/512 loss=4.521820
[2026-09-06 18:36:53] qwen/diverse1024 step=64/512 loss=4.179417
[2026-09-06 18:37:03] qwen/diverse1024 validation step=64 KL=4.683875 best=4.683875
[2026-09-06 18:37:24] qwen/diverse1024 step=80/512 loss=4.568831
[2026-09-06 18:37:45] qwen/diverse1024 step=96/512 loss=3.272990
[2026-09-06 18:38:06] qwen/diverse1024 step=112/512 loss=4.689157
[2026-09-06 18:38:26] qwen/diverse1024 step=128/512 loss=5.567133
[2026-09-06 18:38:36] qwen/diverse1024 validation step=128 KL=4.518739 best=4.518739
[2026-09-06 18:38:56] qwen/diverse1024 step=144/512 loss=5.579714
[2026-09-06 18:39:18] qwen/diverse1024 step=160/512 loss=4.006457
[2026-09-06 18:39:43] qwen/diverse1024 step=176/512 loss=4.055819
[2026-09-06 18:40:10] qwen/diverse1024 step=192/512 loss=4.383981
[2026-09-06 18:40:24] qwen/diverse1024 validation step=192 KL=4.355254 best=4.355254
[2026-09-06 18:40:51] qwen/diverse1024 step=208/512 loss=4.405016
[2026-09-06 18:41:17] qwen/diverse1024 step=224/512 loss=4.909462
[2026-09-06 18:41:45] qwen/diverse1024 step=240/512 loss=3.991819
[2026-09-06 18:42:11] qwen/diverse1024 step=256/512 loss=3.160035
[2026-09-06 18:42:24] qwen/diverse1024 validation step=256 KL=4.133293 best=4.133293
[2026-09-06 18:42:51] qwen/diverse1024 step=272/512 loss=3.437580
[2026-09-06 18:43:18] qwen/diverse1024 step=288/512 loss=4.443406
[2026-09-06 18:43:50] qwen/diverse1024 step=304/512 loss=3.466485
[2026-09-06 18:44:24] qwen/diverse1024 step=320/512 loss=4.085412
[2026-09-06 18:44:41] qwen/diverse1024 validation step=320 KL=3.909381 best=3.909381
[2026-09-06 18:45:15] qwen/diverse1024 step=336/512 loss=3.703509
[2026-09-06 18:45:49] qwen/diverse1024 step=352/512 loss=4.716514
[2026-09-06 18:46:22] qwen/diverse1024 step=368/512 loss=4.289820
[2026-09-06 18:46:43] qwen/diverse1024 step=384/512 loss=4.051936
[2026-09-06 18:46:53] qwen/diverse1024 validation step=384 KL=3.712359 best=3.712359
[2026-09-06 18:47:14] qwen/diverse1024 step=400/512 loss=3.737997
[2026-09-06 18:47:35] qwen/diverse1024 step=416/512 loss=2.693683
[2026-09-06 18:47:55] qwen/diverse1024 step=432/512 loss=2.845996
[2026-09-06 18:48:15] qwen/diverse1024 step=448/512 loss=3.714184
[2026-09-06 18:48:25] qwen/diverse1024 validation step=448 KL=3.497634 best=3.497634
[2026-09-06 18:48:46] qwen/diverse1024 step=464/512 loss=3.308131
[2026-09-06 18:49:09] qwen/diverse1024 step=480/512 loss=3.694929
[2026-09-06 18:49:32] qwen/diverse1024 step=496/512 loss=3.770088
[2026-09-06 18:49:54] qwen/diverse1024 step=512/512 loss=3.579858
[2026-09-06 18:50:04] qwen/diverse1024 validation step=512 KL=3.290160 best=3.290160
[2026-09-06 18:50:24] DONE train_qwen
[2026-09-06 18:50:24] START train_llama
Loading weights:   0%|          | 0/254 [00:00<?, ?it/s]Loading weights:   0%|          | 1/254 [00:00<01:00,  4.18it/s]Loading weights:  51%|█████     | 129/254 [00:00<00:00, 476.95it/s]Loading weights:  80%|███████▉  | 203/254 [00:00<00:00, 462.30it/s]Loading weights: 100%|██████████| 254/254 [00:00<00:00, 420.80it/s]
[2026-09-06 18:50:47] llama/overfit16 step=16/512 loss=5.057433
[2026-09-06 18:51:01] llama/overfit16 step=32/512 loss=4.993165
[2026-09-06 18:51:16] llama/overfit16 step=48/512 loss=4.726726
[2026-09-06 18:51:30] llama/overfit16 step=64/512 loss=4.579936
[2026-09-06 18:51:30] llama/overfit16 validation step=64 KL=4.807713 best=4.807713
[2026-09-06 18:51:44] llama/overfit16 step=80/512 loss=4.708690
[2026-09-06 18:51:58] llama/overfit16 step=96/512 loss=4.566684
[2026-09-06 18:52:13] llama/overfit16 step=112/512 loss=4.230346
[2026-09-06 18:52:28] llama/overfit16 step=128/512 loss=3.944954
[2026-09-06 18:52:29] llama/overfit16 validation step=128 KL=4.056836 best=4.056836
[2026-09-06 18:52:44] llama/overfit16 step=144/512 loss=3.407089
[2026-09-06 18:52:58] llama/overfit16 step=160/512 loss=3.787238
[2026-09-06 18:53:12] llama/overfit16 step=176/512 loss=3.130381
[2026-09-06 18:53:27] llama/overfit16 step=192/512 loss=2.512192
[2026-09-06 18:53:28] llama/overfit16 validation step=192 KL=2.721212 best=2.721212
[2026-09-06 18:53:43] llama/overfit16 step=208/512 loss=2.203601
[2026-09-06 18:53:57] llama/overfit16 step=224/512 loss=1.788852
[2026-09-06 18:54:11] llama/overfit16 step=240/512 loss=1.736660
[2026-09-06 18:54:26] llama/overfit16 step=256/512 loss=1.449800
[2026-09-06 18:54:27] llama/overfit16 validation step=256 KL=1.516524 best=1.516524
[2026-09-06 18:54:41] llama/overfit16 step=272/512 loss=0.935966
[2026-09-06 18:54:55] llama/overfit16 step=288/512 loss=1.624416
[2026-09-06 18:55:10] llama/overfit16 step=304/512 loss=1.096157
[2026-09-06 18:55:27] llama/overfit16 step=320/512 loss=0.570297
[2026-09-06 18:55:28] llama/overfit16 validation step=320 KL=0.929218 best=0.929218
[2026-09-06 18:55:48] llama/overfit16 step=336/512 loss=0.915918
[2026-09-06 18:56:08] llama/overfit16 step=352/512 loss=0.987027
[2026-09-06 18:56:28] llama/overfit16 step=368/512 loss=0.603113
[2026-09-06 18:56:47] llama/overfit16 step=384/512 loss=1.022133
[2026-09-06 18:56:48] llama/overfit16 validation step=384 KL=0.604771 best=0.604771
[2026-09-06 18:57:07] llama/overfit16 step=400/512 loss=0.546090
[2026-09-06 18:57:26] llama/overfit16 step=416/512 loss=0.809695
[2026-09-06 18:57:46] llama/overfit16 step=432/512 loss=0.709658
[2026-09-06 18:58:06] llama/overfit16 step=448/512 loss=0.153615
[2026-09-06 18:58:07] llama/overfit16 validation step=448 KL=0.418510 best=0.418510
[2026-09-06 18:58:26] llama/overfit16 step=464/512 loss=0.155847
[2026-09-06 18:58:46] llama/overfit16 step=480/512 loss=0.356090
[2026-09-06 18:59:06] llama/overfit16 step=496/512 loss=0.371462
[2026-09-06 18:59:25] llama/overfit16 step=512/512 loss=0.138352
[2026-09-06 18:59:26] llama/overfit16 validation step=512 KL=0.321830 best=0.321830
[2026-09-06 19:00:15] llama/repeat128 step=16/512 loss=4.764989
[2026-09-06 19:00:38] llama/repeat128 step=32/512 loss=4.818045
[2026-09-06 19:01:03] llama/repeat128 step=48/512 loss=4.557317
[2026-09-06 19:01:26] llama/repeat128 step=64/512 loss=4.977661
[2026-09-06 19:01:39] llama/repeat128 validation step=64 KL=4.868953 best=4.868953
[2026-09-06 19:02:04] llama/repeat128 step=80/512 loss=5.078820
[2026-09-06 19:02:28] llama/repeat128 step=96/512 loss=4.682776
[2026-09-06 19:02:46] llama/repeat128 step=112/512 loss=4.658035
[2026-09-06 19:03:00] llama/repeat128 step=128/512 loss=4.665532
[2026-09-06 19:03:07] llama/repeat128 validation step=128 KL=4.620517 best=4.620517
[2026-09-06 19:03:21] llama/repeat128 step=144/512 loss=4.220342
[2026-09-06 19:03:35] llama/repeat128 step=160/512 loss=4.486440
[2026-09-06 19:03:48] llama/repeat128 step=176/512 loss=4.164797
[2026-09-06 19:04:02] llama/repeat128 step=192/512 loss=3.758575
[2026-09-06 19:04:09] llama/repeat128 validation step=192 KL=4.249463 best=4.249463
[2026-09-06 19:04:23] llama/repeat128 step=208/512 loss=4.324780
[2026-09-06 19:04:37] llama/repeat128 step=224/512 loss=4.397953
[2026-09-06 19:04:51] llama/repeat128 step=240/512 loss=3.824287
[2026-09-06 19:05:05] llama/repeat128 step=256/512 loss=3.508062
[2026-09-06 19:05:13] llama/repeat128 validation step=256 KL=3.463824 best=3.463824
[2026-09-06 19:05:28] llama/repeat128 step=272/512 loss=2.188427
[2026-09-06 19:05:43] llama/repeat128 step=288/512 loss=2.540510
[2026-09-06 19:05:57] llama/repeat128 step=304/512 loss=3.227232
[2026-09-06 19:06:10] llama/repeat128 step=320/512 loss=1.858389
[2026-09-06 19:06:18] llama/repeat128 validation step=320 KL=2.335746 best=2.335746
[2026-09-06 19:06:32] llama/repeat128 step=336/512 loss=2.425250
[2026-09-06 19:06:46] llama/repeat128 step=352/512 loss=2.799576
[2026-09-06 19:07:01] llama/repeat128 step=368/512 loss=1.217789
[2026-09-06 19:07:14] llama/repeat128 step=384/512 loss=1.993666
[2026-09-06 19:07:23] llama/repeat128 validation step=384 KL=1.514531 best=1.514531
[2026-09-06 19:07:37] llama/repeat128 step=400/512 loss=1.601600
[2026-09-06 19:07:53] llama/repeat128 step=416/512 loss=0.578377
[2026-09-06 19:08:06] llama/repeat128 step=432/512 loss=0.779568
[2026-09-06 19:08:20] llama/repeat128 step=448/512 loss=1.239451
[2026-09-06 19:08:27] llama/repeat128 validation step=448 KL=1.084447 best=1.084447
[2026-09-06 19:08:41] llama/repeat128 step=464/512 loss=0.853346
[2026-09-06 19:08:55] llama/repeat128 step=480/512 loss=0.622172
[2026-09-06 19:09:09] llama/repeat128 step=496/512 loss=1.127078
[2026-09-06 19:09:23] llama/repeat128 step=512/512 loss=0.960038
[2026-09-06 19:09:30] llama/repeat128 validation step=512 KL=0.867056 best=0.867056
[2026-09-06 19:10:06] llama/diverse1024 step=16/512 loss=4.936450
[2026-09-06 19:10:21] llama/diverse1024 step=32/512 loss=5.603341
[2026-09-06 19:10:35] llama/diverse1024 step=48/512 loss=4.587244
[2026-09-06 19:10:51] llama/diverse1024 step=64/512 loss=4.470553
[2026-09-06 19:10:58] llama/diverse1024 validation step=64 KL=4.825246 best=4.825246
[2026-09-06 19:11:12] llama/diverse1024 step=80/512 loss=4.863207
[2026-09-06 19:11:26] llama/diverse1024 step=96/512 loss=4.642229
[2026-09-06 19:11:43] llama/diverse1024 step=112/512 loss=4.166844
[2026-09-06 19:12:01] llama/diverse1024 step=128/512 loss=4.899961
[2026-09-06 19:12:12] llama/diverse1024 validation step=128 KL=4.567245 best=4.567245
[2026-09-06 19:12:32] llama/diverse1024 step=144/512 loss=5.283001
[2026-09-06 19:12:52] llama/diverse1024 step=160/512 loss=4.703221
[2026-09-06 19:13:10] llama/diverse1024 step=176/512 loss=3.905296
[2026-09-06 19:13:29] llama/diverse1024 step=192/512 loss=4.399346
[2026-09-06 19:13:39] llama/diverse1024 validation step=192 KL=4.195140 best=4.195140
[2026-09-06 19:13:59] llama/diverse1024 step=208/512 loss=3.835728
[2026-09-06 19:14:19] llama/diverse1024 step=224/512 loss=4.684142
[2026-09-06 19:14:40] llama/diverse1024 step=240/512 loss=3.431303
[2026-09-06 19:15:00] llama/diverse1024 step=256/512 loss=3.539081
[2026-09-06 19:15:09] llama/diverse1024 validation step=256 KL=3.469324 best=3.469324
[2026-09-06 19:15:29] llama/diverse1024 step=272/512 loss=3.214831
[2026-09-06 19:15:49] llama/diverse1024 step=288/512 loss=2.355672
[2026-09-06 19:16:11] llama/diverse1024 step=304/512 loss=2.556316
[2026-09-06 19:16:33] llama/diverse1024 step=320/512 loss=2.782074
[2026-09-06 19:16:46] llama/diverse1024 validation step=320 KL=2.420413 best=2.420413
[2026-09-06 19:17:12] llama/diverse1024 step=336/512 loss=2.015822
[2026-09-06 19:17:35] llama/diverse1024 step=352/512 loss=2.619319
[2026-09-06 19:17:59] llama/diverse1024 step=368/512 loss=2.451057
[2026-09-06 19:18:23] llama/diverse1024 step=384/512 loss=1.613217
[2026-09-06 19:18:38] llama/diverse1024 validation step=384 KL=1.522741 best=1.522741
[2026-09-06 19:19:00] llama/diverse1024 step=400/512 loss=1.899566
[2026-09-06 19:19:15] llama/diverse1024 step=416/512 loss=1.827827
[2026-09-06 19:19:29] llama/diverse1024 step=432/512 loss=0.948314
[2026-09-06 19:19:42] llama/diverse1024 step=448/512 loss=1.736741
[2026-09-06 19:19:49] llama/diverse1024 validation step=448 KL=1.041235 best=1.041235
[2026-09-06 19:20:03] llama/diverse1024 step=464/512 loss=1.095802
[2026-09-06 19:20:17] llama/diverse1024 step=480/512 loss=0.759377
[2026-09-06 19:20:31] llama/diverse1024 step=496/512 loss=1.072125
[2026-09-06 19:20:45] llama/diverse1024 step=512/512 loss=0.881047
[2026-09-06 19:20:52] llama/diverse1024 validation step=512 KL=0.798172 best=0.798172
[2026-09-06 19:21:08] DONE train_llama
[2026-09-06 19:21:08] START compare
[2026-09-06 19:21:11] Saved training-sufficiency comparison
[2026-09-06 19:21:12] DONE compare
[2026-09-06 19:21:12] ALL EXPERIMENTS COMPLETED
