{
  "status": "complete",
  "args": {
    "model": "/home/yezhe/all_models/models/Qwen/Qwen3-8B",
    "train_index": "/home/yezhe/伪查询/runs/p2a2_query_output_native_kv_qwen3_8b_seed1234/cache_native_kv_pairs/train/index.json",
    "out": "/home/yezhe/伪查询/runs/p2a2_query_output_native_kv_qwen3_8b_seed1234/train/output_only",
    "config_name": "output_only",
    "query_rank": 0,
    "output_rank": 32,
    "max_pairs": 512,
    "epochs": 2,
    "max_length": 256,
    "max_gate": 0.5,
    "gate_init": 0.01,
    "cf_weight": 0.5,
    "cf_margin": 0.5,
    "negative_weight": 0.5,
    "negative_margin": 0.5,
    "lr": 0.005,
    "weight_decay": 0.0,
    "gradient_accumulation": 4,
    "seed": 1234,
    "device": "cuda",
    "dtype": "float16"
  },
  "pairs": 512,
  "steps": 1024,
  "checkpoint": "/home/yezhe/伪查询/runs/p2a2_query_output_native_kv_qwen3_8b_seed1234/train/output_only/checkpoint_latest.pt",
  "gates": [
    0.009677200578153133,
    0.01107044704258442,
    0.009204567410051823,
    0.011743603274226189,
    0.011026202701032162,
    -0.000869255920406431,
    -0.004140344448387623,
    -0.011409983970224857,
    -0.013541010208427906,
    -0.013874371536076069,
    -0.007640865631401539,
    -0.009051080793142319,
    0.009960311464965343,
    0.0068830386735498905,
    0.01750207133591175,
    0.01906539499759674,
    -0.001651085214689374,
    0.021152177825570107,
    0.009061138145625591,
    0.007333427667617798,
    0.008129359222948551,
    0.0013960057403892279,
    0.02008489891886711,
    0.006974475458264351,
    0.03458058461546898,
    -0.011157762259244919,
    0.008346823044121265,
    0.00010914525046246126,
    -0.01815102808177471,
    0.0690675675868988,
    0.008498059585690498,
    0.01134873554110527,
    0.04197033867239952,
    0.06717292219400406,
    0.023695209994912148,
    -0.007611481938511133
  ]
}