last_context_aware_ce,last_context_unaware_ce,last_generation_loss,last_logit_kl_loss,last_loss,last_readout_loss,last_rec_loss,last_route_loss,last_stage,last_step,method,method_group
1.505745768547058,3.0877344608306885,2.2967400550842285,0.0,2.2967400550842285,0.0,2.252354145050049,0.0,phase2_mixed_generation,1024,paper_rec_then_mixed_generation,paper
0.0,0.0,0.0,0.0,1.7279798984527588,0.0,1.7279798984527588,0.0,mse,1024,mse_only,baseline
0.0,2.8046762943267822,2.8046762943267822,0.0,2.8046762943267822,0.0,2.2336227893829346,0.0,ce,1024,mse_then_ce,baseline
1.5520099401474,3.2005341053009033,2.376271963119507,1.856140375137329,3.6489219665527344,0.8840857744216919,2.2465219497680664,0.31451115012168884,phase2_q_aware_functional,1024,q_aware_functional,ours
