condition,n,exact_match,answer_f1,contains_gold,mean_generated_tokens,mean_input_tokens,truncated_rate,mean_latency_seconds
question_only,128,0.0703125,0.12182849702380953,0.09375,5.8203125,71.7265625,0.0,0.19501027015940053
a_only,128,0.40625,0.5018870095386639,0.4453125,5.3828125,791.125,0.0,0.23312951388652436
b_only,128,0.3359375,0.44713936237373736,0.40625,5.2578125,773.984375,0.0,0.2247621396163595
a_plus_b,128,0.4921875,0.6425223507599427,0.578125,5.671875,1499.3828125,0.0,0.372876982386515
