{
  "args": {
    "sender_model": "Qwen3-0.6B",
    "receiver_model": "Qwen3-1.7B",
    "data": "/home/yezhe/数据集/HotpotQA/raw/hotpot_dev_distractor_v1.json",
    "out": "runs/agent_latent_comm_contrastive_smoke_n4_eval2",
    "layer": 12,
    "topk": 64,
    "fake_tokens": 16,
    "max_context_chars": 2500,
    "max_length": 512,
    "max_samples": 4,
    "eval_samples": 2,
    "reader_hidden": 256,
    "epochs": 1,
    "lr": 0.0002,
    "alpha": 1.0,
    "w_kl": 0.05,
    "w_margin": 0.5,
    "margin": 0.25,
    "cpu": true
  },
  "train": [
    {
      "loss": 4.742453098297119,
      "correct_ce": 4.604531288146973,
      "text_kl": 0.06574111431837082,
      "margin_loss": 0.26927030086517334,
      "shuffled_ce": 4.5933451652526855,
      "zero_Z_ce": 4.591128349304199,
      "random_Z_ce": 4.578187465667725,
      "constant_Z_ce": 4.578382968902588
    },
    {
      "loss": 3.3612313270568848,
      "correct_ce": 3.2630977630615234,
      "text_kl": 0.010137774050235748,
      "margin_loss": 0.19525355100631714,
      "shuffled_ce": 3.2629759311676025,
      "zero_Z_ce": 3.370170831680298,
      "random_Z_ce": 3.372108221054077,
      "constant_Z_ce": 3.2661218643188477
    },
    {
      "loss": 5.39800500869751,
      "correct_ce": 5.334077835083008,
      "text_kl": 0.008394787088036537,
      "margin_loss": 0.1270151138305664,
      "shuffled_ce": 5.323843002319336,
      "zero_Z_ce": 5.803650379180908,
      "random_Z_ce": 5.809911251068115,
      "constant_Z_ce": 5.336252212524414
    },
    {
      "loss": 0.9898325204849243,
      "correct_ce": 0.8511394262313843,
      "text_kl": 1.2588832378387451,
      "margin_loss": 0.15149779617786407,
      "shuffled_ce": 0.7569635510444641,
      "zero_Z_ce": 2.5037896633148193,
      "random_Z_ce": 2.460808277130127,
      "constant_Z_ce": 0.8393241167068481
    }
  ],
  "eval_rows": [
    {
      "no_comm_ce": 1.8695807456970215,
      "text_comm_ce": 0.15147191286087036,
      "latent_comm_ce": 1.66428804397583,
      "shuffled_latent_ce": 1.6616754531860352,
      "zero_Z_ce": 1.302056074142456,
      "random_Z_ce": 1.3014343976974487,
      "constant_Z_ce": 1.6650829315185547,
      "latent_vs_text_kl": 1.4026559591293335,
      "no_comm_vs_text_kl": 1.7070592641830444,
      "latent_top1_text_match": 0.6666666865348816,
      "latent_top5_text_match": 1.0,
      "latent_top10_text_match": 1.0,
      "no_comm_top1_text_match": 0.8333333134651184,
      "shuffled_top1_text_match": 0.6666666865348816,
      "zero_Z_top1_text_match": 0.6666666865348816,
      "random_Z_top1_text_match": 0.6666666865348816,
      "constant_Z_top1_text_match": 0.6666666865348816
    },
    {
      "no_comm_ce": 0.8529866337776184,
      "text_comm_ce": 0.02227150648832321,
      "latent_comm_ce": 1.3422585725784302,
      "shuffled_latent_ce": 1.3444336652755737,
      "zero_Z_ce": 1.1018733978271484,
      "random_Z_ce": 1.094443917274475,
      "constant_Z_ce": 1.3433326482772827,
      "latent_vs_text_kl": 1.3594907522201538,
      "no_comm_vs_text_kl": 0.7978245615959167,
      "latent_top1_text_match": 0.6666666865348816,
      "latent_top5_text_match": 1.0,
      "latent_top10_text_match": 1.0,
      "no_comm_top1_text_match": 0.6666666865348816,
      "shuffled_top1_text_match": 0.6666666865348816,
      "zero_Z_top1_text_match": 0.6666666865348816,
      "random_Z_top1_text_match": 0.6666666865348816,
      "constant_Z_top1_text_match": 0.6666666865348816
    }
  ],
  "summary": {
    "no_comm_ce": 1.36128368973732,
    "text_comm_ce": 0.08687170967459679,
    "latent_comm_ce": 1.5032733082771301,
    "shuffled_latent_ce": 1.5030545592308044,
    "zero_Z_ce": 1.2019647359848022,
    "random_Z_ce": 1.197939157485962,
    "constant_Z_ce": 1.5042077898979187,
    "latent_vs_text_kl": 1.3810733556747437,
    "no_comm_vs_text_kl": 1.2524419128894806,
    "latent_top1_text_match": 0.6666666865348816,
    "latent_top5_text_match": 1.0,
    "latent_top10_text_match": 1.0,
    "no_comm_top1_text_match": 0.75,
    "shuffled_top1_text_match": 0.6666666865348816,
    "zero_Z_top1_text_match": 0.6666666865348816,
    "random_Z_top1_text_match": 0.6666666865348816,
    "constant_Z_top1_text_match": 0.6666666865348816,
    "layer": 12,
    "topk": 64,
    "fake_tokens": 16,
    "alpha": 1.0
  }
}