attention_output_cos,attention_route_js,attention_route_overlap,ce_delta,k_cos,kv_joint_consistency,kv_mse,kv_relative_mse,logit_kl,receiver_native_ce,receiver_native_f1,receiver_native_logit_quality,top1_match,translated_ce,translated_f1,v_cos
0.24013277625869833,0.3495696095820417,0.2829481782849013,-2.038067434077675,0.8756269941638624,0.4259927110584353,40.55154098647614,0.43982146590341087,3.012671810751015,4.815199664190004,0.07706075849525507,-4.815199664190004,0.42138968245126307,2.777132230112329,0.05570507330698708,0.5501439278845542
