condition,n,accuracy,memory_answer_hit_rate,mean_confidence
a_only,128,0.0234375,0.0234375,0.2295265953289345
answer_masked,128,0.03125,0.03125,0.2257982372539118
b_only,128,0.0234375,0.0234375,0.23573875986039639
correct,128,0.03125,0.03125,0.22247284394688904
counterfactual_state_swap,128,0.03125,0.03125,0.22247284394688904
question_only,128,0.015625,0.015625,0.20321448636241257
shuffled_state,128,0.03125,0.0234375,0.22244772547855973
