{
  "train": [
    {
      "epoch": 0,
      "step": 0,
      "query_source": "no_context",
      "memory_mode": "topk",
      "layer": 8,
      "alpha": 0.5,
      "memory_tokens": 64,
      "loss": 2.1759753227233887,
      "mse": 0.4306125342845917,
      "cosine_loss": 1.0273295640945435,
      "kl": 18.373851776123047,
      "patched_ce": 6.212041854858398,
      "teacher_ce": 2.6258296966552734
    },
    {
      "epoch": 0,
      "step": 1,
      "query_source": "no_context",
      "memory_mode": "topk",
      "layer": 8,
      "alpha": 0.5,
      "memory_tokens": 64,
      "loss": 1.2562371492385864,
      "mse": 0.4641355574131012,
      "cosine_loss": 0.9892832636833191,
      "kl": 6.313205242156982,
      "patched_ce": 2.785846710205078,
      "teacher_ce": 0.41797658801078796
    }
  ],
  "eval_rows": [
    {
      "query_source": "no_context",
      "memory_mode": "topk",
      "layer": 8,
      "alpha": 0.5,
      "memory_tokens": 64,
      "teacher_ce": 2.6258296966552734,
      "no_context_ce": 6.850780963897705,
      "patched_ce": 4.018304347991943,
      "patched_kl": 18.011550903320312,
      "no_context_kl": 19.402379989624023,
      "patched_top1_match": 0.0,
      "no_context_top1_match": 0.0,
      "attn_mse": 0.44337159395217896
    },
    {
      "query_source": "no_context",
      "memory_mode": "topk",
      "layer": 8,
      "alpha": 0.5,
      "memory_tokens": 64,
      "teacher_ce": 0.41797658801078796,
      "no_context_ce": 5.424599647521973,
      "patched_ce": 3.471104145050049,
      "patched_kl": 5.853483200073242,
      "no_context_kl": 5.395748138427734,
      "patched_top1_match": 0.0,
      "no_context_top1_match": 0.0,
      "attn_mse": 0.3635169267654419
    }
  ],
  "summary": {
    "layer": 8,
    "alpha": 0.5,
    "memory_tokens": 64.0,
    "teacher_ce": 1.5219031423330307,
    "no_context_ce": 6.137690305709839,
    "patched_ce": 3.744704246520996,
    "patched_kl": 11.932517051696777,
    "no_context_kl": 12.399064064025879,
    "patched_top1_match": 0.0,
    "no_context_top1_match": 0.0,
    "attn_mse": 0.4034442603588104,
    "query_source": "no_context",
    "memory_mode": "topk",
    "cuda_peak_memory_bytes": 0
  }
}