{
  "status": "complete",
  "experiment": "P3-E-B Qwen3-8B sender Native Headwise16 to Qwen3-4B",
  "reader_mode": "stage_a_zero_shot",
  "samples": 64,
  "conditions": {
    "question_only": {
      "n": 64,
      "em": 0.171875,
      "f1": 0.2837907936549819,
      "eos_rate": 0.953125,
      "by_type": {
        "bridge": {
          "n": 32,
          "em": 0.15625,
          "f1": 0.23322555322966507
        },
        "comparison": {
          "n": 32,
          "em": 0.1875,
          "f1": 0.3343560340802988
        }
      }
    },
    "gold_full_text": {
      "n": 64,
      "em": 0.25,
      "f1": 0.40983000528813956,
      "eos_rate": 0.640625,
      "by_type": {
        "bridge": {
          "n": 32,
          "em": 0.46875,
          "f1": 0.6608480553739421
        },
        "comparison": {
          "n": 32,
          "em": 0.03125,
          "f1": 0.15881195520233732
        }
      }
    },
    "reader_off": {
      "n": 64,
      "em": 0.171875,
      "f1": 0.2837907936549819,
      "eos_rate": 0.953125,
      "by_type": {
        "bridge": {
          "n": 32,
          "em": 0.15625,
          "f1": 0.23322555322966507
        },
        "comparison": {
          "n": 32,
          "em": 0.1875,
          "f1": 0.3343560340802988
        }
      }
    },
    "correct_sender_native_headwise16": {
      "n": 64,
      "em": 0.328125,
      "f1": 0.4217068370940653,
      "eos_rate": 0.984375,
      "by_type": {
        "bridge": {
          "n": 32,
          "em": 0.25,
          "f1": 0.40111294955044957
        },
        "comparison": {
          "n": 32,
          "em": 0.40625,
          "f1": 0.44230072463768116
        }
      }
    },
    "hard_shuffled_sender_native_headwise16": {
      "n": 64,
      "em": 0.234375,
      "f1": 0.2737660256410257,
      "eos_rate": 0.96875,
      "by_type": {
        "bridge": {
          "n": 32,
          "em": 0.09375,
          "f1": 0.11291666666666667
        },
        "comparison": {
          "n": 32,
          "em": 0.375,
          "f1": 0.4346153846153847
        }
      }
    },
    "oracle_support_sender_native_headwise16": {
      "n": 64,
      "em": 0.390625,
      "f1": 0.4972783521303258,
      "eos_rate": 0.984375,
      "by_type": {
        "bridge": {
          "n": 32,
          "em": 0.25,
          "f1": 0.39559837092731825
        },
        "comparison": {
          "n": 32,
          "em": 0.53125,
          "f1": 0.5989583333333333
        }
      }
    }
  },
  "correct_shuffled_f1_gap": 0.1479408114530396,
  "correct_question_only_f1_gain": 0.13791604343908342,
  "prediction_switch_rate": 0.765625,
  "reader_off_exact_output_consistency": 1.0,
  "gates": [
    0.16586615145206451,
    0.13533014059066772,
    0.19305236637592316,
    0.20085155963897705,
    0.2129654735326767,
    0.1790449172258377,
    0.20471586287021637,
    0.16337646543979645,
    0.26285606622695923,
    0.28740453720092773,
    0.34902024269104004,
    0.4272020757198334,
    0.37821829319000244,
    0.34605664014816284,
    0.42610815167427063,
    0.28855401277542114
  ],
  "layer_head_support_attention_mass": {
    "0": [
      0.3079867660999298,
      0.3715773820877075,
      0.3573153614997864,
      0.3484402894973755,
      0.36972734332084656,
      0.35216063261032104,
      0.36934998631477356,
      0.35640212893486023
    ],
    "2": [
      0.3402806222438812,
      0.31289026141166687,
      0.423187792301178,
      0.3964388370513916,
      0.3486260771751404,
      0.4112883508205414,
      0.373507559299469,
      0.2931920289993286
    ],
    "5": [
      0.31971821188926697,
      0.3006260097026825,
      0.38524824380874634,
      0.43552863597869873,
      0.3846266269683838,
      0.36454281210899353,
      0.41522860527038574,
      0.28014206886291504
    ],
    "7": [
      0.3241569399833679,
      0.09598389267921448,
      0.22785091400146484,
      0.1407637894153595,
      0.3800969421863556,
      0.17067331075668335,
      0.19029395282268524,
      0.3305788040161133
    ],
    "9": [
      0.13908477127552032,
      0.26588279008865356,
      0.1548515409231186,
      0.3753608465194702,
      0.2534274756908417,
      0.40199244022369385,
      0.2847152352333069,
      0.20805075764656067
    ],
    "12": [
      0.2377583086490631,
      0.2885414659976959,
      0.3190006911754608,
      0.265330046415329,
      0.2788010537624359,
      0.15414440631866455,
      0.18190915882587433,
      0.2172515094280243
    ],
    "14": [
      0.24988311529159546,
      0.350030779838562,
      0.18548879027366638,
      0.24098895490169525,
      0.3313870429992676,
      0.21766823530197144,
      0.25584685802459717,
      0.34583261609077454
    ],
    "16": [
      0.17309001088142395,
      0.23137277364730835,
      0.10834075510501862,
      0.20953738689422607,
      0.34450042247772217,
      0.3456602990627289,
      0.4078863263130188,
      0.32095903158187866
    ],
    "19": [
      0.2453797310590744,
      0.36564987897872925,
      0.3584643006324768,
      0.37852925062179565,
      0.26319465041160583,
      0.2762400507926941,
      0.4019220471382141,
      0.3051888346672058
    ],
    "21": [
      0.24304300546646118,
      0.23813171684741974,
      0.38057219982147217,
      0.39274904131889343,
      0.34708911180496216,
      0.4344251751899719,
      0.4142606854438782,
      0.30749303102493286
    ],
    "23": [
      0.2858665883541107,
      0.3673436641693115,
      0.3411422669887543,
      0.38672739267349243,
      0.27491495013237,
      0.293946236371994,
      0.2261393666267395,
      0.2722521126270294
    ],
    "26": [
      0.2435571253299713,
      0.4518561065196991,
      0.34735286235809326,
      0.3041551113128662,
      0.4176561236381531,
      0.3509019613265991,
      0.3298046886920929,
      0.19196410477161407
    ],
    "28": [
      0.35711172223091125,
      0.30188828706741333,
      0.18502368032932281,
      0.43171966075897217,
      0.2694821059703827,
      0.14072279632091522,
      0.23743803799152374,
      0.3799038529396057
    ],
    "30": [
      0.25652655959129333,
      0.36792027950286865,
      0.3688656687736511,
      0.2789027988910675,
      0.21929584443569183,
      0.23538529872894287,
      0.4255434572696686,
      0.28051459789276123
    ],
    "33": [
      0.34698936343193054,
      0.31177380681037903,
      0.2715064287185669,
      0.4555591940879822,
      0.3390871584415436,
      0.29265913367271423,
      0.326543390750885,
      0.40360182523727417
    ],
    "35": [
      0.3850415050983429,
      0.24169093370437622,
      0.19648611545562744,
      0.3255266845226288,
      0.36574238538742065,
      0.42744681239128113,
      0.26442673802375793,
      0.2438863068819046
    ]
  },
  "native_path": {
    "sender": "Qwen3-8B",
    "receiver": "Qwen3-4B",
    "memory": "[16,T,8,128]",
    "query": "[B,S,32,128]",
    "gqa_group": 4,
    "output": "[B,S,4096] -> frozen Qwen3-4B native o_proj",
    "writer_loaded": false,
    "canonical_projection_used": false
  },
  "checkpoint": "/home/yezhe/伪查询/runs/p3e_a_receiver_native_headwise16_qwen3_4b_seed1234/formal512/reader/checkpoint_best.pt",
  "data": "/home/yezhe/伪查询/runs/p3d3_layer_aligned_native_query_reader_train512_seed1234/cache/native/validation/index.json"
}