answer_f1,attention_js,attention_output_cos,ce_delta,final_answer_exact_match,k_cos,kv_joint_consistency,kv_mse,logit_kl,method,n,readout_loss,readout_output_cos,readout_output_mse,receiver_cache_reconstruction_loss,receiver_native_ce,receiver_prompt_mode,route_overlap,top1_match,translated_ce,v_cos
0.6710590294625522,0.3297599518684567,0.5894636295593552,0.276888445019722,0.109375,0.8126930369892054,0.2730330528542658,2.0418472042586773,0.6609998918331903,paper_rec_then_mixed_generation,64,1.1473113664298782,0.05168356204836123,0.19899492847823946,2.0418471936136484,1.1328588258475065,context_aware,0.5803827918522682,0.7724382113665342,1.4097472708672285,0.36217521723463303
0.5784004293732931,0.323781662714383,0.4866301573153275,0.9273050324991345,0.25,0.8126930369892054,0.2730330528542658,2.0418472042586773,1.4629841973269908,paper_rec_then_mixed_generation,64,1.1304661305933241,0.07415172486619781,0.204617855459522,2.0418471936136484,1.196490852162242,context_unaware,0.5816847425109396,0.6371233174577355,2.123795883730054,0.36217521723463303
