{
  "status": "complete",
  "configuration": "uniform8",
  "samples": 428,
  "conditions": {
    "correct": {
      "n": 428,
      "em": 0.24532710280373832,
      "f1": 0.3237776466729349,
      "source_em": 0.0,
      "insufficient_rate": 0.0,
      "eos_rate": 0.9953271028037384,
      "compatibility_score": 2.2238268186555845,
      "bridge_f1": 0.15637712096332784,
      "comparison_f1": 0.5588907445796861
    },
    "hard_shuffled": {
      "n": 428,
      "em": 0.24532710280373832,
      "f1": 0.31934304395134533,
      "source_em": 0.0,
      "insufficient_rate": 0.0,
      "eos_rate": 0.9953271028037384,
      "compatibility_score": 1.9985360589539893,
      "bridge_f1": 0.15358562091503267,
      "comparison_f1": 0.5521484133843685
    },
    "zero": {
      "n": 428,
      "em": 0.056074766355140186,
      "f1": 0.15983549377189996,
      "source_em": 0.0,
      "insufficient_rate": 0.028037383177570093,
      "eos_rate": 0.6588785046728972,
      "compatibility_score": -0.47010567081030286,
      "bridge_f1": 0.1223102094915935,
      "comparison_f1": 0.21253954472738668
    },
    "reader_off": {
      "n": 428,
      "em": 0.056074766355140186,
      "f1": 0.15983549377189996,
      "source_em": 0.0,
      "insufficient_rate": 0.028037383177570093,
      "eos_rate": 0.6588785046728972,
      "compatibility_score": 0.0,
      "bridge_f1": 0.1223102094915935,
      "comparison_f1": 0.21253954472738668
    },
    "kv_mismatch": {
      "n": 428,
      "em": 0.25,
      "f1": 0.3276356964674361,
      "source_em": 0.0,
      "insufficient_rate": 0.002336448598130841,
      "eos_rate": 0.985981308411215,
      "compatibility_score": 2.099684836151444,
      "bridge_f1": 0.16213155276096453,
      "comparison_f1": 0.5600853365046151
    },
    "wrong_k_correct_v": {
      "n": 428,
      "em": 0.2546728971962617,
      "f1": 0.3341890211282374,
      "source_em": 0.0,
      "insufficient_rate": 0.002336448598130841,
      "eos_rate": 0.9813084112149533,
      "compatibility_score": 2.157988525718172,
      "bridge_f1": 0.1649405881699999,
      "comparison_f1": 0.5718974943841887
    },
    "correct_k_wrong_v": {
      "n": 428,
      "em": 0.2570093457943925,
      "f1": 0.3286350591257134,
      "source_em": 0.0,
      "insufficient_rate": 0.002336448598130841,
      "eos_rate": 0.9929906542056075,
      "compatibility_score": 1.9843029409089936,
      "bridge_f1": 0.1508451992451992,
      "comparison_f1": 0.5783399185084579
    },
    "token_permutation": {
      "n": 428,
      "em": 0.24532710280373832,
      "f1": 0.3237776466729349,
      "source_em": 0.0,
      "insufficient_rate": 0.0,
      "eos_rate": 0.9953271028037384,
      "compatibility_score": 2.2238268091856876,
      "bridge_f1": 0.15637712096332784,
      "comparison_f1": 0.5588907445796861
    },
    "layer_permutation": {
      "n": 428,
      "em": 0.24299065420560748,
      "f1": 0.3193643548764655,
      "source_em": 0.0,
      "insufficient_rate": 0.0,
      "eos_rate": 0.9953271028037384,
      "compatibility_score": 2.2542060298897395,
      "bridge_f1": 0.15148823207443896,
      "comparison_f1": 0.5551454262276262
    }
  },
  "correct_minus_shuffled_f1": 0.004434602721589576,
  "functional_diagnostics": {
    "residual_cosine": 0.21554635625297777,
    "reader_rms_ratio": 0.025391726593038712,
    "teacher_rms_ratio": 0.3913613551548708,
    "grounding_kl": 0.1631817891410439
  },
  "reader_parameters": 2838544,
  "receiver_parameters_updated": 0,
  "writer_parameters_updated": 0,
  "checkpoint": "/home/yezhe/伪查询/runs/p3d2_question_independent_reader_grounding_execution_seed1234/step3_capacity/uniform8/train/checkpoint_best.pt"
}