condition,n,accuracy,memory_answer_hit_rate,mean_confidence
a_only,128,0.0234375,0.0234375,0.08916107146069407
answer_masked,128,0.0234375,0.0234375,0.11352137161884457
b_only,128,0.015625,0.015625,0.07666089647682384
correct,128,0.046875,0.046875,0.10320359742036089
counterfactual_state_swap,128,0.0390625,0.046875,0.10320359742036089
question_only,128,0.0234375,0.0234375,0.08598323736805469
shuffled_state,128,0.015625,0.046875,0.10325747792376205
