attention_output_cos,attention_route_js,attention_route_overlap,ce_delta,k_cos,kv_joint_consistency,kv_mse,kv_relative_mse,logit_kl,receiver_native_ce,receiver_native_f1,receiver_native_logit_quality,top1_match,translated_ce,translated_f1,v_cos
-0.005846272766007132,0.5294527939820131,0.08377551345620304,-2.1772619623006904,0.01082183711242481,-0.000123195056023714,55.115088680280934,1.1995310192994242,2.3954869872551248,4.815199664190004,0.07706075849525507,-4.815199664190004,0.44715909543447196,2.6379377018893138,0.06392696450630195,0.003658900371980118
