answer_f1,attention_js,attention_output_cos,ce_delta,final_answer_exact_match,k_cos,kv_joint_consistency,kv_mse,logit_kl,method,n,readout_loss,readout_output_cos,readout_output_mse,receiver_cache_reconstruction_loss,receiver_native_ce,receiver_prompt_mode,route_overlap,top1_match,translated_ce,v_cos
0.6666742305544942,0.2809248108023894,0.6814221767708659,0.1338680349290371,0.375,0.8820242779329419,0.40517889265070806,29.239199778982638,0.6070929222466839,paper_rec_then_mixed_generation,64,4.681998872336635,0.24058899716643672,3.922587869503072,29.239201366901398,1.3275520633906126,context_aware,0.600754984321871,0.7734314361587167,1.4614200983196497,0.492349001761925
0.5916112576232011,0.2780072308045679,0.6079044681807448,0.612366359680891,0.453125,0.8820242779329419,0.40517889265070806,29.239199778982638,1.1944857907443185,paper_rec_then_mixed_generation,64,4.8298250458158725,0.25412618432553047,4.083951230141403,29.239201366901398,1.346755071543157,context_unaware,0.6038345322678131,0.6584791261702776,1.9591214312240481,0.492349001761925
