{
  "train": [
    {
      "epoch": 0,
      "step": 0,
      "query_source": "no_context",
      "memory_mode": "full",
      "layer": 12,
      "alpha": 1.0,
      "memory_tokens": 384,
      "loss": 2.7757186889648438,
      "mse": 0.7140181064605713,
      "cosine_loss": 1.0049747228622437,
      "kl": 20.57177734375,
      "patched_ce": 8.321167945861816,
      "teacher_ce": 2.6258296966552734
    },
    {
      "epoch": 0,
      "step": 1,
      "query_source": "no_context",
      "memory_mode": "full",
      "layer": 12,
      "alpha": 1.0,
      "memory_tokens": 384,
      "loss": 1.8556993007659912,
      "mse": 1.045426368713379,
      "cosine_loss": 0.9974791407585144,
      "kl": 5.747726917266846,
      "patched_ce": 3.233907461166382,
      "teacher_ce": 0.41797658801078796
    }
  ],
  "eval_rows": [
    {
      "query_source": "no_context",
      "memory_mode": "full",
      "layer": 12,
      "alpha": 1.0,
      "memory_tokens": 384,
      "teacher_ce": 2.6258296966552734,
      "no_context_ce": 6.850780963897705,
      "patched_ce": 3.1299211978912354,
      "patched_kl": 16.57901954650879,
      "no_context_kl": 19.402379989624023,
      "patched_top1_match": 0.0,
      "no_context_top1_match": 0.0,
      "attn_mse": 0.6826600432395935
    },
    {
      "query_source": "no_context",
      "memory_mode": "full",
      "layer": 12,
      "alpha": 1.0,
      "memory_tokens": 384,
      "teacher_ce": 0.41797658801078796,
      "no_context_ce": 5.424599647521973,
      "patched_ce": 3.7059056758880615,
      "patched_kl": 5.0860981941223145,
      "no_context_kl": 5.395748138427734,
      "patched_top1_match": 0.0,
      "no_context_top1_match": 0.0,
      "attn_mse": 0.7906555533409119
    }
  ],
  "summary": {
    "layer": 12,
    "alpha": 1.0,
    "memory_tokens": 384.0,
    "teacher_ce": 1.5219031423330307,
    "no_context_ce": 6.137690305709839,
    "patched_ce": 3.4179134368896484,
    "patched_kl": 10.832558870315552,
    "no_context_kl": 12.399064064025879,
    "patched_top1_match": 0.0,
    "no_context_top1_match": 0.0,
    "attn_mse": 0.7366577982902527,
    "query_source": "no_context",
    "memory_mode": "full",
    "cuda_peak_memory_bytes": 0
  }
}