{
  "train": [
    {
      "epoch": 0,
      "step": 0,
      "query_source": "no_context",
      "memory_mode": "topk",
      "layer": 4,
      "alpha": 0.75,
      "memory_tokens": 64,
      "loss": 2.3621833324432373,
      "mse": 0.3850003778934479,
      "cosine_loss": 0.9848383069038391,
      "kl": 21.189760208129883,
      "patched_ce": 7.207272529602051,
      "teacher_ce": 2.6258296966552734
    },
    {
      "epoch": 0,
      "step": 1,
      "query_source": "no_context",
      "memory_mode": "topk",
      "layer": 4,
      "alpha": 0.75,
      "memory_tokens": 64,
      "loss": 1.227718472480774,
      "mse": 0.43365198373794556,
      "cosine_loss": 0.998528003692627,
      "kl": 6.095200538635254,
      "patched_ce": 2.8960087299346924,
      "teacher_ce": 0.41797658801078796
    }
  ],
  "eval_rows": [
    {
      "query_source": "no_context",
      "memory_mode": "topk",
      "layer": 4,
      "alpha": 0.75,
      "memory_tokens": 64,
      "teacher_ce": 2.6258296966552734,
      "no_context_ce": 6.850780963897705,
      "patched_ce": 4.233016490936279,
      "patched_kl": 18.62636375427246,
      "no_context_kl": 19.402379989624023,
      "patched_top1_match": 0.0,
      "no_context_top1_match": 0.0,
      "attn_mse": 0.537151575088501
    },
    {
      "query_source": "no_context",
      "memory_mode": "topk",
      "layer": 4,
      "alpha": 0.75,
      "memory_tokens": 64,
      "teacher_ce": 0.41797658801078796,
      "no_context_ce": 5.424599647521973,
      "patched_ce": 3.668200969696045,
      "patched_kl": 5.260555744171143,
      "no_context_kl": 5.395748138427734,
      "patched_top1_match": 0.0,
      "no_context_top1_match": 0.0,
      "attn_mse": 0.46017181873321533
    }
  ],
  "summary": {
    "layer": 4,
    "alpha": 0.75,
    "memory_tokens": 64.0,
    "teacher_ce": 1.5219031423330307,
    "no_context_ce": 6.137690305709839,
    "patched_ce": 3.950608730316162,
    "patched_kl": 11.943459749221802,
    "no_context_kl": 12.399064064025879,
    "patched_top1_match": 0.0,
    "no_context_top1_match": 0.0,
    "attn_mse": 0.49866169691085815,
    "query_source": "no_context",
    "memory_mode": "topk",
    "cuda_peak_memory_bytes": 0
  }
}