answer_f1,attention_js,attention_output_cos,ce_delta,final_answer_exact_match,k_cos,kv_joint_consistency,kv_mse,logit_kl,method,n,readout_loss,readout_output_cos,readout_output_mse,receiver_cache_reconstruction_loss,receiver_native_ce,receiver_prompt_mode,route_overlap,top1_match,translated_ce,v_cos
0.6582706401951267,0.13279341232659392,0.6911615590964044,1.1356430938467383,0.484375,0.9172790329238134,0.47078117786441,25.878963541190128,1.3399435652486533,mse_only,64,3.8340870431175063,0.41122787898660007,3.2453149221041064,25.87896504998207,1.3275520633906126,context_aware,0.6899305038885879,0.7476010909304023,2.4631951563060284,0.5444758867379278
0.5752398997567587,0.1357479412475056,0.5947831226679097,2.2722850292921066,0.34375,0.9172790329238134,0.47078117786441,25.878963541190128,2.796679186861783,mse_only,64,4.033417031735163,0.4184351720489628,3.4518522037841257,25.87896504998207,1.346755071543157,context_unaware,0.6928989355385835,0.5862638955004513,3.619040099903941,0.5444758867379278
