{
  "train": [
    {
      "epoch": 0,
      "step": 0,
      "query_source": "no_context",
      "memory_mode": "topk",
      "layer": 16,
      "alpha": 0.75,
      "memory_tokens": 64,
      "loss": 3.865596055984497,
      "mse": 1.8874611854553223,
      "cosine_loss": 0.9995124936103821,
      "kl": 19.228473663330078,
      "patched_ce": 8.168087005615234,
      "teacher_ce": 2.6258296966552734
    },
    {
      "epoch": 0,
      "step": 1,
      "query_source": "no_context",
      "memory_mode": "topk",
      "layer": 16,
      "alpha": 0.75,
      "memory_tokens": 64,
      "loss": 3.3956587314605713,
      "mse": 2.6133151054382324,
      "cosine_loss": 0.894252598285675,
      "kl": 5.386905670166016,
      "patched_ce": 3.3414790630340576,
      "teacher_ce": 0.41797658801078796
    }
  ],
  "eval_rows": [
    {
      "query_source": "no_context",
      "memory_mode": "topk",
      "layer": 16,
      "alpha": 0.75,
      "memory_tokens": 64,
      "teacher_ce": 2.6258296966552734,
      "no_context_ce": 6.850780963897705,
      "patched_ce": 4.259068489074707,
      "patched_kl": 17.746206283569336,
      "no_context_kl": 19.402379989624023,
      "patched_top1_match": 0.0,
      "no_context_top1_match": 0.0,
      "attn_mse": 1.2929288148880005
    },
    {
      "query_source": "no_context",
      "memory_mode": "topk",
      "layer": 16,
      "alpha": 0.75,
      "memory_tokens": 64,
      "teacher_ce": 0.41797658801078796,
      "no_context_ce": 5.424599647521973,
      "patched_ce": 4.797582626342773,
      "patched_kl": 5.092519283294678,
      "no_context_kl": 5.395748138427734,
      "patched_top1_match": 0.0,
      "no_context_top1_match": 0.0,
      "attn_mse": 2.04227876663208
    }
  ],
  "summary": {
    "layer": 16,
    "alpha": 0.75,
    "memory_tokens": 64.0,
    "teacher_ce": 1.5219031423330307,
    "no_context_ce": 6.137690305709839,
    "patched_ce": 4.52832555770874,
    "patched_kl": 11.419362783432007,
    "no_context_kl": 12.399064064025879,
    "patched_top1_match": 0.0,
    "no_context_top1_match": 0.0,
    "attn_mse": 1.6676037907600403,
    "query_source": "no_context",
    "memory_mode": "topk",
    "cuda_peak_memory_bytes": 0
  }
}