attention_output_cos,attention_output_cos_ci95_high,attention_output_cos_ci95_low,attention_route_js,attention_route_js_ci95_high,attention_route_js_ci95_low,attention_route_overlap,attention_route_overlap_ci95_high,attention_route_overlap_ci95_low,ce_delta,ce_delta_ci95_high,ce_delta_ci95_low,k_cos,k_cos_ci95_high,k_cos_ci95_low,kv_joint_consistency,kv_joint_consistency_ci95_high,kv_joint_consistency_ci95_low,kv_mse,kv_mse_ci95_high,kv_mse_ci95_low,kv_relative_mse,kv_relative_mse_ci95_high,kv_relative_mse_ci95_low,logit_kl,logit_kl_ci95_high,logit_kl_ci95_low,method,n,top1_match,top1_match_ci95_high,top1_match_ci95_low,v_cos,v_cos_ci95_high,v_cos_ci95_low
0.290577638511,0.3003533997752056,0.2804435361727445,0.28982083613352316,0.29306924212594043,0.2869519213170341,0.3242592603211441,0.33385740819594506,0.3142911276443556,7.920744745759293,9.177499120513676,6.611060665379045,0.899091132716941,0.9000849991022343,0.8979893022615995,0.44058847985953825,0.4451887656043254,0.43575880534190214,40.243714195218416,41.08488643233239,39.40474839029499,0.40226328533234273,0.40565694039167804,0.39929389206325666,6.609754250010726,7.507640688335644,5.75129615843546,pure_translate/mse_only,64,0.19605316827073693,0.2709914480044972,0.1280713957035914,0.5736759171372147,0.5778109177974069,0.569425899424823
