answer_f1,attention_js,attention_output_cos,ce_delta,final_answer_exact_match,k_cos,kv_joint_consistency,kv_mse,logit_kl,method,n,readout_loss,readout_output_cos,readout_output_mse,receiver_cache_reconstruction_loss,receiver_native_ce,receiver_prompt_mode,route_overlap,top1_match,translated_ce,v_cos
0.6515337692707217,0.21193847859155668,0.6601558477850631,0.16208765748888254,0.46875,0.8674764452568654,0.3921177064268185,29.520341683802528,0.6105536073476048,q_aware_functional,64,2.349688812422106,0.38227569226208813,1.7319645046841936,29.520343333482742,1.3275520633906126,context_aware,0.6045648276340216,0.762763318605721,1.4896397208794951,0.4942252892901057
0.575944857865726,0.21390780976071255,0.5852076796665122,0.6637848140671849,0.28125,0.8674764452568654,0.3921177064268185,29.520341683802528,1.2522902684436947,q_aware_functional,64,2.611544675654581,0.3827201606722415,1.9942648363268225,29.520343333482742,1.346755071543157,context_unaware,0.6080337117392836,0.6384330382570624,2.010539885610342,0.4942252892901057
