answer_f1,attention_js,attention_output_cos,ce_delta,k_cos,kv_joint_consistency,kv_mse,logit_kl,method,method_group,n,readout_loss,readout_output_cos,readout_output_mse,receiver_cache_reconstruction_loss,receiver_native_ce,receiver_prompt_mode,route_overlap,top1_match,translated_ce,v_cos
0.21210985195360194,0.3023716760487462,0.5143819993370147,-3.4280510265380144,0.8989237951713481,0.4946977561838659,34.07510581395269,2.5653824408889396,paper_rec_then_mixed_generation,paper,64,5.169375797074281,0.3201397773648621,4.489515574439142,34.07510760426521,7.473837772384286,context_aware,0.4792396118781263,0.3979690952692181,4.045786743983626,0.6065970697673038
0.10607678677531618,0.2963489562503777,0.44296319083410446,-2.651106992736459,0.8989237951713481,0.4946977561838659,34.07510581395269,3.007302399658602,paper_rec_then_mixed_generation,paper,64,5.019771217112327,0.35389262971317037,4.373663846825496,34.07510760426521,7.335064377635717,context_unaware,0.5013013691308775,0.34859645972028375,4.683957386761904,0.6065970697673038
0.16243847298534797,0.15091589518955775,0.5604333274282647,3.5726015269756317,0.9328381242895765,0.5742236690379545,29.441298214678163,4.025028989884953,mse_only,baseline,64,3.705720021637717,0.48730250240104006,3.1930225240387564,29.44129964709282,7.473837772384286,context_aware,0.6003766947292856,0.3457487861160189,11.046439303085208,0.6623428108702812
0.09913862179487179,0.1527651080627298,0.5299951855891518,3.8182501643896103,0.9328381242895765,0.5742236690379545,29.441298214678163,4.5767618713057825,mse_only,baseline,64,3.7319504583115624,0.5158305890293247,3.2477810473408875,29.44129964709282,7.335064377635717,context_unaware,0.6225569597279121,0.26027124281972647,11.153314497321844,0.6623428108702812
0.20215420302736478,0.30500191822959877,0.5420981249231513,-3.0257377419620752,0.9021114317168082,0.49438807235336363,34.04191307227224,1.9137454712416702,mse_then_ce,baseline,64,5.180531329560316,0.3194337648905535,4.49996509445087,34.04191446304321,7.473837772384286,context_aware,0.48479298312616137,0.4449810665100813,4.448100031353533,0.6084956428967416
0.13046903056094233,0.29927441096515395,0.4139827452683156,-2.7325179278850555,0.9021114317168082,0.49438807235336363,34.04191307227224,2.7481235622795244,mse_then_ce,baseline,64,5.020975313850581,0.3556358139474014,4.3766111277979824,34.04191446304321,7.335064377635717,context_unaware,0.4979455329677357,0.3491105283610523,4.602546453475952,0.6084956428967416
