attention_output_cos,attention_output_cos_ci95_high,attention_output_cos_ci95_low,attention_route_js,attention_route_js_ci95_high,attention_route_js_ci95_low,attention_route_overlap,attention_route_overlap_ci95_high,attention_route_overlap_ci95_low,ce_delta,ce_delta_ci95_high,ce_delta_ci95_low,k_cos,k_cos_ci95_high,k_cos_ci95_low,kv_joint_consistency,kv_joint_consistency_ci95_high,kv_joint_consistency_ci95_low,kv_mse,kv_mse_ci95_high,kv_mse_ci95_low,kv_relative_mse,kv_relative_mse_ci95_high,kv_relative_mse_ci95_low,logit_kl,logit_kl_ci95_high,logit_kl_ci95_low,method,n,top1_match,top1_match_ci95_high,top1_match_ci95_low,v_cos,v_cos_ci95_high,v_cos_ci95_low
0.050437006003928024,0.05965099170954227,0.041007158214127364,0.511552334704902,0.5154147410754896,0.5077789045905644,0.18039166763732542,0.18566108575687396,0.17543683157850215,-2.1623098887503147,-1.4347456076415261,-3.022333596786484,0.8184606769188707,0.8197116130572145,0.8171172741725707,0.2098383542834199,0.2131866342814257,0.20621897899613292,48.18210577305971,49.01801048136798,47.326140175032776,0.6707266789910916,0.672739832863694,0.6688739275604478,2.3674680812298465,2.7801651549110797,1.9610572262439228,pure_translate/mse_ce,64,0.4274790370836854,0.5123303976259195,0.3501450944575481,0.30050522250738665,0.3036383629679871,0.2970208947932406
