{
  "status": "complete",
  "teacher_index": "/home/yezhe/\u4f2a\u67e5\u8be2/runs/p2a2_query_output_native_kv_qwen3_8b_seed1234/cache_native_kv_pairs/train/index.json",
  "pairs": 512,
  "examples": 1024,
  "shape": [
    36,
    8
  ],
  "minimum": 1.4328746795654297,
  "maximum": 16.605897903442383,
  "mean": 2.4497811794281006
}