answer_f1,attention_js,attention_output_cos,ce_delta,final_answer_exact_match,k_cos,kv_joint_consistency,kv_mse,logit_kl,method,n,readout_loss,readout_output_cos,readout_output_mse,receiver_cache_reconstruction_loss,receiver_native_ce,receiver_prompt_mode,route_overlap,top1_match,translated_ce,v_cos
0.6776787542626569,0.3011992411451906,0.6046848180897845,0.20901573356240988,0.484375,0.8126045610341761,0.2714183334610425,2.0400278064641704,0.6149413049232032,q_aware_functional,64,1.0138687381741218,0.13708038026548922,0.15094911843961098,2.040027813985944,1.1328588258475065,context_aware,0.5842810523592763,0.7780288448557258,1.3418745594099164,0.36197884483650944
0.6587600701164628,0.2961347140808357,0.712463584379293,0.3094009170308709,0.9375,0.8126045610341761,0.2714183334610425,2.0400278064641704,0.8006843954115194,q_aware_functional,64,1.0072120610065933,0.151015117342739,0.15822717834933225,2.040027813985944,1.196490852162242,context_unaware,0.5862241067742515,0.7660333570092916,1.5058917691931129,0.36197884483650944
