{
  "status": "complete",
  "args": {
    "model": "/home/yezhe/all_models/models/Qwen/Qwen3-8B",
    "train_index": "/home/yezhe/伪查询/runs/p2a_full_native_kv_reader_qwen3_8b_seed1234/cache_native_kv_rerun/train/index.json",
    "out": "/home/yezhe/伪查询/runs/p2a_full_native_kv_reader_qwen3_8b_seed1234/train_gate_only_rerun",
    "max_pairs": 64,
    "epochs": 1,
    "max_length": 256,
    "max_gate": 0.5,
    "gate_init": 0.0,
    "reader_rank": 0,
    "cf_weight": 0.5,
    "cf_margin": 0.5,
    "lr": 0.005,
    "weight_decay": 0.0,
    "gradient_accumulation": 4,
    "seed": 1234,
    "device": "cuda",
    "dtype": "float16"
  },
  "pairs": 64,
  "steps": 64,
  "checkpoint": "/home/yezhe/伪查询/runs/p2a_full_native_kv_reader_qwen3_8b_seed1234/train_gate_only_rerun/checkpoint_latest.pt",
  "final_gates": [
    0.03682690113782883,
    -0.039750076830387115,
    -0.03847748041152954,
    0.03952943906188011,
    -0.03619205206632614,
    0.03678212687373161,
    -0.004722770769149065,
    0.033475760370492935,
    -0.038798872381448746,
    -0.03391363099217415,
    0.0320257730782032,
    -0.03989286720752716,
    -0.03911376744508743,
    0.0349104106426239,
    0.03929229453206062,
    0.03683074191212654,
    -0.005548043642193079,
    0.03632164001464844,
    0.02454518899321556,
    0.03846941515803337,
    0.009648792445659637,
    -0.040020380169153214,
    -0.03480849042534828,
    0.03130617365241051,
    -0.03877662867307663,
    0.0019187143770977855,
    -0.031152626499533653,
    0.010927068069577217,
    0.03909754008054733,
    -0.03225265070796013,
    0.020719138905405998,
    0.03978125751018524,
    0.036191973835229874,
    0.04027976095676422,
    0.03577079623937607,
    -0.03920528292655945
  ]
}