answer_f1,attention_js,attention_output_cos,ce_delta,k_cos,kv_joint_consistency,kv_mse,logit_kl,method,n,readout_loss,readout_output_cos,readout_output_mse,receiver_native_ce,route_overlap,top1_match,translated_ce,v_cos
0.3050989145658263,0.3478310348062743,0.6502958220205204,-2.21209042519331,0.8581741986729736,0.41449196195337984,40.841380849387605,3.049497030505072,mse_then_ce,64,4.467556636872489,0.2321112869298564,3.6996679238023455,4.815199664190004,0.3708768461271705,0.44766809162683785,2.603109256386233,0.5330879272493934
