condition,n,exact_match,token_f1,answer_found_rate,eos_rate,mean_generated_tokens,own_answer_rate
correct,512,0.2265625,0.3369140625,0.447265625,1.0,15.529296875,0.2265625
corrupted,512,0.96484375,0.96484375,0.96484375,0.955078125,38.3671875,0.0
mismatched,512,0.0,0.0,0.44921875,1.0,15.46875,0.22265625
question_only,512,0.0,0.0,0.96484375,0.9609375,38.375,0.0
shuffled,512,0.0,0.0,0.44921875,1.0,15.458984375,0.21484375
state_ablation,512,0.001953125,0.0029296875,0.546875,0.97265625,32.31640625,0.001953125
state_swap,512,0.2265625,0.3369140625,0.447265625,1.0,15.529296875,0.220703125
zero,512,0.96875,0.96875,0.96875,0.95703125,38.4609375,0.0
