condition,n,accuracy,memory_answer_hit_rate,mean_confidence
correct,128,0.9921875,0.9921875,0.9857898931950331
counterfactual_state_swap,128,0.0,0.9921875,0.9857898931950331
shuffled_state,128,0.0,1.0,0.9825091939419508
