all_native_gold_acc,all_token_top1_match,all_translated_gold_acc,critical_matched_native_gold_acc,critical_native_gold_acc,critical_token_count,critical_top1_match,critical_translated_gold_acc,matched_native_correct_count,matched_token_count,matched_token_native_gold_acc,matched_token_translated_gold_acc,method,n,native_ce,native_teacher_forced_answer_f1,native_teacher_forced_final_answer_exact_match,native_top1_gold_acc,noncritical_native_gold_acc,noncritical_top1_match,noncritical_translated_gold_acc,receiver_prompt_mode
0.2672585272230208,0.4449810665100813,0.3053047270514071,0.4767857160080563,0.23806423950009048,2.90625,0.45724826911464334,0.2648871571291238,1.28125,2.1875,0.48713078547497185,0.48713078547497185,mse_then_ce,64,7.473837772384286,0.22718467194570133,0.015625,0.2672585272230208,0.39425770412473116,0.43102241088362303,0.5266106444246629,context_aware
0.28938210755586624,0.3491105283610523,0.24584179278463125,0.41203346405480357,0.2513020869810134,2.90625,0.34869792009703815,0.18550347490236163,0.921875,1.796875,0.47481481896506417,0.47481481896506417,mse_then_ce,64,7.335064377635717,0.22495252908855848,0.015625,0.28938210755586624,0.4334733906914206,0.36659664003288045,0.5598739508320304,context_unaware
