condition,n,accuracy,memory_answer_hit_rate,mean_confidence
a_only,128,0.0234375,0.0234375,0.11915238772053272
answer_masked,128,0.03125,0.03125,0.12284816231112927
b_only,128,0.03125,0.03125,0.10972314409445971
correct,128,0.0234375,0.0234375,0.12496418092632666
counterfactual_state_swap,128,0.0234375,0.0234375,0.12496418092632666
question_only,128,0.0234375,0.0234375,0.11659571703057736
shuffled_state,128,0.03125,0.015625,0.12484881380805746
