{
  "train": [
    {
      "epoch": 0,
      "step": 0,
      "query_source": "no_context",
      "memory_mode": "topk",
      "layer": 12,
      "alpha": 1.0,
      "memory_tokens": 64,
      "loss": 1.828192949295044,
      "mse": 0.9914597272872925,
      "attn_cosine": -0.022175943478941917,
      "cosine_loss": 1.022175908088684,
      "kl": 6.241171836853027,
      "patched_ce": 3.2023937702178955,
      "teacher_ce": 0.41797658801078796
    },
    {
      "epoch": 0,
      "step": 1,
      "query_source": "no_context",
      "memory_mode": "topk",
      "layer": 12,
      "alpha": 1.0,
      "memory_tokens": 64,
      "loss": 2.670604705810547,
      "mse": 0.818054735660553,
      "attn_cosine": 0.0790155753493309,
      "cosine_loss": 0.9209844470024109,
      "kl": 20.851062774658203,
      "patched_ce": 6.257997989654541,
      "teacher_ce": 2.6258296966552734
    }
  ],
  "eval_rows": [
    {
      "query_source": "no_context",
      "memory_mode": "topk",
      "layer": 12,
      "alpha": 1.0,
      "memory_tokens": 64,
      "teacher_ce": 2.6258296966552734,
      "no_context_ce": 6.850780963897705,
      "patched_ce": 1.742215633392334,
      "patched_kl": 17.58495330810547,
      "no_context_kl": 19.402379989624023,
      "patched_top1_match": 0.0,
      "no_context_top1_match": 0.0,
      "patched_top5_match": 0.0,
      "no_context_top5_match": 0.0,
      "patched_top10_match": 0.0,
      "no_context_top10_match": 0.0,
      "attn_mse": 0.8424026966094971,
      "attn_cosine": 0.16071581840515137
    },
    {
      "query_source": "no_context",
      "memory_mode": "topk",
      "layer": 12,
      "alpha": 1.0,
      "memory_tokens": 64,
      "teacher_ce": 0.41797658801078796,
      "no_context_ce": 5.424599647521973,
      "patched_ce": 3.525928020477295,
      "patched_kl": 5.030168056488037,
      "no_context_kl": 5.395748138427734,
      "patched_top1_match": 0.0,
      "no_context_top1_match": 0.0,
      "patched_top5_match": 0.0,
      "no_context_top5_match": 0.0,
      "patched_top10_match": 0.0,
      "no_context_top10_match": 0.0,
      "attn_mse": 0.750469982624054,
      "attn_cosine": 0.4142647087574005
    }
  ],
  "summary": {
    "layer": 12,
    "alpha": 1.0,
    "memory_tokens": 64.0,
    "teacher_ce": 1.5219031423330307,
    "no_context_ce": 6.137690305709839,
    "patched_ce": 2.6340718269348145,
    "patched_kl": 11.307560682296753,
    "no_context_kl": 12.399064064025879,
    "patched_top1_match": 0.0,
    "no_context_top1_match": 0.0,
    "patched_top5_match": 0.0,
    "no_context_top5_match": 0.0,
    "patched_top10_match": 0.0,
    "no_context_top10_match": 0.0,
    "attn_mse": 0.7964363396167755,
    "attn_cosine": 0.28749026358127594,
    "query_source": "no_context",
    "memory_mode": "topk",
    "cuda_peak_memory_bytes": 0
  }
}