answer_f1,attention_js,attention_output_cos,ce_delta,k_cos,kv_joint_consistency,kv_mse,logit_kl,method,n,readout_loss,readout_output_cos,readout_output_mse,receiver_native_ce,regime,route_overlap,top1_match,translated_ce,v_cos
0.2802487341090282,0.13772793609158335,0.7603503166298782,-0.5184037426952273,0.9166081552726351,0.5904416251370483,37.53452549060778,0.9730147692747818,mse_only,64,4.315735491847513,0.43275943407234,3.748494925919853,4.815199664190004,mse_only,0.48406597897909315,0.6537997215054929,4.2967959232628345,0.6207713553615447
0.3050989145658263,0.3478310348062743,0.6502958220205204,-2.21209042519331,0.8581741986729736,0.41449196195337984,40.841380849387605,3.049497030505072,mse_then_ce,64,4.467556636872489,0.2321112869298564,3.6996679238023455,4.815199664190004,mse_then_ce,0.3708768461271705,0.44766809162683785,2.603109256386233,0.5330879272493934
0.3461331407563025,0.06696458195074229,0.7333760687283107,-2.1678294111043215,0.8229143637498574,0.4470303564272139,42.284890307234235,0.9579983158470473,q_aware_functional,64,1.252420508625164,0.830438493152282,1.082859001777446,4.815199664190004,q_aware_functional,0.4886525036251571,0.5690594608895481,2.647370234481059,0.5574870403340485
