all_native_gold_acc,all_token_top1_match,all_translated_gold_acc,critical_matched_native_gold_acc,critical_native_gold_acc,critical_token_count,critical_top1_match,critical_translated_gold_acc,matched_native_correct_count,matched_token_count,matched_token_native_gold_acc,matched_token_translated_gold_acc,method,n,native_ce,native_teacher_forced_answer_f1,native_teacher_forced_final_answer_exact_match,native_top1_gold_acc,noncritical_native_gold_acc,noncritical_top1_match,noncritical_translated_gold_acc,receiver_prompt_mode
0.2672585272230208,0.3979690952692181,0.31199439126066864,0.5389082475406367,0.23806423950009048,2.90625,0.3915798654779792,0.2619791703764349,1.296875,2.09375,0.5323487886538109,0.5323487886538109,paper_rec_then_mixed_generation,64,7.473837772384286,0.22718467194570133,0.015625,0.2672585272230208,0.39425770412473116,0.415616248460377,0.5315126057933358,context_aware
0.28938210755586624,0.34859645972028375,0.21794677013531327,0.4146825414564874,0.2513020869810134,2.90625,0.350434031104669,0.1733940993435681,0.921875,1.78125,0.4925396856334474,0.4925396856334474,paper_rec_then_mixed_generation,64,7.335064377635717,0.22495252908855848,0.015625,0.28938210755586624,0.4334733906914206,0.37464986193706007,0.4373249310780974,context_unaware
