answer_f1,attention_js,attention_output_cos,ce_delta,final_answer_exact_match,k_cos,kv_joint_consistency,kv_mse,logit_kl,method,n,readout_loss,readout_output_cos,readout_output_mse,receiver_cache_reconstruction_loss,receiver_native_ce,receiver_prompt_mode,route_overlap,top1_match,translated_ce,v_cos
0.6505939281488227,0.27845810089430806,0.6527111908154828,0.3816933110356331,0.546875,0.8846236075208123,0.40465327960971215,29.223095771156554,0.8419164422639676,mse_then_ce,64,4.663333495553518,0.24709533515998114,3.9104288307134993,29.22309735417366,1.3275520633906126,context_aware,0.6020154046460189,0.7528097936883569,1.7092453744262457,0.49396249254433705
0.5802487731250551,0.27594961094603476,0.5792431174444832,0.7805644487962127,0.328125,0.8846236075208123,0.40465327960971215,29.223095771156554,1.428315203583567,mse_then_ce,64,4.8214676912467835,0.2601373848295095,4.081605076076292,29.22309735417366,1.346755071543157,context_unaware,0.6037159665720537,0.6300269211642444,2.127319522202015,0.49396249254433705
