attention_output_cos,attention_output_cos_ci95_high,attention_output_cos_ci95_low,attention_route_js,attention_route_js_ci95_high,attention_route_js_ci95_low,attention_route_overlap,attention_route_overlap_ci95_high,attention_route_overlap_ci95_low,ce_delta,ce_delta_ci95_high,ce_delta_ci95_low,k_cos,k_cos_ci95_high,k_cos_ci95_low,kv_joint_consistency,kv_joint_consistency_ci95_high,kv_joint_consistency_ci95_low,kv_mse,kv_mse_ci95_high,kv_mse_ci95_low,kv_relative_mse,kv_relative_mse_ci95_high,kv_relative_mse_ci95_low,logit_kl,logit_kl_ci95_high,logit_kl_ci95_low,method,n,top1_match,top1_match_ci95_high,top1_match_ci95_low,v_cos,v_cos_ci95_high,v_cos_ci95_low
0.004902411013751313,0.005495572730321336,0.004340620854513182,0.5273526930998611,0.5314568549039125,0.5237152318821504,0.09213692867238674,0.09352627542297602,0.09089441840520261,-1.951700241304934,-1.1578211672138423,-2.899662750447169,0.005609492252371442,0.005940456365511336,0.005324377171699674,3.2009990750988694e-05,0.00015068926644760592,-9.507852789718236e-05,55.25550101725301,56.10592220891298,54.39174412962576,1.3393582850362042,1.3413996702579816,1.3374893351233499,3.2249625892738223,3.877783418294628,2.548728558578031,pure_translate/ce_only,64,0.4545572963543236,0.5419284839066677,0.3666736447717994,0.0032385150609164676,0.0035364457946404364,0.002943749318262893
