answer_f1,attention_js,attention_output_cos,ce_delta,k_cos,kv_joint_consistency,kv_mse,logit_kl,method,n,readout_loss,readout_output_cos,readout_output_mse,receiver_cache_reconstruction_loss,receiver_native_ce,receiver_prompt_mode,route_overlap,top1_match,translated_ce,v_cos
0.1919044701213819,0.20492089664522997,0.5432247548347472,-3.23728509247303,0.8854903041252067,0.48780855656826005,34.47717823256582,0.9103032795599464,q_aware_functional,64,2.000530433608479,0.48191357443907434,1.4824440080475532,34.477179765701294,7.473837772384286,context_aware,0.48276245850138366,0.8079714588820934,4.2365526631474495,0.6069324531459382
0.11101409313725491,0.20584243737175711,0.45350718351047753,-2.2762062922120094,0.8854903041252067,0.48780855656826005,34.47717823256582,1.3964331875244778,q_aware_functional,64,2.0979340124861534,0.49518718930526767,1.5931212017914211,34.477179765701294,7.335064377635717,context_unaware,0.5062373900187335,0.7262023203074932,5.058858094736934,0.6069324531459382
